date,open,high,low,close,volume
2015-01-01,123.23816158034258,123.87644837774286,122.74717288878743,122.94356536865234,406631
2015-01-02,122.9926727588751,125.10392572576936,122.9926727588751,124.56383514404297,347072
2015-01-05,124.90751399538445,125.20211019259462,124.22013285775074,124.76022338867188,466384
2015-01-06,124.95661863523294,125.05481487252061,122.89446768462139,123.18905639648438,320506
2015-01-07,123.48365848155015,123.48365848155015,121.96159050947364,122.64897918701172,450436
2015-01-08,123.23815879489264,125.05481541420772,122.99266445466377,124.51473236083984,467569
2015-01-09,125.15301165192074,125.59490595946832,124.0237436803821,124.51473236083984,459403
2015-01-12,124.907508616172,125.10390856981819,123.58184076960188,124.02373504638672,398795
2015-01-13,124.31833883275955,124.31833883275955,123.38546328832736,123.58185577392578,290604
2015-01-14,123.92554558883919,124.71113051006928,122.64897945670658,123.53276062011719,306653
2015-01-15,124.8093256032523,126.87147663763079,124.2201406637003,126.08589172363281,406881
2015-01-16,126.47869416681947,127.01878474233087,124.6620299538592,125.34941864013672,341415
2015-01-19,125.49671916991765,126.33139099926377,124.71113422528454,125.05482482910156,276720
2015-01-20,125.44761488334976,126.13499607773414,124.5147393349862,125.34941864013672,226660
2015-01-21,125.74221018600275,125.84039893660513,124.61293466757233,125.3003158569336,285664
2015-01-22,125.49671321612337,126.67508308527573,124.71112830875984,125.15301513671875,295720
2015-01-23,125.34941469275718,127.01878074238131,125.34941469275718,126.4295883178711,334290
2015-01-27,126.77329307695267,127.16607805813499,125.69311190302145,125.93860626220703,271654
2015-01-28,125.3003157920253,126.18409695781273,124.22014214134872,124.85842895507812,323746
2015-01-29,124.95662238832249,127.75526393238077,124.95662238832249,127.31336212158203,296811
2015-01-30,127.75526680449839,127.8534555550499,122.9926703810587,124.85842895507812,305205
2015-02-02,124.95662920828737,125.69311228810045,122.79628183759296,123.77825927734375,278935
2015-02-03,124.22014081560356,129.71922023652806,122.74717471897586,123.0417709350586,448465
2015-02-04,124.220136929663,128.14804639779464,123.72914824614654,127.16606903076172,444585
2015-02-05,127.16606692060246,127.65705559597158,125.20211221912598,125.74220275878906,330215
2015-02-06,126.23319060538458,126.92057174963135,125.69310006926742,126.1349868774414,589604
2015-02-09,126.28229918997177,126.92057850421553,125.3985105428043,126.08589172363281,299075
2015-02-10,126.28229439550968,127.5588529755311,125.88949446153084,126.67507934570312,392503
2015-02-11,126.92056555391714,130.60298041524936,126.23318444322534,129.67010498046875,406923
2015-02-12,130.4065913784323,130.79937631377882,129.52280279822534,129.8665008544922,370455
2015-02-13,129.9647057006529,131.04487177406045,127.60795111690152,130.79937744140625,383588
2015-02-16,130.8975809254128,133.30342238420874,130.8975809254128,132.51783752441406,446650
2015-02-18,132.0268826565026,132.5178714465854,130.55391628625426,130.94671630859375,414850
2015-02-19,131.3394856042521,131.58497996986753,127.85346261575567,129.17913818359375,464030
2015-02-20,129.67011826610653,130.06290323137853,128.0498465708412,128.68814086914062,384086
2015-02-23,128.9336321370479,130.5047869443734,126.18409249449631,126.77328491210938,425323
2015-02-24,128.98274181953684,129.62102115747953,125.64400955702683,127.21517944335938,471289
2015-02-25,127.85344398925695,129.3264099683585,126.62597234000566,126.8223648071289,460004
2015-02-26,127.6570629559048,127.6570629559048,125.30031567987872,127.4606704711914,448723
2015-02-27,127.70616500348413,128.63904054503055,124.7111309100678,125.3003158569336,437475
2015-03-02,128.1971516101612,129.13002713644298,126.33138557381179,126.92057800292969,427199
2015-03-03,127.16607278233859,128.6390388763425,125.30031423155502,125.64400482177734,483666
2015-03-04,126.23319060538458,127.85344722995092,125.10391516107124,126.1349868774414,425101
2015-03-05,126.18409794528723,126.3804904317133,124.76023368896536,125.34941864013672,425776
2015-03-09,125.93860004408228,125.98770191025234,124.71112830875984,125.15301513671875,415030
2015-03-10,125.4476105682803,126.08588987315648,124.71112753167591,125.10391998291016,434203
2015-03-11,125.69309688333163,126.96967039530993,125.20210822363111,126.8223648071289,490852
2015-03-12,127.16607994982527,130.65210289887514,127.16607994982527,129.9647216796875,495066
2015-03-13,131.1921945010255,131.58497949106618,130.45571140685908,130.89759826660156,412259
2015-03-16,130.99578892063886,132.56695887114503,130.55390205449245,131.87957763671875,409314
2015-03-17,132.075949805934,133.45071206318815,131.43767054016274,132.46873474121094,546053
2015-03-18,133.05792852709394,134.53089452554883,132.46873613419797,133.40162658691406,582299
2015-03-19,133.5489364161054,133.94172141204967,132.46875520157792,132.7633514404297,515121
2015-03-20,133.05794079008555,133.49982763359057,127.85345745246147,128.88453674316406,611125
2015-03-23,129.42462066419958,130.2102055587864,128.09894521809775,129.37551879882812,462127
2015-03-24,129.81740775616277,132.46874370821715,129.32641906193842,131.24127197265625,590946
2015-03-25,131.92868196866738,132.56696134458932,131.14309697875677,132.02687072753906,410766
2015-03-26,132.07595625173732,132.1741599822417,130.55388833163306,131.09397888183594,401761
2015-03-27,131.33947274781534,133.64712555222573,130.16110290496584,131.9286651611328,681072
2015-03-30,132.3214547085784,134.92368882621597,132.02685849169075,133.94171142578125,486358
2015-03-31,134.0890245327214,134.67820201569407,131.5849790246736,132.61605834960938,455009
2015-04-01,133.15614758079474,134.67820063403295,132.51785325105567,134.28541564941406,437372
2015-04-06,134.48178377508683,136.00385153632962,134.03989700150896,134.62908935546875,410211
2015-04-07,134.87461054663618,136.20027113151298,129.52282138585696,130.0629119873047,450801
2015-04-08,130.55390961720488,132.86156280622825,129.13004519545746,132.32147216796875,432532
2015-04-09,132.56694510173548,133.4016318607051,130.70119409011417,131.97775268554688,420724
2015-04-10,132.0759454840215,132.5669341289435,126.18408174495734,132.22323608398438,522782
2015-04-13,132.2232684214532,133.05795531547136,130.01381897894538,132.32147216796875,430411
2015-04-15,132.37056545674926,133.4507316794295,129.91562179094822,131.83047485351562,401732
2015-04-16,132.12507200499866,133.45073260343784,130.65210579531927,131.87957763671875,525681
2015-04-17,132.27235740354223,133.1070442162124,130.6029987619884,131.58497619628906,481803
2015-04-20,131.83045663531092,132.07595096796513,130.11199630673144,130.79937744140625,512991
2015-04-21,131.09397704455773,131.4867619934992,130.4065958920175,130.9957733154297,469332
2015-04-22,131.09397796354105,132.2723478024113,130.06289873561005,131.0448760986328,424053
2015-04-23,131.58496756678664,131.977752521233,130.75028080885625,131.09397888183594,423653
2015-04-24,131.1430926313237,131.9286775951919,130.5539001624758,130.89759826660156,499462
2015-04-27,131.09399838602565,132.22326653591074,130.0138171249103,130.45571899414062,426719
2015-04-28,130.60299823593243,133.05794181179584,130.60299823593243,132.41966247558594,855415
2015-04-29,132.56693918487676,132.71422979045713,131.0939731939337,131.63406372070312,417834
2015-04-30,132.02684127646737,132.51782991266379,130.01378487130512,130.35748291015625,405786
2015-05-04,130.6520870597079,134.579996388921,130.60298519633574,133.40162658691406,421702
2015-05-05,133.5489128563394,135.7583617822715,132.66513927948037,133.1561279296875,478267
2015-05-06,133.15614172657516,133.40163607711548,131.0939831885222,131.3394775390625,470812
2015-05-07,132.2723422970056,132.2723422970056,129.57190466108986,129.8665008544922,412728
2015-05-08,131.33947626810453,133.54892540158667,130.9466913045554,133.0088348388672,541579
2015-05-11,133.20523019689017,134.4327019642179,133.05793957832532,134.0399169921875,374500
2015-05-12,133.99081791356838,134.03991978204073,130.99578374219405,131.58497619628906,466196
2015-05-13,132.27233137791515,133.64710850570975,131.63405216472083,132.71421813964844,488845
2015-05-14,132.91064222108426,135.5128762423692,132.51784228518292,133.64712524414062,446338
2015-05-15,134.03991515933913,135.66017187654202,133.3034321090131,133.94171142578125,653248
2015-05-18,134.0399212880806,135.56198932510551,133.15614758079474,134.28541564941406,463336
2015-05-19,134.38360391921734,134.7272869952525,132.95972480034962,133.40162658691406,623575
2015-05-20,133.35253333695823,135.4146768777207,133.20522773732708,133.8926239013672,496514
2015-05-21,133.9417132572868,135.80747933389668,133.5489282852564,134.0399169921875,514292
2015-05-22,134.0399145172124,134.72729569746656,133.54892581934715,133.8926239013672,474903
2015-05-25,134.13812649002531,135.26739457096875,133.30343965886757,133.4998321533203,552169
2015-05-26,133.54891719324556,135.5128718578521,133.2543209967976,133.40162658691406,505298
2015-05-27,133.35254152842748,134.38362085403796,133.05794529485493,133.4998321533203,533844
2015-05-28,133.74531399027686,134.23630267231442,132.02685360314536,133.64712524414062,433787
2015-05-29,133.74531507132994,135.26738299470625,133.74531507132994,134.5800018310547,431106
2015-06-01,134.72728606593878,135.07098412338817,132.76333141487908,133.35252380371094,505258
2015-06-02,133.598015570729,134.08900422406958,131.24126104442345,131.48675537109375,428429
2015-06-03,131.87954628104694,132.4196367596083,129.03180329580704,130.1119842529297,516045
2015-06-04,130.40658932401521,132.07594774861627,130.2592837377423,131.48675537109375,451400
2015-06-05,131.58497528121683,132.8615489336874,131.290379056218,131.53587341308594,427133
2015-06-08,131.5849837980342,133.10705190588834,130.79939880845262,131.14309692382812,571590
2015-06-09,131.14310455127395,131.83048583821648,130.50481015470794,130.7012176513672,433695
2015-06-10,130.8975988244318,131.53587818191468,129.57192325576804,130.0629119873047,468857
2015-06-11,130.16110802554547,130.75028547825588,129.57191558904898,129.6210174560547,444658
2015-06-12,130.06290677073872,130.45570673048582,129.32642370297262,129.768310546875,332478
2015-06-15,130.11200043007796,131.92866454280454,129.62101174920974,130.16110229492188,357220
2015-06-16,130.60299499387696,130.84848934536922,129.62101758790797,130.50479125976562,359729
2015-06-17,130.65210063046075,132.0759649134394,130.6029987619884,131.58497619628906,381839
2015-06-18,131.5849790246736,133.00884333825783,131.5849790246736,132.61605834960938,420717
2015-06-19,133.0088366711404,134.23630842887295,132.37055735063393,133.10704040527344,391553
2015-06-22,133.15613918144317,134.8254977364521,133.0579354495897,134.67819213867188,396882
2015-06-23,135.02187996322692,135.365578014829,133.7453064649995,134.08900451660156,365530
2015-06-24,134.1871964657287,134.43269079880451,132.37054739123863,133.40162658691406,464578
2015-06-25,133.5489373339302,133.99082420335122,132.61606172431095,132.8124542236328,379013
2015-06-26,133.05794859373194,133.94172233257396,132.61606172431095,132.8124542236328,361461
2015-06-29,133.00884573729144,133.00884573729144,131.33948702974556,131.87957763671875,382827
2015-06-30,131.8795742555266,133.10704606545556,131.5849780243863,131.6831817626953,447264
2015-07-01,131.97774608022235,133.15613085362284,131.63406300780122,132.46873474121094,367808
2015-07-02,132.61603691454226,133.10702556288652,131.78135021884324,132.2723388671875,362341
2015-07-03,132.76333942453698,133.54892432911245,131.58496955956667,132.07595825195312,449158
2015-07-06,132.41967071438808,132.91065946010877,131.09399510742722,132.02687072753906,404932
2015-07-07,132.12506011794892,133.25432811692343,131.8304639057599,132.07595825195312,391575
2015-07-08,132.1250493869175,132.51783431541085,129.81739672661158,130.6029815673828,381047
2015-07-09,130.84848637045278,132.51784492588902,130.84848637045278,131.1921844482422,370334
2015-07-10,131.6340771493477,131.97776025869095,130.94669594687474,131.53587341308594,397512
2015-07-13,131.58497528121683,132.17416773121445,131.38858279247975,131.53587341308594,262970
2015-07-14,131.58498385314792,132.17417634152773,131.14309697875677,132.02687072753906,362946
2015-07-15,132.1250516687898,133.45071206318815,131.97774608022235,132.46873474121094,400102
2015-07-16,132.76334897440583,133.10704707731338,131.92867712758112,132.61605834960938,477795
2015-07-17,132.71422750194978,132.91063495104993,132.07594824372813,132.37054443359375,395091
2015-07-20,132.86153031265357,133.00882091261644,132.0759454840215,132.22323608398438,393692
2015-07-21,132.61604569926297,132.86154003969708,129.52280801952193,130.16110229492188,304586
2015-07-22,130.60298589022923,131.58496322774977,130.45569528311518,130.84848022460938,426662
2015-07-23,131.5358895770159,131.5358895770159,130.60301390303755,130.7012176513672,380394
2015-07-24,131.04487177406045,131.63406416594455,130.60298497203988,130.79937744140625,813792
2015-07-27,131.2903702674046,131.3885739970924,130.06289856523406,130.16110229492188,254069
2015-07-28,130.40659988537624,130.60299236586096,129.03182255441146,129.47372436523438,405331
2015-07-29,129.81738808427954,130.25927484536297,129.32639946445718,130.1119842529297,393925
2015-07-30,130.01381381887106,131.48678005541623,130.01381381887106,131.14309692382812,422477
2015-07-31,131.33949219863268,132.41967345508982,131.24128845394105,132.17417907714844,410736
2015-08-03,132.32144185116417,133.45070975842094,130.06289105286606,130.6029815673828,482343
2015-08-04,131.78135819709797,132.0268525361327,130.65209023105223,130.9957733154297,401911
2015-08-05,131.0939902969696,133.25433770210984,131.0939902969696,132.61605834960938,434934
2015-08-06,132.86156037520976,137.5259535573801,132.12507724118285,133.05795288085938,1034914
2015-08-07,133.35253150969436,134.62910510340893,133.05793529825473,133.79441833496094,620800
2015-08-10,133.84352450617232,134.4327019642179,133.64713202015713,134.0399169921875,493717
2015-08-11,135.02189149057475,135.02189149057475,132.4196573935435,133.0088348388672,420324
2015-08-12,133.10702463511458,133.10702463511458,132.02684362277242,132.22323608398438,367792
2015-08-13,132.3705611404869,133.49982919641806,131.19219121608342,131.58497619628906,480555
2015-08-14,131.92866715010678,133.1561388765358,131.38857659372084,132.91064453125,421993
2015-08-17,133.05794429072628,133.25433678369694,132.32146120424625,132.56695556640625,390551
2015-08-18,133.05792555409042,133.05792555409042,131.73225019158747,132.37054443359375,418090
2015-08-19,132.46875365334876,133.0579461241661,132.223259287806,132.6651611328125,404601
2015-08-20,132.71424175904895,133.25433233452546,131.33947937036893,131.43768310546875,441178
2015-08-21,132.17417195991405,132.22325884582895,130.6030020321776,130.89759826660156,368585
2015-08-24,130.7011923890484,130.7502792699373,128.93363014727282,129.27731323242188,322789
2015-08-25,131.09396999482286,131.09396999482286,129.22821911200586,129.71920776367188,291922
2015-08-26,129.96471121571463,130.4556999018582,129.13002445575634,129.37551879882812,354514
2015-08-27,129.81740578121685,130.60299067678167,129.52280957240683,130.25929260253906,376554
2015-08-28,131.04487885042425,131.83046375409594,130.45570141050982,131.1921844482422,365397
2015-08-31,131.43768886574765,131.48677575166255,130.65210390187943,130.89759826660156,289870
2015-09-01,130.89759015370186,131.24127325273957,129.52281280619303,129.57191467285156,446949
2015-09-02,130.35750822298408,130.7993950846097,129.7192288655012,130.0629119873047,348841
2015-09-03,130.35749873353754,132.5178459982778,130.16110625197678,132.12506103515625,431757
2015-09-04,132.12505283125296,132.12505283125296,130.55388310875205,130.79937744140625,299792
2015-09-07,131.09396586445092,131.24125646179624,130.21019231281093,130.35748291015625,233013
2015-09-08,131.09397796354105,131.38857416920496,130.0137968707018,131.0448760986328,263419
2015-09-09,131.58498902046614,132.6160684237274,130.5048077439471,132.32147216796875,273264
2015-09-10,132.2723434373315,132.2723434373315,130.6520868353277,130.79937744140625,247802
2015-09-11,131.19218509026248,131.97775501399278,131.09398135790326,131.24127197265625,207214
2015-09-14,131.38857075700267,131.4376726206357,130.50478216296318,130.84848022460938,233276
2015-09-15,131.33950134714448,131.33950134714448,130.6030181620203,130.94671630859375,277753
2015-09-16,131.33947506227435,131.63407127412447,130.75028263857416,131.1921844482422,359159
2015-09-18,131.09398170888727,132.02685723365403,128.04984580303173,129.52281188964844,583647
2015-09-21,130.60299499387696,130.89759121242489,129.27731950230438,130.50479125976562,371658
2015-09-22,131.3426245277083,131.78618010152883,130.60336022455044,130.70193481445312,287124
2015-09-23,130.70194493543505,131.73690300770198,130.55408303913126,131.3919219970703,254991
2015-09-24,131.83547173546495,132.03260588138764,131.2440542573256,131.58905029296875,502218
2015-09-28,131.83548185312654,133.9547004050839,131.78619455277052,132.27903747558594,630963
2015-09-29,132.03261107032102,132.82116272537348,131.6876300614912,131.93405151367188,311529
2015-09-30,132.4761608031061,132.72258224436214,131.39191548580214,132.1311798095703,545130
2015-10-01,132.6732932598234,132.6732932598234,132.0325885691205,132.18045043945312,341120
2015-10-05,132.57472903154937,134.00397031414997,132.52544173758994,133.90541076660156,453320
2015-10-06,134.25041058750685,134.49683205152223,132.96901596655235,133.2647247314453,418089
2015-10-07,133.5111324127855,134.54610546288188,132.96900223984255,134.25039672851562,426667
2015-10-08,134.49683729377938,134.49683729377938,132.52546550481853,132.5747528076172,377464
2015-10-09,133.21543743056773,134.20112328662927,132.82116910429212,133.2647247314453,423585
2015-10-12,133.7082694343729,133.7082694343729,132.03260662404773,132.08189392089844,375440
2015-10-13,132.52544147046893,132.87043748711906,131.3919089135392,131.83546447753906,386098
2015-10-14,132.32831167299116,133.2647101255452,131.3919132204371,132.7225799560547,415563
2015-10-15,133.26471324935454,134.15183946759865,132.72258306715614,133.65899658203125,392510
2015-10-16,134.05327430072157,135.92607138142097,133.95469970052798,134.89111328125,446516
2015-10-19,134.84183884525942,136.51750192580465,134.64470466643772,135.48252868652344,429666
2015-10-20,136.07392431788924,136.6160545024966,134.05326547000968,135.18679809570312,613302
2015-10-21,135.3839481743936,135.8767910653956,134.49682194636716,134.64468383789062,395703
2015-10-23,135.03895124552446,136.51747990879662,134.54610835776705,135.18679809570312,428739
2015-10-26,135.33466961025792,135.38395691061288,134.00398770253616,134.34898376464844,501488
2015-10-27,134.54611792569585,134.98967354814565,134.0532750028911,134.34898376464844,465119
2015-10-28,134.44753600126373,134.743244746913,133.46185020934723,133.5604248046875,411942
2015-10-29,133.80685707401543,134.00399124026723,133.0675926702916,133.70828247070312,324891
2015-10-30,133.75755538926282,133.95468953431657,132.87044421633536,133.16615295410156,335070
2015-11-02,133.41258663407808,133.7082803585985,132.8704564051697,133.2647247314453,355999
2015-11-03,133.60971210235763,134.2011145532846,133.0182946110591,133.5604248046875,458568
2015-11-04,133.80684417200612,135.53179428103752,132.6733115450769,134.15184020996094,464248
2015-11-05,134.743244746913,134.8418193422533,133.51113750701737,133.5604248046875,413844
2015-11-06,133.70826809290656,133.85612998197527,132.6733100712816,133.16615295410156,405665
2015-11-09,132.91973876953125,133.21543248306986,132.4761681184793,132.91973876953125,371632
2015-11-10,133.0675818535599,133.31400330143686,132.08189606205204,132.52545166015625,408612
2015-11-13,134.0532633741693,134.0532633741693,132.5254474379336,132.67330932617188,322153
2015-11-16,132.72258232726665,133.4618466514966,132.27902674080292,133.16615295410156,380986
2015-11-17,133.26472049952363,133.70827611259136,132.72259028783103,133.41258239746094,339484
2015-11-18,133.36328776542322,133.65899650466676,132.57473614089753,132.6240234375,348651
2015-11-19,133.0675783613891,133.85612998197527,132.87044421633536,133.16615295410156,346072
2015-11-20,133.2647066616109,133.8068368170099,132.91972568299008,133.36328125,444937
2015-11-23,133.56042198876926,134.4475331666421,133.41257513924754,133.65899658203125,336543
2015-11-24,133.36328784261656,134.00397757770568,133.06757910320184,133.65899658203125,378700
2015-11-26,133.75755028897595,134.49681458501712,133.60970344591595,133.8561248779297,388584
2015-11-27,133.90542017197532,134.39826306544543,133.56042413039765,134.10255432128906,349043
2015-11-30,134.25041270817516,134.54612147773926,133.51114830445132,133.70828247070312,324559
2015-12-01,134.20112540651903,134.20112540651903,133.26472683654336,133.70828247070312,361312
2015-12-02,133.85613355033678,134.15184229598606,133.06758190872924,133.5604248046875,366611
2015-12-03,133.60970268060223,134.05325824761212,132.9689979368141,133.36328125,404883
2015-12-04,133.5111594104393,133.65902132770748,132.7718949452205,132.82118225097656,513275
2015-12-07,132.87044488014106,133.4618473182569,132.22974010505152,132.6240234375,387770
2015-12-08,133.0675702043982,133.0675702043982,131.6383289399065,131.88475036621094,335761
2015-12-09,131.93404774073363,132.18046918586734,131.19478340533254,131.53976440429688,303266
2015-12-10,131.8847417391571,132.6732932598234,131.68760761908285,132.18045043945312,352515
2015-12-11,132.3775932188198,132.96899561772832,131.58904164657156,131.88475036621094,317951
2015-12-14,132.27903888779628,132.8211691167555,131.73690865883705,132.22975158691406,325925
2015-12-15,132.2297466636158,133.51114123698048,131.49048229902522,132.91973876953125,367706
2015-12-16,133.36327462808265,134.20109842630725,132.9197190830967,133.06756591796875,384332
2015-12-17,133.4618473182569,133.4618473182569,132.37760199485894,132.6240234375,381645
2015-12-18,132.82115683701304,132.91973142966393,131.83547107198882,132.1311798095703,334291
2015-12-21,132.4761681184793,133.21543248306986,132.3776085607571,132.91973876953125,343393
2015-12-22,132.96902041663748,133.65901257127064,132.5747520771669,133.11688232421875,350259
2015-12-23,133.56044073665842,134.3489924723296,133.46186612955952,134.05328369140625,391452
2015-12-24,134.25039976339707,135.03895139274283,133.65899732166625,134.15184020996094,320354
2015-12-28,134.3982572077338,134.6446786437286,134.05326118119265,134.2996826171875,347796
2015-12-29,134.54612147773926,134.74325564399106,133.56043560610746,133.70828247070312,283753
2015-12-30,133.8068382277286,134.39825568355744,133.21542077189974,133.31399536132812,513680
2015-12-31,133.80684343155298,134.00397757770568,133.51113469213826,133.65899658203125,264549
2016-01-01,133.90541714274812,134.49681957731053,133.6097084052813,134.20111083984375,395484
2016-01-04,134.05326911536534,134.59539931471505,133.46185161782532,133.51113891601562,346552
2016-01-05,133.70828687012627,134.79254738074596,133.46186539411028,134.5954132080078,332206
2016-01-06,134.74324332596092,134.98966477134138,133.11686780259845,133.60971069335938,429460
2016-01-07,133.5604204941172,133.75755463806382,132.42688788614583,132.67330932617188,411208
2016-01-08,132.87043179134943,133.5111214629547,132.6240103729828,133.06756591796875,342577
2016-01-11,133.11685905125057,133.11685905125057,132.52544160506977,132.8704376220703,434071
2016-01-12,133.0675849046232,133.36329365693007,132.27903324526216,132.42689514160156,380121
2016-01-13,132.7718761523163,133.0675849046232,131.9340522345474,132.42689514160156,265858
2016-01-14,132.47615494753896,132.82115096619677,132.13117396925165,132.32830810546875,381779
2016-01-15,132.574728764329,132.82115019325897,131.68761763632924,131.83546447753906,325049
2016-01-18,131.88475545458186,131.88475545458186,131.0469165566732,131.1947784423828,272198
2016-01-19,131.53975435323662,132.32830592548487,131.39190751360206,131.88475036621094,269663
2016-01-20,131.73689356887223,131.73689356887223,130.84978241609787,131.1947784423828,258623
2016-01-21,131.78619761087836,131.78619761087836,130.89908634537406,131.1455078125,272538
2016-01-22,131.78620108395822,132.77188697843866,131.49049230753945,132.5747528076172,334280
2016-01-25,132.62402625545568,133.21542870613743,132.4268921052284,132.52545166015625,290512
2016-01-27,132.5747331099986,133.01828868853778,132.47615851904726,132.7225799560547,321236
2016-01-28,132.77186725153035,132.96900139306211,132.22973708203983,132.7225799560547,363128
2016-01-29,132.5747497344757,134.44754687442696,132.5747497344757,133.70828247070312,442400
2016-02-01,133.95469756878146,134.44754048116164,133.3632950981485,133.41258239746094,292958
2016-02-02,133.60970268060223,133.905411405399,133.2647066616109,133.36328125,458037
2016-02-03,133.26470653277786,133.36328112107165,132.27902081132186,132.32830810546875,360347
2016-02-04,132.52543780519224,133.26470207153622,132.2790163830776,132.4761505126953,331354
2016-02-05,132.5747288989799,133.70826145706093,132.52544160506977,132.8704376220703,294464
2016-02-08,132.72257131606386,134.20109984185902,132.62401177189946,133.01828002929688,288541
2016-02-09,132.91973876953125,133.5604285360276,132.03261250779937,132.91973876953125,361974
2016-02-10,133.06757827826908,133.06757827826908,131.78618377566337,132.1311798095703,199162
2016-02-11,132.37760191703083,132.37760191703083,131.44120344361954,131.58905029296875,184522
2016-02-12,131.9340455809265,132.08189242943786,130.89907252023355,131.09620666503906,232329
2016-02-15,131.7861917623831,133.95469756878146,131.7369044630707,133.41258239746094,262077
2016-02-16,133.7082803711451,133.7082803711451,131.9340578623659,132.22975158691406,271949
2016-02-17,132.4761592687783,133.3632854712482,132.22973783037628,133.21542358398438,288906
2016-02-18,133.56042198876926,133.95469028107468,133.31400054598555,133.65899658203125,277492
2016-02-19,133.60971210235763,134.00398040297563,133.46185020934723,133.5604248046875,251413
2016-02-22,133.75755895499648,133.85613355033678,133.26471605903822,133.5604248046875,279100
2016-02-23,133.75755538926282,133.9054172783315,132.57473547856915,133.16615295410156,261922
2016-02-24,133.11689104513889,133.85615551035767,132.7718949452205,132.82118225097656,304790
2016-02-25,132.96899716952015,133.56041461570095,132.5747288989799,132.8704376220703,281331
2016-02-26,133.1661544333716,134.2996870603008,132.8704456923205,134.15184020996094,355618
2016-02-29,134.15184161871036,135.33466155496433,133.8068455771327,134.10255432128906,310581
2016-03-01,134.29969785172582,136.61606562898717,134.2504105508617,136.36964416503906,358971
2016-03-02,136.96103271053545,139.0309788131112,136.91174541468916,138.39027404785156,294768
2016-03-03,138.98170917063476,139.5731267151696,138.3902916260999,138.8338623046875,313666
2016-03-04,138.98169530561415,139.52382549395855,138.2917182660719,138.78456115722656,280308
2016-03-08,138.83385340619847,139.42525587245473,138.63670421040774,139.12954711914062,569053
2016-03-09,139.27740901598366,139.5238304703501,138.58743195183203,139.12954711914062,277380
2016-03-10,139.17884834202607,139.32671025366173,137.94674094692957,138.1438751220703,295425
2016-03-11,138.3902843766541,140.06596231826637,138.24243751845168,139.0802764892578,282908
2016-03-14,139.2773857022022,139.7702285284376,138.1931254683365,138.8831024169922,296397
2016-03-15,139.03099272390034,139.17883958586103,138.19315373179631,138.4395751953125,270250
2016-03-16,138.68600039836733,139.17884333868872,138.04531059209867,138.8338623046875,307875
2016-03-17,139.27740760470903,139.77025050844802,138.93241155594302,139.1788330078125,312106
2016-03-18,139.57310898667828,139.67166853799984,138.04529305766962,138.39027404785156,423973
2016-03-21,138.43956865220403,139.62238861310323,138.43956865220403,139.1788330078125,405540
2016-03-22,139.52383840625345,141.93876578832752,139.32670423962202,141.4459228515625,413663
2016-03-23,141.84018248188664,142.92444289239148,141.2487800182792,141.7416229248047,350907
2016-03-28,141.84018622310887,142.08660768287132,139.47454622553843,140.0659637451172,623529
2016-03-29,140.31236625526054,141.44589880093176,138.39026709640115,140.70663452148438,631764
2016-03-30,141.1501975405246,143.1215690565665,140.4109332220089,142.53016662597656,631438
2016-03-31,143.46656508802224,144.64938498957315,137.74958468342658,142.53016662597656,609401
2016-04-01,142.82586461574775,143.71299084886442,142.38230901937516,143.4172821044922,316338
2016-04-04,143.5651334104399,144.2058382165188,142.67802219017312,143.26943969726562,310261
2016-04-05,143.12157919242384,143.26944109082118,141.64305045068315,142.1851806640625,401604
2016-04-06,142.28375526299405,143.4172879488464,141.9880465065715,142.1851806640625,293637
2016-04-07,142.43160212101927,142.82587043600128,141.54449089212372,142.1851806640625,525617
2016-04-08,142.3330223940434,143.17086133365925,141.98804139095634,142.87515258789062,473758
2016-04-11,142.8258566385722,143.51584868369346,142.08659233911712,143.1708526611328,308231
2016-04-12,143.4172784570584,143.4172784570584,141.64304107631955,141.988037109375,348674
2016-04-13,142.43160054698174,144.60010633616244,142.1358917938271,144.3043975830078,390995
2016-04-18,144.40296351277095,144.89580639165413,144.2551166652544,144.60009765625,374862
2016-04-20,144.60008807257873,144.84650949568822,142.67800398039867,143.36798095703125,337035
2016-04-21,143.66370942309493,144.10726503759608,143.02301965107904,143.22015380859375,367695
2016-04-22,143.22015380859375,143.91013088008137,143.02301965107904,143.22015380859375,396089
2016-04-25,143.41729667926657,143.76229275615628,142.72731956586017,142.92445373535156,331207
2016-04-26,143.4172856464257,144.25512460277696,142.72730858609805,143.81155395507812,392362
2016-04-27,143.9594210143846,144.50155123850473,143.86084641350004,144.15655517578125,421250
2016-04-28,144.30439120948833,144.69867454307078,143.86083561953296,144.00869750976562,307755
2016-04-29,144.255129071316,145.38866177408366,143.61442424944408,144.6986846923828,280386
2016-05-02,144.94509672992592,145.09294358054566,144.40296654370124,144.5015411376953,342731
2016-05-03,144.69868539990142,144.8465322608558,143.6144249516611,144.15655517578125,336272
2016-05-04,144.30437653232667,144.55079795061297,143.41726544264378,143.466552734375,350163
2016-05-05,143.6144149128627,144.89580943292887,143.6144149128627,144.5015411376953,344593
2016-05-06,144.5015526407909,146.47292435463322,144.15655657471947,145.14224243164062,364969
2016-05-09,145.48723052956547,146.91647193574894,145.48723052956547,145.9307861328125,391904
2016-05-10,146.86717866539288,146.86717866539288,144.6000984027522,145.0929412841797,367800
2016-05-11,144.9451134539051,145.29009449194604,144.15656173208234,144.4522705078125,327863
2016-05-12,144.55080895395585,144.99437957293208,143.86083193830638,144.64938354492188,366112
2016-05-13,144.99438685510918,145.5857893094951,144.0087010574276,144.40296936035156,420543
2016-05-16,144.6493915809208,146.37434173605953,144.20583597767376,145.9307861328125,393726
2016-05-17,146.3250631184334,148.4442967446913,146.12792895422567,147.7050323486328,373202
2016-05-18,147.80359026609221,150.119958030786,147.16290047945222,149.82424926757812,360389
2016-05-19,150.0213659816571,151.30276044627954,149.23281438493785,149.38067626953125,499332
2016-05-20,149.4299555391066,149.8735110883237,148.93711269767203,149.13424682617188,349823
2016-05-23,149.3313860309338,149.62709475392063,148.24712572677225,148.44427490234375,842347
2016-05-24,148.4442857746818,150.21850816180927,148.0007151375284,149.62710571289062,376005
2016-05-25,150.90850530887008,153.76698817547037,150.90850530887008,153.07701110839844,525695
2016-05-26,153.2741307509743,153.76697361512535,152.58415374923698,153.56983947753906,881911
2016-05-27,153.76697297452392,154.30910313090564,153.520551543475,154.11196899414062,411812
2016-05-30,154.25981865234377,154.7526615234375,153.71768848606646,154.01339721679688,396739
2016-05-31,154.25983039002384,154.25983039002384,153.27414457283518,153.619140625,344596
2016-06-01,153.81627760632009,154.16125862445102,153.3234346886711,153.52056884765625,347867
2016-06-02,153.52056745571352,154.94980889586245,153.22485869973082,154.60482788085938,519027
2016-06-03,154.7526716584474,154.94980581172138,153.52056440002028,153.6684112548828,491204
2016-06-06,153.56985401921725,154.06269693003608,152.87987695214534,153.07701110839844,385293
2016-06-07,153.37271917070282,154.45696454538717,152.73201436530704,153.619140625,425795
2016-06-08,153.61914790640702,154.80196793502358,153.2248645366197,153.3727264404297,529636
2016-06-09,153.52055128892005,153.81626001376253,151.7956012744378,152.04202270507812,1131694
2016-06-10,152.33773348630734,152.73200176450584,151.30276045557292,151.4506072998047,474811
2016-06-13,151.45061970913085,151.6477689047545,150.2185124383427,150.51422119140625,460001
2016-06-14,150.5635120315849,154.2598339308873,150.5635120315849,152.9784393310547,1422658
2016-06-15,152.7812900390625,154.35839324271083,152.7812900390625,154.01339721679688,507350
2016-06-16,153.86554873081354,154.25981700733578,151.69702808882923,151.99273681640625,535105
2016-06-17,152.288452886766,153.42198551670018,152.0913187389998,152.7812957763672,490681
2016-06-20,153.07700531838455,154.65409354912944,152.87987116958786,154.30911254882812,1080950
2016-06-21,154.50625468295422,154.7526761417787,152.7813044711828,153.52056884765625,569178
2016-06-22,153.76698235935865,154.60482129220887,152.7812965750038,154.30911254882812,510350
2016-06-23,154.45697608904186,154.80197216699065,153.22486872547202,154.2598419189453,477637
2016-06-24,153.47126030741174,153.47126030741174,151.64775078870738,152.68270874023438,1294113
2016-06-27,152.6827291768953,154.30911982196125,152.53488231842212,154.0626983642578,450753
2016-06-28,154.1119804868585,154.99909168864164,153.42198839616975,153.7176971435547,527044
2016-06-29,154.0133995562844,159.8782268033135,154.0133995562844,156.5269012451172,904635
2016-06-30,156.52689692897258,158.6461152322823,154.21052944737022,157.709716796875,960974
2016-07-01,157.80829789204108,158.4982749233992,153.52055877370563,153.8655548095703,1019652
2016-07-04,154.25982883308507,156.87189020612277,154.25982883308507,155.7383575439453,807291
2016-07-05,155.73836482270207,156.42834191194333,155.0976750342007,155.491943359375,728496
2016-07-07,155.541223429121,160.0260968612496,155.541223429121,156.77333068847656,915118
2016-07-08,156.77332041134844,157.06902914228323,153.6191290422426,155.04837036132812,829303
2016-07-11,155.4426537387783,162.88458482826516,155.4426537387783,158.15328979492188,1127909
2016-07-12,158.2025628813651,162.04673129037138,156.37903822764335,161.75103759765625,1059347
2016-07-13,160.27250714016634,160.56820082950077,155.63977213565028,157.66043090820312,763306
2016-07-14,157.31545868380948,160.07536687375185,157.21688408829513,159.43467712402344,860719
2016-07-15,159.68109567972257,160.02609171740139,157.90685827520696,158.49827575683594,795235
2016-07-18,158.59685372325836,160.27253176896264,155.7876579603019,156.3297882080078,654128
2016-07-19,156.52691487782997,160.22323678911198,156.23120611685295,159.6811065673828,1267834
2016-07-20,159.92752075195312,161.11034070167443,156.3297736048067,159.92752075195312,1010652
2016-07-21,160.07536897701016,160.4203650254717,158.6954148639075,158.84326171875,618780
2016-07-22,159.1882527918222,159.1882527918222,158.20256701602145,158.49827575683594,644204
2016-07-25,158.64610900298607,162.8845604835519,158.44897487280463,161.5538787841797,1183012
2016-07-26,161.75104926971534,161.9481834258744,159.04041326150505,159.28683471679688,587750
2016-07-27,159.68109271587136,160.7653530652757,158.39969822304016,159.63180541992188,722979
2016-07-28,159.68110586464107,161.159634622647,159.68110586464107,160.22323608398438,980476
2016-07-29,160.22322223227042,161.5538889752128,160.07536034502948,160.17393493652344,743979
2016-08-01,160.42036883100602,161.11034590392515,159.97681321558457,160.27252197265625,568436
2016-08-02,160.27251234563352,160.81462748726773,159.87822901309713,160.0753631591797,680809
2016-08-03,160.07537488580107,161.35676948976553,157.01975779674834,157.6111602783203,1217638
2016-08-04,158.20256701602145,159.0896781980936,158.15327971915715,158.49827575683594,867698
2016-08-05,158.6954092372081,159.9275164517827,158.6954092372081,159.0404052734375,631013
2016-08-08,159.48395931862387,160.6667792250902,159.4346720224438,160.12464904785156,668963
2016-08-09,160.1739550550718,162.78601661366687,160.1739550550718,162.58888244628906,975279
2016-08-10,162.63815747982937,162.63815747982937,157.7097284652891,161.45533752441406,736755
2016-08-11,161.45532582134666,161.65245995956468,159.5825139073488,159.7796630859375,757303
2016-08-12,159.8782313725388,161.20891319888364,159.681097223547,160.51893615722656,682521
2016-08-16,160.66676757460232,161.40603184258362,158.74468348592495,159.48394775390625,1125534
2016-08-17,159.5825145525195,160.8146217218267,159.13895897964306,159.23753356933594,1145233
2016-08-18,159.48396587544786,161.061054135451,159.38539127903502,160.4203643798828,732763
2016-08-19,160.56819736785178,161.455323537842,160.17392909699197,160.37106323242188,831934
2016-08-22,160.42036355269212,160.6667850020818,157.56188075592033,157.85757446289062,719694
2016-08-23,157.8083045210935,158.44899428275994,157.2168870177307,157.26617431640625,712325
2016-08-24,157.31544224256845,160.56819298939013,157.31544224256845,159.48394775390625,1248449
2016-08-25,159.68109337641846,160.07536166490314,158.79398220714236,159.0896759033203,559092
2016-08-26,159.28682738555082,159.533248829501,158.30114160975006,158.49827575683594,672573
2016-08-29,158.39971127204367,161.65247754784926,156.1819181349543,161.25820922851562,1375385
2016-08-30,161.50461529197258,163.4266994861435,161.3567534060389,162.29315185546875,826509
2016-08-31,162.4903068281515,163.3281307168204,159.68109633936595,161.06105041503906,1270812
2016-09-01,161.40606276540328,161.9481930071937,157.66045341529184,158.44900512695312,976878
2016-09-02,158.49826408349875,159.2868156541371,158.15326807122878,158.8925323486328,640329
2016-09-06,159.23754669831436,159.33610625576264,158.54756963468856,158.7939910888672,639082
2016-09-07,159.04039793203867,160.71606065843628,158.49826777457662,160.32177734375,790623
2016-09-08,160.5189480650262,167.4680213348134,160.5189480650262,166.82733154296875,538656
2016-09-09,167.12301622318154,167.22157577059897,164.3630932091959,166.08804321289062,421191
2016-09-12,164.1166831928875,169.53795501007,164.1166831928875,166.72874450683594,627613
2016-09-14,167.56657778396078,169.5379492873015,165.89091501419537,166.92588806152344,866053
2016-09-15,166.58088987473158,168.7001081972263,166.383755735025,168.55226135253906,712795
2016-09-16,168.3551387352968,171.60790490437722,167.96085538852753,169.19296264648438,572306
2016-09-19,168.55227803885106,171.75575700742573,168.55227803885106,170.57293701171875,1508301
2016-09-20,170.67148403616815,170.67148403616815,168.9465339490093,169.4393768310547,975802
2016-09-21,169.78438178075754,170.47435884378058,168.10871890188105,169.14369201660156,281847
2016-09-22,170.7272491455078,171.81595068809617,169.68803678248753,170.7272491455078,285930
2016-09-23,170.82622910188906,171.91491555267947,170.28187832550515,171.3210906982422,246643
2016-09-26,171.2221199945455,171.4200616215424,170.18290757533904,170.3313751220703,745093
2016-09-27,170.4798126220703,172.26131731282692,170.23238183452014,170.4798126220703,344962
2016-09-28,170.52929802282608,171.6674735795561,170.33135641756562,170.97467041015625,759131
2016-09-29,171.22209486908793,171.51901481700173,168.2529255939014,168.59933471679688,706463
2016-09-30,168.84678269083142,169.8859799614332,168.45088435262258,169.34164428710938,874051
2016-10-03,169.58907540613228,170.97468183754134,169.2921554274082,169.49009704589844,154490
2016-10-04,169.78699631312512,170.08391625562936,169.19315642811665,169.39109802246094,94967
2016-10-05,169.63854423916422,173.79539360881938,169.4406026267942,173.35000610351562,483264
2016-10-06,173.25103813796056,174.93356445032651,169.24265641304575,169.5890655517578,245418
2016-10-07,170.18289996544354,172.21183553088684,169.83650590918282,171.3210906982422,1206582
2016-10-10,171.4695519071629,171.71698271799573,170.47982866383148,170.77674865722656,308685
2016-10-13,170.92518645155565,171.1231280628591,166.52092141665176,167.11476135253906,469142
2016-10-14,167.26320754879347,167.75806910958872,165.77862286640774,166.71885681152344,418815
2016-10-17,167.0652590078439,168.252923684042,165.67963763396637,166.0260467529297,585329
2016-10-18,166.27348459274072,168.89624482677615,166.1745062396926,168.69830322265625,391264
2016-10-19,168.64881404613217,168.9457340033002,167.65909092355633,168.69830322265625,408099
2016-10-20,168.84677535407081,169.24265857310021,168.3024246014228,168.5003662109375,429429
2016-10-21,168.7973017758551,168.7973017758551,167.31271691432949,168.64883422851562,442093
2016-10-24,168.89623906879905,168.89623906879905,167.56012196005813,168.45086669921875,379447
2016-10-25,168.6983165705862,168.6983165705862,167.56014093035859,167.95602416992188,377248
2016-10-26,168.05499566006117,168.05499566006117,167.16423575449514,167.26321411132812,406339
2016-10-27,167.41167195401474,167.4611611340303,166.4219487616127,167.36219787597656,575899
2016-10-28,167.2632195159454,168.05500109026252,165.43222556921066,167.36219787597656,316626
2016-11-01,168.25293033569608,168.25293033569608,166.3724624492053,166.57040405273438,561884
2016-11-02,166.61989504303568,166.76834747180456,164.78890121101165,165.333251953125,355935
2016-11-03,165.6301636496469,165.67963772211738,161.2258838575231,164.19505310058594,564479
2016-11-04,164.04660376891152,164.98683769319484,163.20533309340874,163.40328979492188,1153836
2016-11-07,163.89816856432324,164.4919934253234,163.6507377634121,164.14559936523438,400173
2016-11-08,164.29404260162124,164.73941499791704,163.79918102751998,164.54147338867188,387224
2016-11-09,163.25482217775613,163.25482217775613,158.15775425813138,159.5928497314453,713201
2016-11-10,161.42386007728143,166.27349771999013,161.07745091624042,162.01768493652344,355236
2016-11-11,161.81973603102264,162.01767764185786,156.27728031577485,159.1969757080078,328095
2016-11-15,159.3454314056171,159.3454314056171,156.07934190299474,156.57420349121094,156467
2016-11-16,156.57420810020994,157.16804806434084,155.38654327392578,156.3762664794922,398701
2016-11-17,156.47522724465924,156.87111044157632,154.59474430436333,155.48550415039062,410320
2016-11-18,155.58448791503906,156.37626951525874,153.85247227167386,155.58448791503906,213916
2016-11-21,155.93088940854915,156.1288310233656,153.9514430564304,154.59475708007812,126733
2016-11-22,154.9906430550007,155.08960630353045,153.15964928447667,153.80296325683594,286400
2016-11-23,154.14937111018878,156.37624806041623,154.00091868763064,155.18858337402344,106440
2016-11-24,155.58448791503906,157.66291272786847,154.89168467808858,155.58448791503906,172773
2016-11-25,155.98036820814886,158.85055918693544,155.33703912533383,158.35569763183594,310429
2016-11-28,158.8505728938419,159.196982053093,157.11855730154144,157.76187133789062,53753
2016-11-29,158.10825568857044,158.94952631361892,157.71237251323888,158.00927734375,167524
2016-11-30,158.0587871883047,158.75159038673266,157.91033475363338,158.1082763671875,172468
2016-12-01,158.80107923977152,158.80107923977152,157.86084525083595,157.95982360839844,195771
2016-12-02,158.1082674922542,158.1082674922542,155.88139048532105,156.6731719970703,100867
2016-12-05,157.06907322893895,157.11856241072374,155.4855251256712,155.7329559326172,401015
2016-12-06,156.12881982102405,158.3556968073778,155.38652749223948,158.05877685546875,212454
2016-12-07,158.15775487241814,158.50414889726633,157.6628933209412,157.9103240966797,209698
2016-12-08,157.9598181979223,158.85056297756663,157.76186148957774,157.86083984375,211297
2016-12-09,158.2072547249531,158.35570715962442,156.37626082012912,158.1082763671875,90214
2016-12-12,157.7123730311453,158.00927786263142,155.93086853235278,156.32675170898438,173103
2016-12-13,157.4154724462519,164.09610381138572,156.92061086364942,159.79080200195312,1082138
2016-12-14,160.13721606851774,160.13721606851774,156.37626490484126,157.76187133789062,407316
2016-12-15,157.5639329003896,158.1577728705304,156.22781562053945,156.97010803222656,270334
2016-12-16,157.21752994814543,158.20725310777624,156.6731791899531,157.51443481445312,374957
2016-12-19,157.5144437192149,157.91034206663468,156.37626806208576,156.97010803222656,312561
2016-12-20,157.0690719262851,158.80108756054275,154.19888063030638,157.2670135498047,257451
2016-12-21,157.56391727023785,160.4341233718937,157.31648649088697,158.8010711669922,231476
2016-12-22,158.7021143591916,159.29593919255512,156.9206096551472,157.36598205566406,286541
2016-12-23,157.95982580801783,157.95982580801783,156.37626267682867,156.87112426757812,240944
2016-12-26,157.01957444128234,157.4649619481204,155.7329464054565,155.98037719726562,200921
2016-12-27,156.17831339288415,156.32676582202936,155.38653186616443,155.8813934326172,298186
2016-12-28,156.07933883401597,156.32676962325885,155.23808321177628,155.38653564453125,188376
2016-12-29,155.48552084399375,156.22781324439097,154.59476090233056,156.079345703125,180320
2016-12-30,156.37624206451423,157.16802352574229,155.5844606032862,156.77212524414062,247569
2017-01-02,158.35569564364206,159.84028029030122,153.70400010450527,157.6134033203125,370153
2017-01-03,157.91031410090466,158.85054796879848,157.86082492849442,158.00927734375,366982
2017-01-04,157.95981034766066,159.29592745072506,155.4855026360869,158.7021026611328,394058
2017-01-05,159.29594850758303,160.13721928151352,158.6526344583264,158.94955444335938,346025
2017-01-06,158.94954710226384,159.7413135564803,157.86084557475058,158.1082763671875,294222
2017-01-09,158.10827523483258,158.90005678535545,157.36598286283805,157.66290283203125,314860
2017-01-10,158.10827409606208,158.157763274234,156.87112015164843,157.217529296875,276493
2017-01-11,157.7123939416058,158.9000587309435,157.41547396877706,158.4051971435547,433404
2017-01-12,158.60314448607056,159.39492607488333,158.10828288080984,158.6526336669922,427728
2017-01-13,158.85055802409062,158.94953637517642,157.76185657005098,157.9103240966797,303843
2017-01-16,158.10828098858815,161.02796140428865,157.86085018891902,159.88978576660156,418949
2017-01-17,159.88978958968644,160.73104526749012,159.09800799141755,159.39492797851562,331473
2017-01-18,159.79080167685197,161.02795563084118,159.54337088605413,159.64234924316406,542515
2017-01-19,159.4443996142381,161.91870739781115,158.85055970539008,160.4835968017578,469810
2017-01-20,160.3351557764278,160.83001736833037,158.85057100072015,158.9990234375,389284
2017-01-23,159.09798560462107,161.07743177077498,158.30620411776434,160.5330810546875,435736
2017-01-24,160.58258363464267,162.61151914472077,160.18670040915393,161.77024841308594,409278
2017-01-25,161.770255242999,164.6404616058916,161.12694119892492,164.4425048828125,368874
2017-01-27,164.49199294804265,165.23428534862225,163.50226974726985,163.99713134765625,280487
2017-01-30,164.09610970852455,164.78891292867,163.6507372885723,163.99713134765625,379025
2017-01-31,163.99711376294843,165.333245981515,162.95790149317176,163.1063690185547,262267
2017-02-01,163.6507256518463,166.76834747180456,163.35380569233206,165.333251953125,429643
2017-02-02,166.17450510351097,168.59933881882358,165.03632956112133,168.2529296875,591117
2017-02-03,167.9560189198711,168.84677883401105,167.26321572130254,167.8570556640625,513170
2017-02-06,168.05498350447533,169.68802056026175,168.05498350447533,168.45086669921875,479991
2017-02-07,168.4014042801742,168.4014042801742,166.66938859952955,166.96630859375,460241
2017-02-08,166.76835600081426,167.26321759132114,166.22400523086128,166.61990356445312,421220
2017-02-09,171.22210087528936,171.22210087528936,165.13530968843236,167.01577758789062,544733
2017-02-10,167.2632017784382,167.7085741473939,166.3724570405268,166.47142028808594,385969
2017-02-13,166.2734771847426,167.16422191458489,165.67963729686394,165.87759399414062,360529
2017-02-14,166.0755482108985,167.3621913311011,166.0755482108985,166.81784057617188,512531
2017-02-15,166.81783318415563,166.81783318415563,165.58067929685393,165.9765625,430481
2017-02-16,165.82811466553875,166.9168010553206,165.18478556514455,165.77862548828125,505391
2017-02-17,165.92708252302518,166.27349167146488,165.53119929793155,165.5806884765625,301633
2017-02-20,165.77863693237305,166.5704185172217,165.3332645102637,166.27349853515625,384725
2017-02-21,166.37246080512224,167.01577478572867,165.67964254665236,165.9765625,468977
2017-02-22,165.7786156455023,166.9662803192839,165.48169570156298,165.87759399414062,618956
2017-02-23,165.82812072100944,166.7683547153295,165.38274831338174,166.1745147705078,564610
2017-02-27,166.17452674297525,166.37248347349617,161.96820295303473,164.83840942382812,422738
2017-02-28,165.5806888011447,166.22400281867718,165.33325800948188,165.72914123535156,490950
2017-03-01,165.82811366732912,167.90652318184337,165.63017206146725,167.3126983642578,493680
2017-03-02,167.9065207102316,168.104477415156,166.27348360843922,166.42193603515625,393962
2017-03-03,166.57039830065793,167.46114303676742,165.72912763724003,166.32296752929688,422331
2017-03-06,166.32297327282893,167.1147547889216,166.12503166929986,166.57040405273438,440613
2017-03-07,166.6693615480169,167.1147490180474,165.53118604054634,166.32296752929688,425016
2017-03-08,166.42192960572442,167.01576949360305,165.53118487588213,165.87759399414062,370228
2017-03-09,165.8281143361524,166.3229759037912,165.3827419456728,165.6301727294922,379812
2017-03-10,165.63016731592705,166.52091206777254,164.78889663764713,165.53118896484375,654924
2017-03-14,166.3724738886337,167.6591019510268,166.3724738886337,167.06527709960938,452293
2017-03-15,167.26321378552242,168.10448451103326,166.9662938175788,167.11476135253906,487951
2017-03-16,167.36218705394168,168.10447940024486,167.06526709502515,167.1642303466797,407013
2017-03-17,167.16424035719027,168.35192026397982,166.27349552907543,167.06527709960938,576087
2017-03-20,166.96628841117302,167.2632083695023,166.32297441977317,167.01577758789062,456673
2017-03-21,167.16423230321197,168.698306190589,164.59096120042872,167.90652465820312,216031
2017-03-22,167.758079181828,167.95602079763532,166.12504197394625,166.61990356445312,425636
2017-03-23,166.96629036857902,168.5993426075469,166.81783793866222,167.75807189941406,415809
2017-03-24,168.2529305072826,168.74779206759814,168.05498890355165,168.5498504638672,444858
2017-03-27,168.54984387954002,168.79727465003202,167.56012079757204,168.0054931640625,399132
2017-03-28,168.0549884162584,169.19316396089334,168.0549884162584,168.40138244628906,483872
2017-03-29,168.4508750756535,169.19316742919074,166.42193962225642,167.75807189941406,246678
2017-03-30,167.95601169488597,169.78700552131752,167.80755926657054,168.99522399902344,452513
2017-03-31,168.99522931288732,170.23238326100508,165.8776074044213,167.11476135253906,499662
2017-04-03,167.16422133769484,168.05498116643875,166.81782732260746,167.56011962890625,461006
2017-04-05,167.70859041558307,171.37056317396085,167.5106487992881,170.7272491455078,612700
2017-04-06,170.82622107068502,173.05309814957994,170.1828919644849,172.16233825683594,712390
2017-04-07,171.96439057646043,174.1417784007743,171.4695290208447,171.76644897460938,686478
2017-04-10,171.76644323565648,179.48628626572628,171.71695406135316,175.32943725585938,1066902
2017-04-11,175.23049310128542,180.42653982777324,175.18100392159005,176.8140411376953,1078989
2017-04-12,176.91301078733395,177.80375557008793,175.2799736516261,177.35838317871094,573685
2017-04-13,177.25942645638,179.48630359727937,176.17072492448278,177.90274047851562,858745
2017-04-17,177.704798164575,213.4832847133809,177.11095822188216,189.33404541015625,1431660
2017-04-18,188.24533919196963,190.7196470549082,186.06795129297905,187.5525360107422,1032719
2017-04-19,187.5525360107422,188.1463759386381,186.3153820792729,187.5525360107422,706533
2017-04-20,187.6515084685428,190.22477950394017,187.45355176414773,189.13609313964844,1062710
2017-04-21,189.03711807658976,190.57119195048617,186.95869346008797,188.49276733398438,865879
2017-04-24,188.5422631298322,193.98574054302946,188.39381069571763,191.01657104492188,1140040
2017-04-25,191.2640046183423,196.60850375188025,190.9670846438175,194.0352325439453,1386347
2017-04-26,193.98572940619988,193.98572940619988,191.01656007855397,192.64959716796875,1197781
2017-04-27,192.69908368278433,193.7877851286774,191.01655744074804,191.6103973388672,863568
2017-04-28,191.95680917966615,191.95680917966615,188.93815043764045,190.670166015625,703012
2017-05-02,190.67015844368126,193.93624785285812,190.07633361599795,191.65988159179688,1566802
2017-05-03,192.00628791055715,195.02494648830915,191.61040469792394,194.4311065673828,1322111
2017-05-04,194.48059096080752,195.9651756246305,192.3526923167851,192.64959716796875,1307724
2017-05-05,192.6001191051424,192.9960022998389,188.0473868562533,191.16500854492188,1385943
2017-05-08,191.313493431479,198.19206650191143,191.313493431479,197.8456573486328,1453856
2017-05-09,197.9446457268938,199.33025220619086,196.8559441346047,197.7467041015625,1009908
2017-05-10,199.82509424149887,200.91379572711622,197.54874312026055,200.07252502441406,2259999
2017-05-11,200.2209995009598,201.2107226669537,197.89514402008334,198.78590393066406,1439845
2017-05-12,198.93434750491517,201.75506444316346,197.84564603001812,199.33023071289062,1567227
2017-05-15,199.47871891794858,202.8437718404503,198.2910540689467,199.42922973632812,1419070
2017-05-16,200.0230582901919,202.84376025775774,197.94463359663638,200.91380310058594,1247346
2017-05-17,201.2107145316123,201.5076344898008,199.4292098844576,199.6271514892578,1112360
2017-05-18,199.28075116044707,199.72612353267093,196.70746507341332,197.25181579589844,1158803
2017-05-19,197.5487426435738,199.9240721130371,195.47031803131105,197.9446258544922,1162382
2017-05-22,198.09308186059275,199.97356490135724,197.99411860706414,199.28076171875,1341856
2017-05-23,199.2807561345258,199.47869773801307,196.06415599643472,197.20233154296875,748081
2017-05-24,197.4497707262269,198.488983066234,195.47032440315695,196.50953674316406,674993
2017-05-25,196.95490386429887,198.6869193505427,195.420829984659,198.38999938964844,918029
2017-05-26,198.43948905269394,199.5281905446465,197.944627483984,198.53846740722656,1038980
2017-05-29,198.6374396696475,198.9343596447366,194.82701447893217,196.1631317138672,1063820
2017-05-30,196.36106380140606,197.4002761128009,195.6682606278017,196.41055297851562,668815
2017-05-31,196.65797414582218,199.4786909813972,195.6682510599328,198.4889678955078,814849
2017-06-01,198.63744083995888,199.37973323106633,197.40028685477978,198.58795166015625,775179
2017-06-02,198.98383849229708,199.23126927502764,197.64770622476158,198.09307861328125,1020264
2017-06-05,198.1920623779297,199.92407790432858,197.89514241015164,198.1920623779297,890998
2017-06-06,198.19206919536902,198.7364199713573,196.70748440738873,196.90542602539062,680900
2017-06-07,197.15284810155015,198.8353744330991,196.65798652744888,197.44976806640625,1186402
2017-06-08,197.25183518337698,198.19206919536902,196.55903196938166,196.90542602539062,796969
2017-06-09,197.2518356614504,198.48898965443243,196.4600540855464,197.05389404296875,1306816
2017-06-12,196.95489878618446,198.2415418489015,195.71774489933657,196.4600372314453,603788
2017-06-13,196.70747293919652,197.74668525059136,196.0641589427017,196.41055297851562,574833
2017-06-14,196.65799490677327,197.20234568187405,196.21262249150078,196.75697326660156,543991
2017-06-15,196.70747048060642,199.97355980332117,196.60849212762437,199.33023071289062,562919
2017-06-16,199.92407259545556,204.03141755105673,198.9343494637949,200.07252502441406,821327
2017-06-19,200.2209896035625,201.26020189688077,199.57766051628153,200.8643035888672,905260
2017-06-20,200.6663757869757,201.70558815176733,199.67665260183648,200.27049255371094,764020
2017-06-21,201.35917477983284,203.43759946589512,200.9138023762415,202.59632873535156,1401218
2017-06-22,203.3881027064137,205.86241052522652,202.99221949619422,203.58604431152344,1327304
2017-06-23,204.37784162971127,204.37784162971127,202.24994278186367,203.73452758789062,753110
2017-06-27,203.68502448681383,204.1798860550024,201.40865825275108,202.34889221191406,612797
2017-06-28,202.24993896484375,203.38811458719283,201.75507737217418,202.24993896484375,617705
2017-06-29,202.54684383886362,203.8829761798624,201.9035298091841,202.24993896484375,618070
2017-06-30,202.3489021813169,202.39839136096933,200.02306175742615,200.27049255371094,949517
2017-07-03,200.6168728095998,201.65608510291807,200.2704787798112,200.8643035888672,730270
2017-07-04,200.81482886836787,202.15096121338436,199.4292224455175,200.56739807128906,892721
2017-07-05,200.4684288505034,203.9324599065655,199.4292165132894,202.1509552001953,656057
2017-07-06,202.29940659964035,204.8726928403583,200.31996029200405,203.68502807617188,948179
2017-07-07,203.83347229212848,204.22937059888358,202.00249359255594,202.5468292236328,700441
2017-07-10,202.8932517614305,204.7737197613553,202.5468426078762,203.78399658203125,492290
2017-07-11,204.27884137585502,205.46652117497445,202.893235079517,203.19015502929688,616339
2017-07-12,203.58604431152344,204.87268739770138,202.5963211839983,203.58604431152344,705521
2017-07-13,203.98193948531025,203.98193948531025,201.40865335254622,202.39837646484375,945375
2017-07-14,202.79427909968175,203.43760824550137,201.75508181377975,202.05198669433594,574214
2017-07-17,202.20042770667544,205.1201077642271,201.75505534229904,203.5365447998047,584091
2017-07-18,203.38810138772774,203.73451052090613,200.46842120085392,201.16122436523438,576851
2017-07-19,201.21072655919772,201.80455140909487,197.40028625562084,200.27049255371094,365268
2017-07-20,200.81482778897615,203.2396616688967,200.12202458127481,202.10147094726562,799521
2017-07-21,202.15096505583978,203.58606068577947,201.5076510119978,202.05198669433594,645663
2017-07-24,201.90353551949167,203.68504032388273,201.90353551949167,202.49737548828125,558727
2017-07-25,202.5468300442248,203.78398394164122,201.55710692629168,202.84375,613469
2017-07-26,202.84374590422436,205.66446277416904,202.39837353054259,203.19015502929688,617262
2017-07-27,203.09117491747205,207.0995564497988,202.6458025476526,204.42730712890625,1014550
2017-07-28,204.82319443152016,205.31805598612735,203.04168981453904,204.08090209960938,591924
2017-07-31,204.08092356842397,204.87270515948418,202.15096632282436,202.49737548828125,503976
2017-08-01,202.5963132428922,203.0911747872578,199.67663315153015,200.6168670654297,704858
2017-08-02,200.76534953454643,201.50764190634982,199.92407880571182,200.4684295654297,573477
2017-08-03,200.41893202440323,203.38810138772774,199.62715050712146,201.16122436523438,632548
2017-08-04,201.2601943781673,203.2396405383579,200.61686531491995,201.85401916503906,471742
2017-08-07,202.05197192172415,203.33861501731548,202.05197192172415,202.200439453125,572120
2017-08-08,202.39837046695138,202.69529041223691,199.72612116333298,200.17149353027344,530648
2017-08-09,200.22100289520094,200.7653536661211,199.92408291997384,200.1220245361328,472977
2017-08-10,200.31996389340685,202.10146862270324,198.34051755018356,199.2312774658203,442340
2017-08-11,198.63742902458762,199.676641330719,197.10335515382002,197.9446258544922,449829
2017-08-14,198.48896673350538,202.29939153068682,198.09306844028183,201.85401916503906,598246
2017-08-16,201.9035157025053,201.95300487871,197.84564488534093,198.88485717773438,424883
2017-08-17,199.3302370359082,202.0519757075116,198.58794467092545,201.70558166503906,571156
2017-08-18,201.7550695866164,201.7550695866164,198.93435257645802,199.28076171875,508186
2017-08-21,199.37972941940424,200.22100015403387,198.73641540020068,199.0828094482422,673166
2017-08-22,199.0333289759365,199.72613215173516,198.2910366228716,198.53846740722656,597498
2017-08-23,198.88487778580426,203.33863227014317,198.88487778580426,202.9427490234375,738030
2017-08-24,203.04169837386596,203.48708587336887,198.192060975067,201.55711364746094,349649
2017-08-28,201.45814334582022,203.09118044694546,201.0127709638748,202.69529724121094,584563
2017-08-29,202.6458224826389,202.6458224826389,199.9735728988677,200.4189453125,434087
2017-08-30,200.61689297181456,202.24994534028858,200.31997298645766,200.81483459472656,620156
2017-08-31,200.814815232056,201.9035167060655,199.97355964029984,201.16122436523438,586547
2017-09-01,201.1612282136476,202.15095135369015,195.91569255102678,196.85592651367188,531436
2017-09-04,198.04359845703092,200.07251873153854,197.15283860536746,197.6971893310547,612400
2017-09-05,198.19206698200225,199.1817901629361,197.54875295518616,197.99412536621094,593680
2017-09-06,197.9446258544922,199.37972137154196,196.95490272521974,197.9446258544922,670448
2017-09-07,197.79616461149402,198.73639852200787,194.4310970607394,194.67852783203125,363006
2017-09-08,195.02494995947686,196.26210389844593,190.91758982091352,193.7877960205078,366949
2017-09-11,193.98573318635573,197.3013117076274,193.39189326846406,195.96517944335938,830342
2017-09-12,195.66827928063893,198.68693814836965,193.4908911980387,197.7467041015625,566551
2017-09-13,198.1920546623814,199.72612851786624,196.2126084235561,197.20233154296875,511725
2017-09-14,197.54873988108983,201.1117340354606,196.9548999710399,200.71585083007812,533412
2017-09-15,200.71585945107773,201.3591734629494,197.20233921998746,198.1920623779297,521497
2017-09-18,198.53846806417755,200.27048356039353,195.47032028723285,198.8353729248047,682759
2017-09-19,198.7859080574473,199.9240836811779,197.89514812837444,198.4394989013672,833028
2017-09-20,199.33337506702637,201.27009394582018,198.78711713842102,199.9789581298828,552165
2017-09-21,199.48234631715266,199.58165628832592,196.45311183096823,197.7442626953125,395106
2017-09-22,197.99255140666602,198.2408490557063,195.4102497946929,195.90684509277344,165442
2017-09-25,196.25449074880117,196.5027884267957,193.52321629086177,194.7150421142578,188733
2017-09-26,195.45993415799776,195.75789440105913,194.0198106639032,194.864013671875,254245
2017-09-27,195.41026186514023,195.55923440181206,192.6293249931342,193.1755828857422,261357
2017-09-28,193.77150148514045,195.41025999237218,193.07625590763698,193.47354125976562,94587
2017-09-29,193.52320686265531,196.9000490569099,192.67898873664825,195.41026306152344,238712
2017-10-03,195.85719310642205,198.6381299567945,195.80753054295553,196.65174865722656,516208
2017-10-04,196.9497155484469,197.64494599584683,195.01299674680172,196.40345764160156,588268
2017-10-05,196.45312119068103,197.99256978863292,195.41026793691447,196.25448608398438,523703
2017-10-06,196.3537950764543,198.68779924439028,195.0626441570618,196.40345764160156,525524
2017-10-09,197.19800213045357,199.43268104243455,196.6020816919708,198.98574829101562,493937
2017-10-10,198.68779656887267,199.53199954545917,197.2476731283182,198.4394989013672,483338
2017-10-11,198.63813963863552,198.68780220452265,194.96333708629825,196.75108337402344,139202
2017-10-12,196.9497129851783,201.2204358991767,196.9497129851783,200.02859497070312,702734
2017-10-13,200.2768907806863,202.85919256191139,199.8796205781379,200.32655334472656,674673
2017-10-16,200.4258851340499,201.66737350188362,199.8299646555348,200.07826232910156,500829
2017-10-17,200.32655344839426,201.51837921154305,198.3898346889166,201.12110900878906,513874
2017-10-18,201.2204269146614,204.1999987930332,200.07824860168714,203.90203857421875,514210
2017-10-19,204.5972718337956,205.09386715378054,203.90204141679396,204.24964904785156,73142
2017-10-23,204.24965472342683,205.04421028845871,201.3197452850783,203.3557891845703,508124
2017-10-24,203.3061221876843,207.08024967313602,203.15714965275177,206.4843292236328,679396
2017-10-25,207.32856048549658,207.5768581627247,201.31975366559809,202.01498413085938,284432
2017-10-26,202.41226382415252,203.15715683492232,200.87281523758423,202.1143035888672,624519
2017-10-27,202.1143053943602,203.30613119126104,198.24086776571065,200.2272491455078,499374
2017-10-30,200.3265639972812,203.60409638469528,200.07826631876327,202.6605682373047,671576
2017-10-31,202.90886021652707,205.0938766951346,201.31974905669222,203.55442810058594,656758
2017-11-01,203.90204249321616,214.52917936601847,203.75305480350227,212.98973083496094,816876
2017-11-02,213.23803408556978,213.5856568824607,208.12310819060693,211.3013153076172,414529
2017-11-03,211.74823772927618,215.4230400022996,211.05300732436143,212.14552307128906,607940
2017-11-06,212.14552154764988,215.919633762906,210.059815192999,214.82713317871094,939272
2017-11-07,215.5223842977384,216.1183047863231,208.17277909792722,209.96051025390625,704218
2017-11-08,209.96050325020556,210.7053962586451,204.59727965139564,206.2360382080078,300431
2017-11-09,206.4346798237364,207.57684299356458,204.84556874364927,205.1931915283203,360596
2017-11-10,205.24283500784637,206.6333109650303,204.15033442172273,204.99453735351562,353371
2017-11-13,204.9945391700233,206.13671748299757,203.4054432611568,203.90203857421875,378260
2017-11-14,203.95170129576945,206.7822854895013,202.41225279309796,205.4911346435547,470786
2017-11-15,205.491135335755,207.67616684620324,202.16395581736572,202.95851135253906,275141
2017-11-16,202.95851897949782,204.64694008338623,202.61089618389423,203.3557891845703,571713
2017-11-17,203.6040857178022,212.4434765479862,203.6040857178022,210.80471801757812,718350
2017-11-20,211.05300635622257,212.6421174072121,208.91765258916112,212.29449462890625,569373
2017-11-21,212.2945060750415,216.3169313263881,211.64893820039384,212.0958709716797,905721
2017-11-22,212.09586408438454,214.23121789723598,207.6761687698331,210.7550506591797,525784
2017-11-23,210.8543879236862,211.4006458378054,206.93128770300942,207.22923278808594,372495
2017-11-24,207.3782061911054,208.12309916222654,203.40544367845928,207.0802459716797,600564
2017-11-27,207.52717243592446,210.30810914149995,206.1863742214603,209.71218872070312,506325
2017-11-28,209.9604969610715,210.8047150739702,208.71900865085968,210.45709228515625,595177
2017-11-29,210.55642123125065,212.4434774350477,208.12310713007443,209.86119079589844,312287
2017-11-30,210.0598258981581,212.4434774350477,207.2788890018623,209.86119079589844,267756
2017-12-01,209.8611963354969,211.45029235040758,206.88162425829125,207.3782196044922,291748
2017-12-04,207.42787321552092,207.72581828646952,204.44830126694202,204.74624633789062,316232
2017-12-05,205.04420765320003,207.129914090242,202.26327078877296,205.39183044433594,405355
2017-12-06,205.39183496263416,206.7822958479923,202.66056060184084,203.05783081054688,415765
2017-12-07,203.05782645117787,206.68298143606327,201.51837790443952,206.18638610839844,186277
2017-12-08,206.18638524245492,208.81833440607022,206.18638524245492,207.12991333007812,455316
2017-12-11,207.1299266563572,208.02379223795452,206.08707337456863,206.63333129882812,397632
2017-12-12,206.88161642654114,207.27888662650784,204.79590998949917,205.39183044433594,66712
2017-12-13,205.39182539084968,205.987730676138,203.35578156762028,203.7530517578125,255383
2017-12-14,203.80272667662825,204.99455247435026,201.17077740853853,202.61090087890625,429099
2017-12-15,202.61089636559413,219.49513772939363,201.4687331588213,215.4230499267578,689742
2017-12-18,215.42304598803628,222.87197586528356,212.542799164122,213.63531494140625,425127
2017-12-19,214.03258218643137,216.11828858523745,211.59926815774853,213.28768920898438,408689
2017-12-20,213.53598699162592,216.46589634030116,213.4863244287901,214.08224487304688,221547
2017-12-21,214.42986103335156,224.4610929297788,214.38021362342718,224.01416015625,1132821
2017-12-22,224.46109416060978,227.93726154805285,224.46109416060978,227.04339599609375,780464
2017-12-26,227.44065109823842,230.42022294668695,227.14269088241636,228.63247680664062,685776
2017-12-27,228.43385206539108,231.4134240488527,225.50394264596451,226.9937286376953,743378
2017-12-28,226.9937298142971,230.76785737722204,218.50194658643773,229.22840881347656,615912
2017-12-29,229.42704577663199,232.40661779970515,227.09304162993655,228.93045043945312,523264
2018-01-01,229.2780673315232,230.91682584004633,226.89440068153272,227.44065856933594,537780
2018-01-02,227.58963394145556,228.23521696413766,226.19917307779485,226.9937286376953,599588
2018-01-03,227.34133442046175,229.92363618033815,226.4474688946743,227.29168701171875,672267
2018-01-04,227.29168023715278,228.88077614173173,226.29848961370863,226.74542236328125,741561
2018-01-05,226.44746411667052,230.42022664503315,225.45427348457986,227.2420196533203,577441
2018-01-08,227.44067388867313,228.63249971650086,226.84475339731543,228.2352294921875,644131
2018-01-09,228.23520635539424,233.1018343068847,226.69575787118444,232.7542266845703,751371
2018-01-10,233.15150391808152,233.8467343386171,227.1923600479708,228.38418579101562,764983
2018-01-11,228.4338568725548,229.77467035528332,226.7454357440394,227.8379364013672,692230
2018-01-12,228.03657728681026,230.6188638610588,225.5039381207137,228.53317260742188,625095
2018-01-15,228.58283809293545,229.72501651360267,226.74544435429496,228.88079833984375,534989
2018-01-16,228.93044552729134,230.56920404286393,226.99372678482737,227.29168701171875,563004
2018-01-17,227.53998196619864,229.87397088014137,223.96448959584038,228.53317260742188,246989
2018-01-18,228.68214786402964,231.86035492280212,226.09984610415324,227.29168701171875,511871
2018-01-19,227.29168504390375,228.03657802723984,225.70257395083217,226.7950897216797,201733
2018-01-22,225.60324648654074,226.89439734192058,223.16993246383623,223.91482543945312,361484
2018-01-23,224.26244847349864,226.44746484010128,222.72299995786275,225.50393676757812,709906
2018-01-24,225.65291625400903,229.17874614881433,222.3753840256705,228.43385314941406,604659
2018-01-25,228.6821488523795,230.1719348383885,225.10665642400323,227.937255859375,260319
2018-01-29,227.93725377900765,228.48351166653597,225.50393972171236,226.64610290527344,582467
2018-01-30,226.94407459727503,228.33453551315898,225.10666574317585,226.44747924804688,563886
2018-01-31,226.74542336480187,228.6821420580951,225.55359764238187,227.3909912109375,178426
2018-02-01,227.63929758574307,228.88078591807684,227.44066248354704,228.43385314941406,612436
2018-02-02,227.93725487424453,229.67533851707645,226.39780633104462,227.29168701171875,363553
2018-02-05,226.69576264450805,227.73861584318186,225.75223457137895,227.09303283691406,629433
2018-02-06,225.95088018379965,227.93726154805285,224.46109416060978,227.04339599609375,224920
2018-02-07,227.3909960059199,229.07941707785906,226.05019772300645,227.44065856933594,508451
2018-02-08,227.7882756833514,230.42022477507774,227.1426926847998,227.53997802734375,520143
2018-02-09,227.8379249396429,228.13588516024737,226.84473430755224,227.2420196533203,490230
2018-02-12,227.58963785355076,228.43385599199775,227.39100274888295,227.98692321777344,255882
2018-02-14,228.08623230429427,229.22841067273785,224.4610924048434,228.93045043945312,294267
2018-02-15,229.1787462491841,231.41342524836358,226.2488368145706,229.22840881347656,871932
2018-02-16,229.72500780685812,230.46990081845308,226.4971380899467,227.04339599609375,501220
2018-02-19,227.09304233287344,228.43385580936146,225.85155398608345,226.39781188964844,342497
2018-02-20,226.44746965884454,229.07941883634572,225.90121176684804,226.34814453125,468223
2018-02-21,226.7454404757033,227.58964348013401,224.2624637187527,226.2985076904297,211613
2018-02-22,226.05019081538092,227.39098905732234,224.85834994936255,225.3052978515625,145920
2018-02-23,225.6032580216534,226.1495159293466,223.21960643975768,223.71620178222656,129514
2018-02-26,223.81551459828634,225.70257073388686,223.2692567206484,224.06381225585938,616122
2018-02-27,224.4610891071276,224.908021873045,223.21960078242003,223.81552124023438,148443
2018-02-28,223.8155146231194,226.54678885672584,223.8155146231194,224.8583526611328,621104
2018-03-01,224.75904649548195,225.5536020442304,222.67334007437813,224.262451171875,260037
2018-03-05,223.964499453461,224.80871759761294,223.46790411099212,223.71620178222656,524807
2018-03-06,223.76585573280025,226.59643998296724,222.27606976274816,223.4678955078125,624260
2018-03-07,223.6665267817299,224.36175719155594,222.42503849458123,223.26925659179688,128826
2018-03-08,223.56722552340466,225.95087706565906,222.47470972618737,225.10665893554688,470203
2018-03-09,225.15631288123078,226.44746373173106,223.96448715572524,224.8583526611328,523033
2018-03-12,224.957682694539,226.4474686726485,224.957682694539,225.70257568359375,538410
2018-03-13,225.70257939855392,227.7386232997933,224.2624559603216,225.10665893554688,199050
2018-03-14,225.10665314853625,225.9508712569454,224.01415253429172,224.4114227294922,401240
2018-03-15,224.51075079793821,227.78828299339673,223.71619524223817,224.75904846191406,746793
2018-03-16,224.75904649548195,226.14950733962675,223.81551841160606,224.262451171875,397018
2018-03-19,224.36176310662069,225.95087421802077,223.02096481408313,224.75904846191406,479701
2018-03-20,224.75905333384046,226.94406979321346,224.65972820414243,226.39781188964844,410141
2018-03-21,226.44746669781904,226.8943994563769,224.85835560640604,225.2059783935547,591646
2018-03-22,225.25565037485748,225.4046229156433,223.56722924144077,223.71620178222656,396323
2018-03-23,223.21961300668468,223.21961300668468,220.88560876646173,221.08425903320312,227325
2018-03-26,221.23323052527843,221.33255565817632,217.70740047582845,220.4386749267578,266609
2018-03-27,220.43866720927576,223.71619946662324,218.60127355409142,219.24684143066406,119663
2018-03-28,219.29650017899175,220.83594872889765,218.3529720854645,219.04820251464844,626214
2018-04-02,219.24683674625027,220.2896899633366,219.24683674625027,219.99172973632812,437203
2018-04-03,220.0413913119789,220.53798663646776,218.6509153104782,219.34616088867188,727949
2018-04-04,219.34616263511467,220.88559602937778,217.50875385792182,218.25364685058594,508838
2018-04-05,218.7005700020422,220.73661379013882,215.5223630706867,218.15431213378906,526301
2018-04-06,218.25363638875422,219.29648955947292,218.00533873643482,218.3032989501953,184914
2018-04-09,218.30331235095676,219.346165585692,217.40943165480357,218.6012725830078,760771
2018-04-10,218.75024803721973,220.24003406244483,218.00535502460718,219.74343872070312,402590
2018-04-11,219.7930953997358,222.2760720419495,217.50875385792182,218.25364685058594,282239
2018-04-12,218.30331070219648,221.72981545768732,218.30331070219648,221.2828826904297,245937
2018-04-13,221.72980302793462,223.07061640943084,221.0345726339642,221.63047790527344,213087
2018-04-16,221.48150749631785,223.9644840377564,221.48150749631785,222.921630859375,246267
2018-04-17,223.0209684159285,223.91483395872302,221.72981751142433,222.57403564453125,368727
2018-04-18,222.67333873082475,223.666529372046,220.43865978807696,221.23321533203125,65606
2018-04-19,221.23322678235235,222.22641747497795,220.4386711972744,221.0345916748047,233166
2018-04-20,221.13388896089833,221.5808368708406,218.60126496395287,218.99853515625,147853
2018-04-23,219.14752002839182,221.13390141149037,216.11830054307637,218.6509246826172,577959
2018-04-24,218.75024119850957,219.44547162423578,217.80671310967492,218.40261840820312,121567
2018-04-25,218.60126755764847,219.29649797986056,216.41623600942967,216.96249389648438,396603
2018-04-26,216.9624922895916,220.3889969668128,216.9624922895916,218.8495635986328,254800
2018-04-27,218.99853908289097,223.46789702335815,218.99853908289097,219.99172973632812,210520
2018-04-30,220.091062568328,222.17675392062753,220.091062568328,221.18356323242188,282313
2018-05-02,221.18356901168622,222.57404510443794,220.6373110879226,221.08425903320312,84760
2018-05-03,221.18355941964586,222.0774401165545,220.28969387762416,220.98492431640625,263827
2018-05-04,221.08423402812844,221.9284369467479,219.74342065371076,220.1903533935547,234802
2018-05-07,220.2896967137976,221.48152250346664,219.99173647765855,220.53799438476562,316327
2018-05-08,220.63730444593787,221.77948282576676,219.89241143274444,221.33255004882812,265755
2018-05-09,221.13388457936227,222.67333306506234,220.73661439493662,222.1270751953125,247674
2018-05-10,222.07744501211198,222.77267546622,220.7366315146351,221.8291473388672,314660
2018-05-11,221.9284380746279,222.42503337806403,220.48831472564032,220.8359375,267325
2018-05-14,220.93526556037048,221.77948370730016,220.48833278165537,221.18356323242188,246196
2018-05-15,221.18356235325714,222.9713086158988,220.73662957631853,221.33255004882812,259811
2018-05-16,221.23321718384554,221.77947507206693,220.33935166121898,220.9352569580078,231637
2018-05-17,220.98491952146188,221.97811017099653,219.94206630847316,220.9352569580078,262948
2018-05-18,220.98493284792121,221.58085333553353,219.99174213849236,220.4386749267578,200702
2018-05-21,220.48832780576052,221.48151847155222,218.35297393626308,218.750244140625,222275
2018-05-22,219.2468280129914,219.99172097339792,217.50874443870947,218.94886779785156,204850
2018-05-23,218.99853809957506,220.88559427067796,217.85637491520538,219.34616088867188,45196
2018-05-24,219.49513244628906,220.4883230908424,218.75023946287405,219.49513244628906,164228
2018-05-25,219.5944729619683,222.57404510443794,218.60128224781175,221.08425903320312,281025
2018-05-28,221.18356717494888,224.46109953542594,221.18356717494888,222.9713134765625,292310
2018-05-29,223.16993713378906,224.65972311619737,222.62367924259533,223.16993713378906,283138
2018-05-30,222.7726714511938,223.46790189277166,219.04820641964758,220.04139709472656,111108
2018-05-31,220.19037254421622,222.0774439447393,220.04140000294026,221.18356323242188,246845
2018-06-01,221.2828893479611,222.37539001691687,220.3890086316657,221.0345916748047,293044
2018-06-04,221.03459646651777,223.07064046151623,220.48833854275415,221.08425903320312,311880
2018-06-05,221.08425424041343,221.82914725988263,218.89922259272728,221.0345916748047,253030
2018-06-06,221.13390260817528,222.82233891685595,221.13390260817528,221.68016052246094,239411
2018-06-07,221.7794867120149,223.41824530780158,221.72982414595432,222.32574462890625,250832
2018-06-08,222.17675770948952,222.62369049582634,219.3958207041119,219.79310607910156,380170
2018-06-11,219.8923931820301,221.33253167858462,219.544785564323,220.1903533935547,276466
2018-06-12,220.33935107324535,220.58764873496645,214.77747738873842,216.16793823242188,127521
2018-06-13,216.0189666748047,217.06181988972935,215.47270878556924,216.0189666748047,294726
2018-06-14,216.01896568563362,216.96249376914528,214.47951715206904,215.37339782714844,155072
2018-06-15,216.06863685952467,217.21080008694156,215.6217040816175,216.41624450683594,323501
2018-06-18,216.61489290600431,217.50875845413498,215.7210122029866,216.71420288085938,359668
2018-06-19,216.76386141860206,217.01215908345728,212.5428011160634,214.92645263671875,342694
2018-06-20,216.01897513798806,216.86319328668912,208.07344961567125,213.8836212158203,546870
2018-06-21,216.56522358410754,217.0121563442282,216.01896569734384,216.16793823242188,62806
2018-06-22,216.3169223563918,219.4951293430515,215.96929957375824,217.55841064453125,127865
2018-06-25,218.00534624446695,219.94206496828104,217.35977838815776,217.90602111816406,287982
2018-06-26,218.00536249871945,218.94889064939923,217.4591045730982,217.75706481933594,264978
2018-06-27,217.80672643995564,219.19718737650751,217.01217083840274,217.1114959716797,158476
2018-06-28,217.3101051825609,217.6577127978244,216.11827949972684,216.3665771484375,233835
2018-06-29,216.5155764224184,218.4522952906322,216.5155764224184,217.75706481933594,351212
2018-07-02,217.9060181429245,218.30330348782505,215.0257713781053,216.76385498046875,272129
2018-07-03,216.81350988513955,217.459077709833,215.4230339594283,216.3665771484375,319515
2018-07-04,216.56521959903145,218.10466810435167,214.03258046510285,214.3802032470703,372931
2018-07-05,214.77747272666838,217.21078672773893,213.28768678867993,216.1182861328125,525850
2018-07-06,216.21760588148626,219.29650302120234,216.21760588148626,218.6012725830078,274150
2018-07-09,218.70057787390442,220.58764919989395,218.70057787390442,219.34616088867188,243317
2018-07-10,219.39579788111777,222.42503224766023,219.24682535279842,220.1903533935547,97939
2018-07-11,220.1903648360382,222.4250438062718,219.84275720026722,219.99172973632812,315264
2018-07-12,222.07744616365153,226.6461142821136,222.07744616365153,225.65292358398438,462072
2018-07-13,225.40461349125968,227.4903199043784,224.95768073270182,225.2059783935547,294462
2018-07-16,225.4046115168365,226.34813958883532,224.3121109115855,224.70938110351562,243726
2018-07-17,224.85835941546318,227.44066119403138,224.85835941546318,225.4046173095703,238955
2018-07-18,225.60324092535333,226.7950817808702,224.51074034764423,224.80870056152344,359434
2018-07-19,224.9576854199435,225.60325328965746,223.765859653994,224.46109008789062,372798
2018-07-20,224.65971841507,225.70257161191088,223.16993246383623,223.91482543945312,231974
2018-07-23,224.16312691065448,225.40461522446503,222.32573329914686,223.3189239501953,256270
2018-07-24,223.3685645813739,224.31210779515015,221.68014355679907,222.7726593017578,305138
2018-07-25,222.87198735880006,224.70939621856428,222.226419464768,223.1202850341797,252637
2018-07-26,223.56722827489227,224.3617686954977,221.9284545588976,223.0706329345703,61826
2018-07-27,223.16993800701584,224.46108889446577,221.5311794819092,222.22640991210938,312116
2018-07-30,222.57404131820448,224.21279990673065,221.72982316357746,222.47471618652344,367545
2018-07-31,222.7726546572671,225.90119898596282,222.5243570072155,223.51754760742188,364029
2018-08-01,223.76585573280025,226.695765109592,223.26926040944954,223.4678955078125,271900
2018-08-02,223.71620650599422,224.26246442522165,222.52438068988099,222.9713134765625,351112
2018-08-03,223.12027819728416,225.1066595394541,220.3393564421558,220.98492431640625,252470
2018-08-06,221.2828808371479,223.8155200369122,221.2828808371479,221.58084106445312,350084
2018-08-07,221.3821812245594,222.57402208217758,220.24001808337567,221.48150634765625,385290
2018-08-08,221.53118035611578,222.32573591728868,220.984922460629,221.2828826904297,238546
2018-08-09,221.48152258951194,222.9216460507085,221.08425237776365,221.33255004882812,251749
2018-08-10,222.12707687457004,222.17673943672023,219.94206053393827,220.24002075195312,133631
2018-08-13,220.63729178414442,220.88558944095976,218.7998982166428,219.29649353027344,384597
2018-08-14,220.39248313209563,221.43865303745656,219.79468261695027,220.69139099121094,287304
2018-08-16,220.69138320970848,221.488465738216,219.79467486706545,220.04376220703125,213034
2018-08-17,220.5419469757329,221.28920902981412,220.09357758081586,220.49212646484375,225738
2018-08-20,220.69138811836112,221.83718382645495,219.94412608184297,220.9404754638672,272306
2018-08-21,221.43864784233708,222.6840845568609,220.49211897991594,221.13973999023438,250701
2018-08-23,221.18957203498658,221.58810572318473,219.14705267602835,220.14340209960938,222140
2018-08-24,220.49213104562816,221.18957260330973,219.79468948794658,220.0935821533203,342461
2018-08-27,220.39248945550463,222.83354250266098,219.49578105551598,220.14340209960938,121031
2018-08-28,220.64156817143672,222.38517959442652,220.2430344988445,220.89065551757812,363704
2018-08-29,221.28920326461844,222.38517846019977,220.79102857487646,220.99029541015625,278848
2018-08-30,221.3888302098609,222.58444643072264,220.64156817143672,220.89065551757812,350311
2018-08-31,221.18956106259486,222.43499778028965,220.69138637551694,221.0899200439453,273686
2018-09-03,221.1895651234846,222.3353608435659,220.64156991702112,220.7412109375,251644
2018-09-04,220.89066184379902,223.28190955709192,219.89431243069836,220.34266662597656,417360
2018-09-05,220.39248487884794,221.48847530326208,220.14339752812523,220.5419464111328,306187
2018-09-06,220.74121263049747,222.68409092005538,220.1433969092095,220.5917510986328,428806
2018-09-07,220.7412132510939,221.83718847242267,220.14339752812523,220.5419464111328,274610
2018-09-10,221.0401184759848,221.08992378306695,218.4496039781343,219.44595336914062,254099
2018-09-11,219.69503784179688,221.08992088971715,218.84813478929067,219.69503784179688,317919
2018-09-12,219.9939424678474,220.3924761319527,217.90160272358276,218.64886474609375,44973
2018-09-14,218.74850841267235,221.58809501075012,218.20051321557787,219.74485778808594,352247
2018-09-17,219.74485744636704,220.29285264260932,217.90160502348428,218.44960021972656,435693
2018-09-18,218.6986915710001,220.0935746387382,217.35361381039993,218.1008758544922,155954
2018-09-19,218.69869100564935,219.44595304780987,216.55654589935654,218.15069580078125,108002
2018-09-21,218.20052207481254,220.193220906546,216.80563897383337,217.65252685546875,355668
2018-09-24,217.4034369439381,218.05107317848393,216.0085538593685,216.55654907226562,559248
2018-09-25,216.70598812934495,221.2892013158432,215.4605514159579,215.8590850830078,354264
2018-09-26,216.2078140637,218.4994206635175,215.56019305211646,215.8092803955078,437028
2018-09-27,216.00854779326008,217.303805022892,214.36456220073632,215.75946044921875,434247
2018-09-28,216.00855611387013,219.9441332607039,213.11913368983969,216.35726928710938,536112
2018-10-01,216.5565507670412,217.75216702075568,214.4143904095125,216.40708923339844,397957
2018-10-03,216.40708666849153,217.65252341865906,214.71329572888078,215.3111114501953,459438
2018-10-04,215.2114750056858,216.50673229402233,213.866397205666,214.91256713867188,114485
2018-10-05,214.91255880855238,215.6100003358279,213.66712208017285,214.31475830078125,70526
2018-10-08,214.31476429903586,216.2078220979217,214.11548225444957,215.11183166503906,257589
2018-10-09,215.56019817961663,218.10087698017531,215.2114698093396,215.3609161376953,356742
2018-10-10,215.41073552005403,218.30015787884292,214.46420663822593,215.46055603027344,437076
2018-10-11,214.91255649470506,216.15799320967562,213.9660276319444,214.51402282714844,410704
2018-10-12,214.21511323409774,217.25398183454723,212.57114286493044,214.66346740722656,219439
2018-10-15,214.713297418357,216.3572678602796,214.1653022033543,215.16165161132812,377937
2018-10-16,215.56019327414418,216.55654264873587,214.0158487029101,214.46420288085938,167217
2018-10-17,214.81293237167085,215.9587280772365,213.7169419726285,214.36456298828125,391768
2018-10-19,214.31476287269243,215.06202492566123,213.5675008197236,213.9162139892578,275637
2018-10-22,215.06202322420083,215.06202322420083,213.61730443742266,214.065673828125,58222
2018-10-23,215.85909171683912,215.85909171683912,213.21877188454962,213.96603393554688,254182
2018-10-24,215.11182853153642,215.709644250416,213.21877076022645,214.065673828125,318532
2018-10-25,214.26494325127422,214.6634769332777,212.02315708306227,212.52133178710938,284428
2018-10-26,212.91985536413316,213.36820953587997,211.47515183157793,212.07296752929688,217271
2018-10-29,212.42168355936747,213.31840711808516,211.22606735082883,211.82388305664062,292976
2018-10-30,212.62095152446452,214.21511661305146,210.82753480366048,211.7242431640625,377827
2018-10-31,212.7205885325884,214.21511257380098,211.2758850000332,212.07296752929688,304067
2018-11-01,212.6707763671875,213.81658729891913,211.12643175673162,212.6707763671875,374227
2018-11-02,212.72059806298137,213.46786011706678,211.77406916842358,212.57115173339844,355133
2018-11-05,212.7205936761082,212.7704141859702,210.67807439644656,211.62460327148438,347367
2018-11-06,212.2224178538603,212.77041305325486,211.07662214855938,211.7242431640625,253928
2018-11-07,211.6744203482446,214.21511427914916,211.52497402416753,211.9235076904297,23104
2018-11-09,212.22242017040824,212.4216870078855,210.82753710498235,211.5249786376953,280848
2018-11-12,211.724248620499,212.42169016357298,209.38282143687343,209.93081665039062,57738
2018-11-13,209.6817304831154,210.72790040517663,209.0341094472651,209.83119201660156,150678
2018-11-14,209.8810013421212,210.82754546306214,208.53593873351207,209.4824676513672,323442
2018-11-15,209.73155268929906,210.82754313138,208.83484429347692,209.68173217773438,258539
2018-11-16,210.27954125522515,210.67807492895838,208.73519666410994,208.93446350097656,280945
2018-11-19,209.73154980995312,210.72789921522607,208.33666672380517,209.93081665039062,253058
2018-11-20,210.37916361539226,210.62825095815407,207.63920284501233,209.23336791992188,288834
2018-11-21,209.63190479269005,211.77406509504937,208.3864680598364,210.279541015625,241657
2018-11-22,210.1300780257033,210.6282527153831,208.38646661182403,209.08392333984375,277776
2018-11-26,209.0341037226003,212.17259819974686,208.4861085209962,210.32936096191406,627894
2018-11-27,209.58209972464945,210.08027441835856,208.6355556441341,208.93446350097656,563617
2018-11-28,209.13373033784316,209.6817255415402,208.6355556441341,208.93446350097656,229160
2018-11-29,209.03410626983697,209.73154780624782,208.53593157195988,208.78501892089844,477799
2018-11-30,208.83483943130318,209.43263994690452,208.38647004074562,208.78501892089844,168934
2018-12-03,209.43264226845884,209.43264226845884,207.78867182847526,208.58575439453125,211421
2018-12-04,208.78502236622893,209.73155126719777,207.83849346526011,208.48611450195312,240433
2018-12-05,208.78501684821072,209.2831915411422,207.14103123968567,207.6392059326172,317547
2018-12-06,207.73884638868122,209.48245780920973,207.09122537086182,207.68902587890625,307071
2018-12-07,207.8882965141412,211.72424779064107,207.19085497380087,211.32571411132812,173390
2018-12-10,211.0766201195794,211.67442061973935,209.8311834070567,210.5784454345703,288354
2018-12-11,210.67806950594291,212.17259354860002,210.5286231829111,210.72789001464844,295466
2018-12-12,211.17625231778794,221.83718785860486,203.80327283803035,215.3111114501953,691400
2018-12-13,215.36090983621818,217.60269591447064,213.5674931360841,215.90890502929688,317209
2018-12-14,216.008544921875,217.5030689662564,215.65981656361876,216.008544921875,293975
2018-12-17,216.95508535199403,216.95508535199403,214.71329916580808,215.01220703125,248863
2018-12-18,215.0121963293848,215.90890467799284,214.31475481345805,214.6136474609375,331061
2018-12-19,215.16165421195527,215.8092904568174,213.31841690677604,213.6173095703125,198270
2018-12-20,214.16530422529175,215.0620278227854,213.26859583088364,213.66712951660156,241170
2018-12-21,214.56384644930716,215.16164695931514,212.42168614662788,212.91986083984375,255920
2018-12-24,213.1689565563458,214.31476751758262,212.22242764268802,213.51768493652344,247622
2018-12-26,212.96968397258163,215.5601984904413,212.91986346202947,214.01585388183594,291729
2018-12-27,214.96237955372237,215.56019526523326,211.62460303677585,212.9696807861328,227331
2018-12-28,213.41803496822345,214.46420486182498,212.72059344018413,212.9696807861328,233495
2018-12-31,213.91620966012084,214.01585067973434,211.97333140233806,212.9696807861328,262160
2019-01-01,214.0158524358018,214.06567294601737,212.47150783763107,212.8202362060547,350449
2019-01-02,213.56749881607135,213.56749881607135,212.32206207280777,212.77041625976562,327557
2019-01-03,213.56749213697395,213.61729744267868,211.47515239249276,212.0231475830078,225313
2019-01-04,213.0195001691677,214.41438321786808,211.9235097715567,213.06932067871094,266202
2019-01-07,213.46785203800889,214.66346823867832,212.67076950320097,213.26858520507812,251051
2019-01-08,212.7205885325884,213.86638421628416,211.2758850000332,212.07296752929688,308124
2019-01-09,212.42168124715434,213.86638478354146,211.6245987157765,212.0231475830078,367606
2019-01-10,212.02316165447976,213.11913690516235,211.77407429708566,212.12278747558594,275285
2019-01-11,212.96967700281377,214.3645600341129,211.52497346259292,211.97332763671875,325592
2019-01-14,212.96968624991945,212.96968624991945,210.92716692012183,211.17625427246094,190065
2019-01-15,212.0729767288796,212.47151040925718,210.72789895220583,211.27589416503906,219217
2019-01-16,211.62460018496603,215.51037185125284,210.57844550854736,213.21876525878906,253876
2019-01-17,213.9660307362141,214.61365175616066,212.6707734932358,212.91986083984375,241670
2019-01-18,213.2187686963903,215.31110848913096,212.27223981989718,212.91986083984375,204392
2019-01-21,213.66712231417216,214.91255904391562,212.47150609423545,212.9696807861328,219854
2019-01-22,213.56749938237556,213.56749938237556,212.32206263580954,212.72059631347656,178459
2019-01-23,212.82023733443594,213.61730468976998,212.37186794320394,212.72059631347656,223299
2019-01-24,211.57480688757477,213.916218918984,211.57480688757477,212.172607421875,403794
2019-01-25,213.01950733086446,213.2187741726517,210.72790064259738,211.12643432617188,271269
2019-01-28,212.17259990630038,213.0195029704172,209.13373122122175,210.17990112304688,299671
2019-01-29,210.52862492545242,211.97332847136178,210.42898390721666,210.5784454345703,367991
2019-01-30,210.52863441983155,212.72060009210733,209.53228500488024,211.07662963867188,277757
2019-01-31,211.22607134312426,213.46785747766214,209.43263939487693,211.47515869140625,313829
2019-02-01,212.1726045411833,213.41804130792315,211.07662930830355,212.42169189453125,233490
2019-02-04,212.52133348249993,213.418041875704,211.92351775164013,212.3718719482422,195229
2019-02-05,212.96968511127184,213.0195056220904,211.02680681403172,211.27589416503906,344462
2019-02-06,212.07298132674111,212.87004870477713,210.0304619635809,210.87734985351562,303684
2019-02-07,212.67076766201802,212.9198550017962,210.1798942642359,210.7777099609375,270982
2019-02-08,213.2187712671851,213.2187712671851,209.63190735154973,211.37551879882812,286215
2019-02-11,211.22607885620812,211.82389459458264,210.42899627273735,210.82754516601562,250296
2019-02-12,211.77406679920492,211.77406679920492,209.43263964136446,210.1300811767578,315930
2019-02-14,213.2187677575246,213.2187677575246,208.23702084730206,209.0341033935547,237747
2019-02-15,210.13008381260082,210.13008381260082,208.4362928616602,208.58575439453125,269399
2019-02-18,210.2297271131654,210.2297271131654,208.03776143506707,208.386474609375,194519
2019-02-19,208.5359254901515,210.22971637291823,207.9381097888998,207.98793029785156,226386
2019-02-20,208.03775136973567,208.93445972095483,207.14102781543167,207.9381103515625,284520
2019-02-21,209.2333745562596,209.2333745562596,207.04140891104922,207.34031677246094,197601
2019-02-22,209.23336665086973,209.23336665086973,206.44358538824116,206.6926727294922,287264
2019-02-25,208.23702017938064,217.20416458901903,206.2443214216832,206.44358825683594,546129
2019-02-26,206.29415000558856,206.89195053444467,205.4472469191854,205.74615478515625,231691
2019-02-27,209.18355048773415,209.18355048773415,204.65015774216835,204.99888610839844,209688
2019-02-28,205.0985271282028,206.79231804328091,204.50071141554693,204.99888610839844,197288
2019-03-01,205.09852656445273,207.1908511468269,204.45089034367484,205.0487060546875,181238
2019-03-05,199.26987768860127,206.44359024477387,199.26987768860127,204.94906616210938,326583
2019-03-06,205.84578515677788,206.79231401413656,204.65015375476187,205.3476104736328,330582
2019-03-07,205.54688822445522,206.74250448689483,203.85309725240862,204.4010772705078,350551
2019-03-08,204.60035356093317,206.09487764770967,203.1058294741567,204.8992462158203,177747
2019-03-11,206.24432516698,206.24432516698,204.3014468835603,204.79962158203125,216037
2019-03-12,205.2479745839689,206.24432397515324,204.60035356093317,204.8992462158203,212263
2019-03-13,205.7461516469886,208.88464618409836,203.75345284169092,207.34031677246094,800548
2019-03-14,208.2370205154236,209.582098260274,205.69632655464235,207.7388458251953,264907
2019-03-15,207.63921026219148,209.68172958641713,205.1981572565447,205.94541931152344,334317
2019-03-18,206.64285509198868,208.23702017938064,205.59670040666555,206.44358825683594,374266
2019-03-19,207.93812018197443,207.93812018197443,205.54688766361969,207.0912322998047,468041
2019-03-20,207.04141235351562,208.13738759280085,206.84214551028973,207.04141235351562,160697
2019-03-22,207.04141467260635,208.18721043630364,205.24798265731363,206.84214782714844,352350
2019-03-25,206.09487915039062,206.8919465066815,205.19815556993544,206.09487915039062,293512
2019-03-26,207.24068032895218,207.63921401758125,204.94907361162066,206.9417724609375,249697
2019-03-27,208.08756983014516,208.13737513565655,205.44723490539937,206.7923126220703,661401
2019-03-28,208.18720959169286,208.18720959169286,204.3512734221617,205.59671020507812,407095
2019-04-01,205.69632269708598,212.47150139774837,205.24796852490582,210.72789001464844,443703
2019-04-02,211.22606413192133,217.40342711780397,209.88098641588513,210.7777099609375,548103
2019-04-03,211.02680362111633,212.3718661743534,209.73154637485885,210.22972106933594,386484
2019-04-04,211.02680594288503,211.77406799282224,209.78136919298967,210.03045654296875,222660
2019-04-05,210.97699002574407,213.36822255637185,209.5322864050279,212.27224731445312,397375
2019-04-08,212.22242476063,213.06932784208266,210.92716748438463,211.12643432617188,229433
2019-04-09,211.0766290180392,211.72425005461912,210.82754166503375,211.12643432617188,201428
2019-04-10,212.22241519065187,212.22241519065187,210.3293574744105,210.6282501220703,240212
2019-04-11,210.9271697998047,212.12278606673837,210.22972824435053,210.9271697998047,273310
2019-04-12,212.122772473889,212.122772473889,209.63189907610692,210.7777099609375,458937
2019-04-15,210.82753503318824,211.42533553974542,209.98063197837595,210.37916564941406,325441
2019-04-16,212.22242709026852,212.22242709026852,210.52863611185535,210.9271697998047,321295
2019-04-18,212.12278436190232,212.12278436190232,210.52863441983155,211.07662963867188,347915
2019-04-22,211.22607681772638,211.47516417246425,209.1337369566939,209.68173217773438,250648
2019-04-23,211.22607801328613,211.22607801328613,208.43629658381425,209.5821075439453,250414
2019-04-24,209.63191166616966,210.32936842190423,208.7352032703475,209.68173217773438,215742
2019-04-25,211.2260736132391,211.2260736132391,207.9381175399631,208.63555908203125,277488
2019-04-26,209.03410362740513,209.03410362740513,207.3403127166516,207.68902587890625,322342
2019-04-30,207.73885560915747,208.83484606051204,206.7425061817754,206.89195251464844,176004
2019-05-02,206.94177133035987,210.0802811227388,206.79232499871185,207.04141235351562,257735
2019-05-03,207.04140227190078,207.93811062429606,206.19449922557254,206.59304809570312,253440
2019-05-06,208.08758022831844,208.08758022831844,205.59670670489152,205.89559936523438,290424
2019-05-07,206.14468006569712,208.03775300426713,204.60035069347325,205.14833068847656,182224
2019-05-08,205.0985363534587,207.14104052355293,203.65381751673831,204.20181274414062,285263
2019-05-09,204.69998400520996,209.08393054736618,204.0523629675355,204.50071716308594,235090
2019-05-10,206.1446864759099,206.1446864759099,203.952720818481,204.60035705566406,246873
2019-05-13,204.55053654463683,207.14103588411265,203.75345397745755,204.60035705566406,322401
2019-05-14,209.13373381421061,209.13373381421061,200.21640968920488,203.35491943359375,214721
2019-05-15,203.30509486763034,205.19815261619942,203.10582803142597,203.70362854003906,422751
2019-05-16,204.1519867943096,207.1908555170663,202.25892900798138,203.35491943359375,331176
2019-05-17,203.55418307328384,205.09852766578845,202.05965899081198,202.30874633789062,261578
2019-05-20,206.24432280654725,206.24432280654725,201.26257587885289,202.3585662841797,291339
2019-05-21,202.20910905864903,204.9988904381572,201.9102011960079,203.3050994873047,183393
2019-05-22,203.60400848149152,208.1872066561471,202.50801804674478,203.20545959472656,264488
2019-05-23,209.13372401807564,209.13372401807564,202.45818636471748,202.8567352294922,265353
2019-05-24,203.05600410064636,205.24796966813568,202.40836789003677,204.00253295898438,308701
2019-05-27,204.0523526425413,207.2904880732359,203.70362428415567,205.3974151611328,240820
2019-05-28,206.59304579077065,209.83118120941543,205.99523009378697,206.7923126220703,204316
2019-05-29,207.98794274704338,207.98794274704338,205.24798182462723,205.59671020507812,320406
2019-05-30,206.19450233062506,206.69267702347656,204.5505319254491,204.99888610839844,216457
2019-05-31,205.64650888121042,206.09487827106767,204.69997999733948,204.8494415283203,186366
2019-06-03,205.59669950641097,205.6963253220086,204.600350131925,205.19815063476562,320730
2019-06-04,205.04870283528845,205.6465033338302,203.50435827532385,204.00253295898438,192055
2019-06-06,204.6501585238065,204.6501585238065,199.1702368815099,200.9636688232422,290733
2019-06-07,201.2625732421875,203.3549130056422,200.9138448805834,201.2625732421875,279243
2019-06-10,202.65745917637514,202.65745917637514,199.71823152618614,201.01348876953125,343776
2019-06-11,201.11312691754856,203.00618464403811,200.0171365265799,201.2625732421875,361852
2019-06-12,201.26257436864964,203.10582679929948,200.46549182558252,201.16293334960938,205002
2019-06-13,203.05600189372092,203.05600189372092,200.01713331580288,200.21640014648438,290814
2019-06-14,200.61496028174835,201.5116686717357,199.2698824936818,200.5651397705078,230416
2019-06-17,203.05600309106174,203.05600309106174,199.61860083151169,200.1167755126953,447287
2019-06-18,200.6647606427876,202.0098383976931,199.26987758095495,199.6684112548828,484692
2019-06-19,200.16658770137894,201.21275760845563,199.1702383047507,199.5189666748047,384807
2019-06-20,199.71823407837718,201.2127581775465,198.8215257001097,199.46914672851562,335967
2019-06-21,199.71823464352332,201.01349190708567,199.17023943166015,199.41932678222656,339521
2019-06-24,199.7182274179768,200.71457678419577,197.77534919446674,198.7218780517578,384795
2019-06-25,199.17024293059026,201.71093699161835,198.47280137736908,199.1204376220703,200354
2019-06-26,199.1204393192938,199.61861403342456,198.8215314501982,198.97097778320312,153576
2019-06-27,199.0706193734298,199.8677019589231,198.7218909913122,198.92115783691406,205105
2019-06-28,199.07060584768345,200.1665810255712,198.57243116598409,198.77169799804688,123493
2019-07-01,198.87134132478698,199.8676906997547,198.22370510920703,198.5724334716797,313786
2019-07-02,198.87133901562066,200.1665810255712,198.57243116598409,198.77169799804688,245797
2019-07-03,198.9211437585431,199.81786730491584,198.62225111283692,198.82151794433594,266729
2019-07-04,198.87135252782792,199.51897357680548,198.57244465788222,198.92115783691406,338408
2019-07-05,199.12042579312686,200.3160419852058,198.72187692704406,198.82151794433594,265163
2019-07-08,198.87134076100452,199.76804911469938,198.47279189029632,198.62225341796875,223667
2019-07-09,198.8713384529819,199.469138947479,198.4727895868991,198.82151794433594,240277
2019-07-10,200.26622380077097,200.26622380077097,198.52261239952048,198.62225341796875,239398
2019-07-11,198.72187923333212,200.16658278232268,198.47279189029632,198.62225341796875,244982
2019-07-12,198.72188986124627,200.51532186763606,198.52262301677757,199.0207977294922,309013
2019-07-15,199.26988361684573,201.01349509849314,198.92115523928203,200.4654998779297,232626
2019-07-16,200.61495075786576,202.00983378786742,199.9673145486555,200.06695556640625,242169
2019-07-17,200.1167887475553,201.16294348476126,198.87135196222843,198.97097778320312,322533
2019-07-18,199.26987324379522,200.16658159215837,198.6222522369868,198.7218780517578,203243
2019-07-19,199.2698862190317,200.4655024957287,198.42298312136649,198.92115783691406,341261
2019-07-22,199.07060815916356,199.6684086622932,198.37316663730314,198.5724334716797,214857
2019-07-23,198.72188036033236,199.61860392219765,198.3233466904489,198.52261352539062,432663
2019-07-24,198.72187676940842,199.26987195790963,195.63320287591165,196.18118286132812,359506
2019-07-25,196.97826692702148,201.1131259242679,193.93939831533066,197.37681579589844,415857
2019-07-26,198.0742642110192,202.15928763845696,197.0779148087536,199.41932678222656,212368
2019-07-29,199.17023278998906,200.2662231771677,198.4727912722776,198.67205810546875,408421
2019-07-30,199.02078590224048,201.26257197623318,198.1738828597204,198.7218780517578,171046
2019-07-31,198.67206793745578,200.16659206497854,197.37682585607124,197.82518005371094,304356
2019-08-01,197.97462695104394,199.12043790727083,197.3768264201777,197.77536010742188,209121
2019-08-02,197.67571964931344,199.02079745300858,197.32700647274905,197.7255401611328,165351
2019-08-05,197.77534771566886,199.02078441413025,197.028085696592,197.52626037597656,269044
2019-08-06,197.57609008735395,198.6222600034076,196.43027914954837,196.72918701171875,203157
2019-08-07,196.67936273849995,198.07426100091652,195.48374651577512,195.7328338623047,363173
2019-08-08,197.5262605782779,198.27352259812008,195.18483350153858,196.18118286132812,312528
2019-08-09,197.07790991357587,198.47279296086634,195.73283217269326,195.88229370117188,412516
2019-08-13,196.7291826820641,197.97461941112638,195.38412013652786,195.78265380859375,283860
2019-08-14,195.7328338623047,197.12773212472123,195.4339260058522,195.7328338623047,305545
2019-08-16,199.2698790031681,205.24797537326316,194.83612723596468,195.58338928222656,521784
2019-08-19,195.7328289492329,198.82151804990448,194.08885858463705,194.83612060546875,370597
2019-08-20,194.9855686181415,196.03173849698894,193.54086507263074,194.68666076660156,215323
2019-08-21,194.73649281682557,195.63321642459005,193.24196867363722,193.69032287597656,233785
2019-08-22,194.48740085006895,199.26988103553896,193.54087195576722,196.72918701171875,116805
2019-08-23,193.7899581428464,197.77535573961444,193.44122977189505,194.18849182128906,239243
2019-08-26,194.78631395403065,195.58339654023976,193.29178980604576,193.64051818847656,159835
2019-08-27,193.78996452204072,195.2844886700256,193.1423434724816,193.64051818847656,172154
2019-08-28,193.74012930562014,194.38776550911174,193.34159564430584,193.59068298339844,139780
2019-08-29,193.74014027125108,195.53357225484254,189.30638842507048,192.6441650390625,247678
2019-08-30,193.5906921827309,195.23466261762894,192.69396859753482,192.79360961914062,200758
2019-09-03,192.74379085848756,193.4910529180602,192.4448829940414,192.6441650390625,290849
2019-09-04,192.74378623452156,194.18848980775283,192.49469888730636,193.04269409179688,197036
2019-09-05,192.3452554280853,195.28448312843184,192.3452554280853,192.79360961914062,254504
2019-09-06,192.79361018380038,195.23466318943812,192.4947023211929,192.74378967285156,223924
2019-09-09,192.69396916190274,194.2881342937523,192.34525599143188,192.74378967285156,231819
2019-09-11,192.74378910833772,194.7364879157707,192.59434277901443,192.79360961914062,241645
2019-09-12,194.1386879639913,194.1386879639913,192.09616863977323,192.74378967285156,324455
2019-09-13,193.54087110537253,193.74013794491543,192.4947011939156,192.8434295654297,224945
2019-09-16,193.29178545352926,193.93940648850534,192.24561553288018,192.6939697265625,384433
2019-09-17,193.29178545352926,193.29178545352926,192.49470288526874,192.6939697265625,85706
2019-09-18,193.69032295794023,193.69032295794023,190.80091569445435,191.0500030517578,233418
2019-09-19,192.4499969482422,197.9499969482422,185.3000030517578,193.75,195952
2019-09-20,194.8000030517578,195.5,192.25,192.4499969482422,279407
2019-09-23,197.0,197.0,192.35000610351562,193.1999969482422,304000
2019-09-24,194.6999969482422,194.6999969482422,192.5,192.8000030517578,300580
2019-09-25,193.1999969482422,193.5500030517578,191.1999969482422,191.9499969482422,261816
2019-09-26,194.9499969482422,194.9499969482422,191.10000610351562,191.89999389648438,299450
2019-09-27,194.60000610351562,194.60000610351562,191.4499969482422,191.6999969482422,190805
2019-09-30,191.6999969482422,193.85000610351562,191.35000610351562,191.5500030517578,213895
2019-10-01,192.4499969482422,193.3000030517578,190.3000030517578,190.60000610351562,245204
2019-10-03,193.0,193.0,189.60000610351562,190.1999969482422,310423
2019-10-04,192.89999389648438,192.89999389648438,186.6999969482422,190.39999389648438,323906
2019-10-07,190.5,191.89999389648438,189.75,190.0,365496
2019-10-09,191.5,191.5,189.5500030517578,189.6999969482422,341457
2019-10-10,191.9499969482422,193.25,189.5500030517578,189.64999389648438,401008
2019-10-11,189.6999969482422,192.9499969482422,189.0500030517578,189.25,228585
2019-10-14,189.60000610351562,191.5,189.14999389648438,189.60000610351562,307915
2019-10-15,189.60000610351562,191.60000610351562,187.25,187.5,281923
2019-10-16,189.8000030517578,189.8000030517578,186.5,186.9499969482422,157572
2019-10-17,188.14999389648438,189.4499969482422,186.39999389648438,186.6999969482422,138066
2019-10-18,187.39999389648438,188.9499969482422,185.85000610351562,186.85000610351562,134664
2019-10-22,186.8000030517578,190.0,185.6999969482422,186.5500030517578,223743
2019-10-23,190.0,190.0,185.89999389648438,186.4499969482422,141109
2019-10-24,189.9499969482422,189.9499969482422,185.5,185.8000030517578,139409
2019-10-25,188.25,189.10000610351562,183.6999969482422,186.25,292236
2019-10-27,188.8000030517578,188.8000030517578,186.25,186.5,6858
2019-10-29,189.35000610351562,189.35000610351562,185.0,185.75,299478
2019-10-30,188.0,188.0,183.5,184.35000610351562,146487
2019-10-31,185.5,187.9499969482422,182.85000610351562,183.4499969482422,127290
2019-11-01,185.14999389648438,186.75,184.4499969482422,184.8000030517578,51794
2019-11-04,188.8000030517578,188.8000030517578,182.64999389648438,184.5500030517578,172584
2019-11-05,184.89999389648438,187.89999389648438,184.64999389648438,184.8000030517578,64294
2019-11-06,186.5,186.89999389648438,184.85000610351562,185.5500030517578,711224
2019-11-07,187.9499969482422,187.9499969482422,182.3000030517578,183.14999389648438,498017
2019-11-08,183.39999389648438,186.3000030517578,182.1999969482422,185.8000030517578,212387
2019-11-11,186.8000030517578,187.8000030517578,184.64999389648438,184.85000610351562,178432
2019-11-13,185.6999969482422,185.75,183.85000610351562,184.25,109986
2019-11-14,185.60000610351562,185.60000610351562,183.14999389648438,183.9499969482422,191776
2019-11-15,184.9499969482422,185.0,181.89999389648438,182.85000610351562,290546
2019-11-18,185.0,185.0,181.0500030517578,181.85000610351562,162369
2019-11-19,182.89999389648438,182.89999389648438,181.10000610351562,182.10000610351562,108906
2019-11-20,183.0,183.0,180.9499969482422,181.3000030517578,302583
2019-11-21,183.0,183.0,181.25,181.35000610351562,55713
2019-11-22,183.0,183.0,181.0,181.1999969482422,48766
2019-11-25,182.0,183.5,181.39999389648438,182.3000030517578,175972
2019-11-26,182.39999389648438,185.14999389648438,178.89999389648438,182.8000030517578,193762
2019-11-27,184.89999389648438,184.89999389648438,180.0,181.25,109694
2019-11-28,182.39999389648438,184.5,181.5,181.9499969482422,166754
2019-11-29,186.89999389648438,186.89999389648438,181.0,181.4499969482422,241421
2019-12-02,181.39999389648438,183.25,180.5,180.8000030517578,193479
2019-12-03,181.8000030517578,182.9499969482422,179.75,180.60000610351562,60994
2019-12-04,181.4499969482422,183.8000030517578,178.6999969482422,179.25,340026
2019-12-05,180.39999389648438,180.5,178.39999389648438,179.9499969482422,89350
2019-12-06,181.8000030517578,191.5,144.0,144.0,1192974
2019-12-09,150.0,157.0,150.0,151.9499969482422,1240142
2019-12-10,152.5500030517578,155.5,150.25,153.85000610351562,237831
2019-12-11,154.0,156.5,151.5,152.64999389648438,464141
2019-12-12,154.0,154.14999389648438,152.3000030517578,153.25,297771
2019-12-13,153.6999969482422,154.4499969482422,152.60000610351562,153.60000610351562,128159
2019-12-16,153.9499969482422,155.35000610351562,152.5,153.5500030517578,294827
2019-12-17,154.0,156.75,145.0,154.5,356387
2019-12-18,154.85000610351562,155.89999389648438,153.5500030517578,154.10000610351562,187551
2019-12-19,154.0,155.0,151.25,154.85000610351562,172796
2019-12-20,155.0,157.0,155.0,155.85000610351562,79963
2019-12-23,156.0,157.14999389648438,154.0,155.35000610351562,56742
2019-12-24,156.5,159.0,153.4499969482422,157.4499969482422,89756
2019-12-26,158.89999389648438,162.60000610351562,150.0,157.10000610351562,124355
2019-12-27,158.0,161.0,156.0,158.5,26752
2019-12-30,158.5500030517578,158.5500030517578,153.64999389648438,156.39999389648438,106600
2019-12-31,157.60000610351562,158.5,154.1999969482422,155.0500030517578,85761
2020-01-01,156.3000030517578,156.6999969482422,154.1999969482422,155.1999969482422,30865
2020-01-02,155.85000610351562,156.25,155.0,155.60000610351562,32743
2020-01-03,158.10000610351562,158.10000610351562,153.8000030517578,155.5,46076
2020-01-06,155.4499969482422,157.10000610351562,155.0500030517578,155.35000610351562,47255
2020-01-07,157.35000610351562,157.64999389648438,155.25,155.4499969482422,95546
2020-01-08,155.5,158.1999969482422,154.8000030517578,155.64999389648438,38305
2020-01-09,156.10000610351562,157.0,155.10000610351562,155.5,26314
2020-01-10,157.0,157.5,155.25,155.35000610351562,76069
2020-01-13,155.3000030517578,156.6999969482422,154.9499969482422,155.39999389648438,22488
2020-01-14,156.0,160.0500030517578,154.89999389648438,155.25,26769
2020-01-15,155.39999389648438,156.64999389648438,155.10000610351562,155.4499969482422,81324
2020-01-16,156.6999969482422,156.6999969482422,154.39999389648438,154.6999969482422,232061
2020-01-17,156.0,156.5500030517578,154.5,154.9499969482422,168152
2020-01-20,155.5,156.4499969482422,155.3000030517578,155.39999389648438,75668
2020-01-21,155.8000030517578,155.9499969482422,155.0,155.5,141204
2020-01-22,156.39999389648438,157.0,152.6999969482422,154.64999389648438,475733
2020-01-23,155.0,157.25,153.75,155.5500030517578,70867
2020-01-24,155.5500030517578,156.4499969482422,155.10000610351562,155.4499969482422,20653
2020-01-27,157.8000030517578,157.8000030517578,154.0,155.10000610351562,123112
2020-01-28,157.8000030517578,159.89999389648438,154.4499969482422,155.4499969482422,144408
2020-01-29,158.0,158.6999969482422,155.25,155.5,68644
2020-01-30,158.75,158.75,151.0,154.89999389648438,176184
2020-01-31,158.14999389648438,158.14999389648438,154.5,154.8000030517578,14530
2020-02-03,157.4499969482422,157.4499969482422,145.0,150.0500030517578,67329
2020-02-04,154.85000610351562,158.9499969482422,154.5,157.89999389648438,92935
2020-02-05,157.89999389648438,158.4499969482422,157.4499969482422,157.5500030517578,22745
2020-02-06,159.89999389648438,159.89999389648438,156.25,156.4499969482422,66842
2020-02-07,159.0,159.0,155.1999969482422,156.0,44155
2020-02-10,157.64999389648438,164.0,153.0,154.89999389648438,73041
2020-02-11,158.14999389648438,158.14999389648438,153.8000030517578,155.10000610351562,116006
2020-02-12,158.35000610351562,158.35000610351562,154.85000610351562,155.89999389648438,105765
2020-02-13,155.4499969482422,156.85000610351562,154.6999969482422,155.1999969482422,103843
2020-02-14,157.8000030517578,157.8000030517578,154.89999389648438,155.4499969482422,100057
2020-02-17,155.5,157.0500030517578,155.0,155.9499969482422,272276
2020-02-18,155.75,157.0,154.6999969482422,154.9499969482422,195237
2020-02-19,155.39999389648438,156.6999969482422,155.0,155.25,78343
2020-02-20,156.9499969482422,156.9499969482422,155.39999389648438,155.5,176818
2020-02-24,157.0,157.0,154.75,155.75,238830
2020-02-25,156.0,162.0,154.75,159.0,146268
2020-02-26,160.5,160.6999969482422,157.8000030517578,159.9499969482422,273547
2020-02-27,160.5,165.35000610351562,157.4499969482422,160.6999969482422,57003
2020-02-28,158.4499969482422,161.9499969482422,156.0,157.0,95589
2020-03-02,156.89999389648438,160.1999969482422,152.0,158.64999389648438,1057102
2020-03-03,160.0,160.14999389648438,156.39999389648438,159.5,159010
2020-03-04,160.6999969482422,160.6999969482422,153.9499969482422,158.9499969482422,313150
2020-03-05,159.14999389648438,159.3000030517578,156.0,156.60000610351562,192761
2020-03-06,158.0,167.89999389648438,154.0,154.75,217367
2020-03-09,154.6999969482422,159.0500030517578,153.0,153.89999389648438,247544
2020-03-11,154.35000610351562,157.9499969482422,150.5,156.0,284992
2020-03-12,156.0,156.0,152.5,153.5500030517578,342765
2020-03-13,156.0,184.25,152.64999389648438,159.5500030517578,462229
2020-03-16,160.6999969482422,160.6999969482422,154.4499969482422,157.8000030517578,94794
2020-03-17,161.0,164.75,157.0500030517578,158.60000610351562,441038
2020-03-18,160.0,160.5,158.25,158.5,215025
2020-03-19,163.39999389648438,163.39999389648438,156.0,157.89999389648438,382901
2020-03-20,160.5,164.5500030517578,157.89999389648438,162.89999389648438,659871
2020-03-23,159.6999969482422,174.85000610351562,155.0,155.6999969482422,237384
2020-03-24,157.3000030517578,171.0,155.0500030517578,156.6999969482422,306409
2020-03-25,156.75,162.0,154.75,155.5500030517578,216246
2020-03-26,164.9499969482422,164.9499969482422,155.35000610351562,155.89999389648438,152940
2020-03-27,161.0,161.0,153.3000030517578,154.5500030517578,82359
2020-03-30,158.0,166.0,153.5,153.75,89147
2020-03-31,160.0,164.0,151.0,152.6999969482422,289088
2020-04-01,154.39999389648438,154.6999969482422,151.9499969482422,152.25,217940
2020-04-03,154.4499969482422,155.10000610351562,150.8000030517578,152.89999389648438,289731
2020-04-07,155.0,156.6999969482422,152.4499969482422,152.85000610351562,144451
2020-04-08,158.0,158.0,152.64999389648438,153.5,115562
2020-04-09,156.0,156.0,152.85000610351562,154.1999969482422,200410
2020-04-13,154.35000610351562,154.85000610351562,151.85000610351562,152.39999389648438,47339
2020-04-15,153.5,154.9499969482422,150.8000030517578,151.8000030517578,326275
2020-04-16,152.8000030517578,179.10000610351562,146.0,150.6999969482422,275773
2020-04-17,154.0,154.0,151.8000030517578,152.89999389648438,217238
2020-04-20,153.3000030517578,154.6999969482422,151.0,152.75,204484
2020-04-21,153.39999389648438,156.0,151.9499969482422,155.39999389648438,105258
2020-04-22,156.5,157.0,155.64999389648438,156.3000030517578,20393
2020-04-23,158.0,158.0,151.8000030517578,153.39999389648438,219167
2020-04-24,154.4499969482422,156.39999389648438,150.0,151.9499969482422,43705
2020-04-27,154.60000610351562,154.60000610351562,151.4499969482422,152.64999389648438,165283
2020-04-28,160.0,160.0,150.4499969482422,153.75,391987
2020-04-29,157.5,175.0,151.8000030517578,152.5500030517578,181111
2020-04-30,156.9499969482422,157.39999389648438,150.60000610351562,152.0,144646
2020-05-04,153.1999969482422,154.0,150.89999389648438,152.0,74435
2020-05-05,152.89999389648438,153.9499969482422,150.75,152.1999969482422,432893
2020-05-06,153.8000030517578,153.9499969482422,151.89999389648438,153.14999389648438,293441
2020-05-07,154.0,156.0,152.8000030517578,155.5500030517578,74689
2020-05-08,156.8000030517578,157.89999389648438,154.60000610351562,157.14999389648438,210579
2020-05-11,158.0,161.8000030517578,157.0,159.4499969482422,65691
2020-05-12,162.0,163.1999969482422,157.8000030517578,162.75,283959
2020-05-13,163.5,167.6999969482422,163.5,166.89999389648438,336211
2020-05-14,167.5500030517578,168.0,166.5,166.75,211856
2020-05-15,168.0,168.60000610351562,166.6999969482422,167.9499969482422,375843
2020-05-18,168.6999969482422,168.6999969482422,166.75,167.14999389648438,279465
2020-05-19,168.0,170.9499969482422,167.10000610351562,168.75,405360
2020-05-20,169.25,171.3000030517578,169.14999389648438,170.4499969482422,249565
2020-05-21,169.9499969482422,171.8000030517578,169.9499969482422,171.25,192086
2020-05-22,171.1999969482422,173.5,171.1999969482422,172.4499969482422,272189
2020-05-26,172.25,174.0500030517578,172.0,172.5,332803
2020-05-27,173.4499969482422,176.0500030517578,173.0,175.75,506626
2020-05-28,176.1999969482422,177.0,176.0,176.75,270490
2020-05-29,176.75,178.5,176.75,177.5500030517578,207459
2020-06-01,177.60000610351562,182.5,177.60000610351562,182.10000610351562,1186625
2020-06-02,182.3000030517578,184.14999389648438,182.3000030517578,184.0500030517578,1394751
2020-06-03,184.3000030517578,186.25,184.25,186.14999389648438,1823156
2020-06-04,186.60000610351562,190.39999389648438,186.10000610351562,188.1999969482422,1567563
2020-06-05,189.10000610351562,190.64999389648438,189.0,190.14999389648438,1008245
2020-06-08,190.60000610351562,192.60000610351562,190.35000610351562,192.10000610351562,1961771
2020-06-09,192.5,194.3000030517578,192.25,194.14999389648438,1080337
2020-06-10,194.5,196.1999969482422,194.5,196.0500030517578,1265500
2020-06-11,197.1999969482422,198.1999969482422,197.1999969482422,198.0500030517578,782371
2020-06-12,198.8000030517578,200.1999969482422,198.8000030517578,200.14999389648438,1080558
2020-06-15,200.5,202.4499969482422,200.4499969482422,202.1999969482422,2838811
2020-06-16,202.9499969482422,205.0500030517578,202.9499969482422,204.8000030517578,1765077
2020-06-17,205.64999389648438,207.1999969482422,205.60000610351562,206.5500030517578,1792212
2020-06-18,207.1999969482422,208.39999389648438,207.1999969482422,208.10000610351562,1835867
2020-06-19,209.35000610351562,210.9499969482422,209.35000610351562,210.39999389648438,1416742
2020-06-22,211.3000030517578,213.0500030517578,211.3000030517578,212.64999389648438,2615683
2020-06-23,213.6999969482422,214.85000610351562,213.6999969482422,214.60000610351562,1740629
2020-06-24,215.89999389648438,216.85000610351562,215.89999389648438,216.3000030517578,1669640
2020-06-25,217.14999389648438,218.25,217.14999389648438,218.10000610351562,2763559
2020-06-26,219.39999389648438,220.5,219.39999389648438,220.5,2732098
2020-06-29,220.64999389648438,222.10000610351562,176.39999389648438,176.39999389648438,4989125
2020-06-30,141.14999389648438,141.14999389648438,141.14999389648438,141.14999389648438,264236
2020-07-01,127.05000305175781,127.05000305175781,127.05000305175781,127.05000305175781,66789
2020-07-02,114.3499984741211,114.3499984741211,114.3499984741211,114.3499984741211,44343
2020-07-03,102.94999694824219,102.94999694824219,102.94999694824219,102.94999694824219,39813
2020-07-06,97.8499984741211,97.8499984741211,97.8499984741211,97.8499984741211,54223
2020-07-07,93.0,93.0,93.0,93.0,18458
2020-07-08,88.3499984741211,88.3499984741211,88.3499984741211,88.3499984741211,56295
2020-07-09,83.94999694824219,83.94999694824219,83.94999694824219,83.94999694824219,34211
2020-07-10,79.80000305175781,79.80000305175781,79.80000305175781,79.80000305175781,10581
2020-07-13,75.8499984741211,75.8499984741211,75.8499984741211,75.8499984741211,95842
2020-07-14,72.0999984741211,72.0999984741211,72.0999984741211,72.0999984741211,7718
2020-07-15,68.5,68.5,68.5,68.5,19556
2020-07-16,65.0999984741211,65.0999984741211,65.0999984741211,65.0999984741211,13913
2020-07-17,61.849998474121094,68.3499984741211,61.849998474121094,67.69999694824219,5854178
2020-07-20,71.05000305175781,71.05000305175781,68.55000305175781,71.05000305175781,2251615
2020-07-21,73.4000015258789,73.80000305175781,68.5,69.30000305175781,1918279
2020-07-22,69.0,69.5,65.8499984741211,65.8499984741211,461695
2020-07-23,62.599998474121094,62.599998474121094,62.599998474121094,62.599998474121094,44209
2020-07-24,59.5,65.69999694824219,59.5,65.69999694824219,1923635
2020-07-27,68.94999694824219,68.94999694824219,68.94999694824219,68.94999694824219,167857
2020-07-28,72.3499984741211,72.3499984741211,72.3499984741211,72.3499984741211,205345
2020-07-29,75.94999694824219,75.94999694824219,75.94999694824219,75.94999694824219,261965
2020-07-30,79.69999694824219,79.69999694824219,79.69999694824219,79.69999694824219,175706
2020-07-31,83.6500015258789,83.6500015258789,83.0,83.6500015258789,568502
2020-08-03,84.05000305175781,84.8499984741211,79.5,79.5,617135
2020-08-04,75.55000305175781,75.55000305175781,75.55000305175781,75.55000305175781,13730
2020-08-05,71.80000305175781,75.0,71.80000305175781,71.80000305175781,1087895
2020-08-06,70.05000305175781,70.5,68.25,68.25,110741
2020-08-07,64.8499984741211,71.6500015258789,64.8499984741211,71.6500015258789,774055
2020-08-10,74.0,74.75,68.69999694824219,72.44999694824219,806807
2020-08-11,73.0,73.5999984741211,71.80000305175781,72.3499984741211,282384
2020-08-12,72.5,74.69999694824219,72.3499984741211,73.80000305175781,371815
2020-08-13,74.80000305175781,74.80000305175781,73.9000015258789,74.4000015258789,166996
2020-08-14,74.4000015258789,76.0,74.1500015258789,74.44999694824219,222293
2020-08-17,75.1500015258789,76.0,73.80000305175781,75.30000305175781,150959
2020-08-18,75.25,78.0,74.9000015258789,77.1500015258789,120620
2020-08-19,77.25,78.94999694824219,76.0,76.9000015258789,185276
2020-08-20,76.0,77.0,74.5999984741211,74.80000305175781,252851
2020-08-21,74.5,76.80000305175781,72.30000305175781,73.0,253925
2020-08-24,74.5,75.0,72.0,73.6500015258789,64818
2020-08-25,73.6500015258789,75.5999984741211,72.1500015258789,75.19999694824219,104058
2020-08-26,76.80000305175781,76.80000305175781,73.25,74.44999694824219,65386
2020-08-27,73.5,75.75,73.5,74.19999694824219,46114
2020-08-28,74.0999984741211,75.75,72.80000305175781,73.05000305175781,67057
2020-08-31,73.0,73.5,70.5999984741211,71.0,110038
2020-09-01,71.0,73.9000015258789,70.5,70.55000305175781,31742
2020-09-02,70.30000305175781,72.0,70.0999984741211,70.94999694824219,47573
2020-09-03,73.30000305175781,73.30000305175781,70.0999984741211,70.4000015258789,29242
2020-09-04,71.0,71.0,67.44999694824219,69.44999694824219,59283
2020-09-07,69.44999694824219,70.75,67.44999694824219,69.6500015258789,62211
2020-09-08,69.6500015258789,70.0,68.94999694824219,69.55000305175781,63268
2020-09-09,69.5,70.0,68.6500015258789,69.0999984741211,45325
2020-09-10,69.19999694824219,70.1500015258789,68.5,68.9000015258789,43031
2020-09-11,69.0999984741211,70.05000305175781,68.5999984741211,68.94999694824219,20178
2020-09-14,71.0,71.0,67.1500015258789,68.8499984741211,46128
2020-09-15,68.80000305175781,69.5,66.0,68.5999984741211,50947
2020-09-16,69.8499984741211,69.8499984741211,67.0,68.25,32702
2020-09-17,68.1500015258789,68.5,67.05000305175781,67.9000015258789,17993
2020-09-18,68.0999984741211,69.9000015258789,65.0,66.30000305175781,149349
2020-09-21,68.4000015258789,68.4000015258789,65.0,67.19999694824219,73830
2020-09-22,67.5,68.44999694824219,65.5,66.0999984741211,38600
2020-09-23,67.0,67.3499984741211,64.0999984741211,65.80000305175781,14606
2020-09-24,66.5,68.9000015258789,62.54999923706055,65.5999984741211,95474
2020-09-25,66.5,67.69999694824219,63.0,66.9000015258789,110921
2020-09-28,67.0999984741211,67.6500015258789,66.0,67.05000305175781,114185
2020-09-29,68.0,68.0,64.0,66.9000015258789,66503
2020-09-30,68.0,68.0,65.0999984741211,67.1500015258789,41278
2020-10-01,67.1500015258789,69.9000015258789,64.5,66.69999694824219,101255
2020-10-05,67.5,69.8499984741211,66.4000015258789,66.8499984741211,36390
2020-10-06,68.0,68.0,66.5,67.1500015258789,16639
2020-10-07,67.30000305175781,67.9000015258789,66.0,67.1500015258789,163186
2020-10-08,65.3499984741211,67.1500015258789,65.3499984741211,66.80000305175781,70258
2020-10-09,67.30000305175781,67.30000305175781,66.0,66.0999984741211,71198
2020-10-12,66.30000305175781,67.0,65.69999694824219,65.80000305175781,22222
2020-10-13,66.55000305175781,66.55000305175781,65.19999694824219,65.25,56155
2020-10-14,66.0,66.0,64.5,65.19999694824219,108142
2020-10-15,66.0,66.0,63.400001525878906,64.8499984741211,85928
2020-10-16,65.0999984741211,67.0,64.05000305175781,64.94999694824219,194334
2020-10-19,65.80000305175781,68.1500015258789,65.4000015258789,66.75,69182
2020-10-20,66.9000015258789,67.0,65.80000305175781,66.80000305175781,64452
2020-10-21,67.05000305175781,68.30000305175781,66.25,67.6500015258789,111155
2020-10-22,68.0,68.0,66.5999984741211,67.1500015258789,11950
2020-10-23,67.19999694824219,67.5,65.0999984741211,66.69999694824219,84391
2020-10-26,69.69999694824219,69.69999694824219,65.30000305175781,66.5,92235
2020-10-27,68.30000305175781,68.30000305175781,66.0,66.8499984741211,115133
2020-10-28,67.30000305175781,67.3499984741211,65.25,66.55000305175781,52713
2020-10-29,67.0,67.05000305175781,66.0999984741211,66.44999694824219,25253
2020-10-30,66.6500015258789,66.8499984741211,66.0,66.30000305175781,15242
2020-11-02,66.5,67.5999984741211,64.0,66.3499984741211,141575
2020-11-03,66.30000305175781,67.4000015258789,63.099998474121094,65.94999694824219,40865
2020-11-04,67.0,67.3499984741211,66.0,67.05000305175781,98330
2020-11-05,67.5,68.0,66.80000305175781,67.6500015258789,150035
2020-11-06,67.5,68.94999694824219,67.0,68.30000305175781,118028
2020-11-09,68.80000305175781,69.4000015258789,67.0,68.4000015258789,68625
2020-11-10,71.44999694824219,71.44999694824219,68.0,69.05000305175781,110545
2020-11-11,70.0,70.44999694824219,65.69999694824219,67.5999984741211,153736
2020-11-12,68.94999694824219,69.5,67.19999694824219,68.80000305175781,37872
2020-11-13,69.19999694824219,69.94999694824219,68.44999694824219,68.8499984741211,61553
2020-11-14,69.19999694824219,69.75,68.8499984741211,69.0,6027
2020-11-17,69.8499984741211,69.8499984741211,68.0,68.6500015258789,24498
2020-11-18,68.9000015258789,69.5,67.94999694824219,68.30000305175781,76741
2020-11-19,69.0,69.0,67.4000015258789,68.05000305175781,254251
2020-11-20,68.80000305175781,69.75,67.44999694824219,69.55000305175781,185334
2020-11-23,69.94999694824219,70.94999694824219,69.6500015258789,70.05000305175781,129330
2020-11-24,71.0,71.0,69.44999694824219,69.75,101239
2020-11-25,71.0,71.0,67.69999694824219,69.44999694824219,39776
2020-11-26,69.80000305175781,70.0,68.25,69.3499984741211,31385
2020-11-27,70.5,70.5,69.0,69.25,97876
2020-12-01,69.80000305175781,71.0,69.4000015258789,70.5,88457
2020-12-02,70.94999694824219,71.55000305175781,69.19999694824219,70.5999984741211,42044
2020-12-03,71.55000305175781,72.0,70.69999694824219,71.44999694824219,108874
2020-12-04,72.80000305175781,75.0,71.5999984741211,75.0,126382
2020-12-07,82.44999694824219,82.5,78.80000305175781,82.5,99346
2020-12-08,90.75,90.75,85.0,89.55000305175781,338261
2020-12-09,87.0,87.69999694824219,81.0,85.9000015258789,260471
2020-12-10,87.4000015258789,89.9000015258789,82.30000305175781,83.75,80963
2020-12-11,85.0,85.4000015258789,80.94999694824219,82.8499984741211,99986
2020-12-14,84.9000015258789,89.0,84.0,87.3499984741211,167317
2020-12-15,86.0,87.0,85.1500015258789,85.8499984741211,52971
2020-12-16,86.0,87.4000015258789,86.0,86.55000305175781,64385
2020-12-17,87.9000015258789,87.9000015258789,85.0,85.30000305175781,43126
2020-12-18,86.80000305175781,86.80000305175781,84.0,84.3499984741211,63109
2020-12-21,81.0,84.4000015258789,78.05000305175781,79.5999984741211,80692
2020-12-22,79.0,79.5999984741211,75.05000305175781,78.05000305175781,294072
2020-12-23,77.5,82.5,77.0999984741211,81.94999694824219,60414
2020-12-24,83.4000015258789,83.4000015258789,78.1500015258789,79.8499984741211,35325
2020-12-28,80.5999984741211,84.55000305175781,79.0999984741211,81.9000015258789,56608
2020-12-29,83.3499984741211,83.44999694824219,80.0,80.55000305175781,31357
2020-12-30,80.5,82.69999694824219,80.0,82.05000305175781,39947
2020-12-31,83.25,83.44999694824219,81.25,82.44999694824219,23336
2021-01-01,83.94999694824219,83.94999694824219,82.05000305175781,82.6500015258789,30270
2021-01-04,83.9000015258789,83.9000015258789,81.30000305175781,82.55000305175781,40079
2021-01-05,82.8499984741211,82.8499984741211,80.3499984741211,81.0999984741211,62678
2021-01-06,82.55000305175781,82.55000305175781,80.05000305175781,80.80000305175781,34909
2021-01-07,81.80000305175781,83.0,80.44999694824219,81.5,53581
2021-01-08,81.5,83.9000015258789,77.4000015258789,81.94999694824219,123163
2021-01-11,83.0,84.9000015258789,81.4000015258789,82.19999694824219,71610
2021-01-12,81.5,83.55000305175781,81.5,82.5,44619
2021-01-13,83.9000015258789,83.9000015258789,81.1500015258789,82.30000305175781,40331
2021-01-14,82.30000305175781,82.94999694824219,79.0,80.94999694824219,120156
2021-01-15,80.9000015258789,81.80000305175781,80.1500015258789,80.69999694824219,42128
2021-01-18,78.44999694824219,85.0,77.25,79.0,71032
2021-01-19,79.0,81.9000015258789,78.25,79.30000305175781,31347
2021-01-20,80.8499984741211,80.8499984741211,77.69999694824219,78.30000305175781,62057
2021-01-21,78.1500015258789,79.0999984741211,76.0,76.30000305175781,85644
2021-01-22,75.05000305175781,77.9000015258789,74.0999984741211,74.80000305175781,53279
2021-01-25,75.0,75.05000305175781,73.0,73.9000015258789,27577
2021-01-27,73.05000305175781,75.05000305175781,72.05000305175781,72.94999694824219,27365
2021-01-28,72.44999694824219,73.94999694824219,72.05000305175781,72.9000015258789,44918
2021-01-29,73.8499984741211,74.4000015258789,73.0,73.5999984741211,28563
2021-02-01,74.94999694824219,76.5,73.19999694824219,74.4000015258789,44266
2021-02-02,74.94999694824219,77.69999694824219,74.80000305175781,76.55000305175781,43474
2021-02-03,76.94999694824219,78.4000015258789,75.0,75.5,26576
2021-02-04,75.5,77.8499984741211,74.75,75.5,31097
2021-02-05,75.94999694824219,76.5999984741211,74.75,75.3499984741211,38141
2021-02-08,74.6500015258789,75.94999694824219,74.1500015258789,74.4000015258789,36293
2021-02-09,75.0,75.0,72.69999694824219,74.5,74330
2021-02-10,75.4000015258789,75.4000015258789,73.5,74.44999694824219,21804
2021-02-11,75.4000015258789,75.4000015258789,73.55000305175781,73.9000015258789,24827
2021-02-12,73.6500015258789,74.1500015258789,73.0,73.75,56824
2021-02-15,69.05000305175781,75.80000305175781,69.05000305175781,72.5,109072
2021-02-16,72.5,74.80000305175781,71.5,71.94999694824219,26323
2021-02-17,72.4000015258789,72.75,67.0,71.8499984741211,77602
2021-02-18,70.05000305175781,72.4000015258789,70.05000305175781,71.6500015258789,26446
2021-02-19,71.0,72.6500015258789,70.5999984741211,71.6500015258789,30100
2021-02-22,72.8499984741211,73.8499984741211,71.19999694824219,71.9000015258789,74383
2021-02-23,72.8499984741211,72.8499984741211,71.0,71.5999984741211,11054
2021-02-24,71.5999984741211,73.0,70.5,72.5,13950
2021-02-25,70.30000305175781,72.80000305175781,70.30000305175781,71.1500015258789,74215
2021-02-26,70.1500015258789,71.55000305175781,69.5,70.0,43231
2021-03-01,70.25,71.44999694824219,70.19999694824219,70.5,44922
2021-03-02,70.9000015258789,71.4000015258789,69.19999694824219,70.44999694824219,40509
2021-03-03,71.6500015258789,71.6500015258789,70.19999694824219,70.55000305175781,53846
2021-03-04,70.19999694824219,74.4000015258789,70.19999694824219,73.1500015258789,110314
2021-03-05,74.30000305175781,74.3499984741211,70.80000305175781,71.3499984741211,54706
2021-03-08,72.9000015258789,72.9000015258789,69.9000015258789,70.4000015258789,163727
2021-03-09,71.69999694824219,71.69999694824219,68.3499984741211,69.5999984741211,93713
2021-03-10,70.0,75.0999984741211,69.69999694824219,73.44999694824219,153325
2021-03-12,74.69999694824219,76.0,72.80000305175781,73.1500015258789,79597
2021-03-15,75.4000015258789,75.4000015258789,71.5999984741211,72.6500015258789,65564
2021-03-16,72.05000305175781,73.5999984741211,72.05000305175781,72.75,51700
2021-03-17,73.6500015258789,73.69999694824219,70.0,71.6500015258789,111185
2021-03-18,71.6500015258789,72.30000305175781,70.0,70.5,31770
2021-03-19,68.0,70.05000305175781,68.0,69.1500015258789,121515
2021-03-22,68.44999694824219,70.80000305175781,68.3499984741211,70.3499984741211,41801
2021-03-23,70.69999694824219,70.9000015258789,67.3499984741211,69.8499984741211,290563
2021-03-24,70.55000305175781,70.9000015258789,69.05000305175781,69.5999984741211,364584
2021-03-25,70.0,70.0,67.19999694824219,69.75,264526
2021-03-26,70.05000305175781,70.55000305175781,67.55000305175781,68.6500015258789,102200
2021-03-30,69.5,70.3499984741211,68.0,69.0999984741211,132336
2021-03-31,69.8499984741211,69.8499984741211,66.94999694824219,67.9000015258789,209609
2021-04-01,68.0,69.19999694824219,67.5,68.44999694824219,90819
2021-04-05,69.4000015258789,69.4000015258789,66.75,67.5999984741211,77391
2021-04-06,68.19999694824219,68.19999694824219,66.5,67.25,53938
2021-04-07,67.25,69.1500015258789,66.9000015258789,68.1500015258789,158916
2021-04-08,68.75,69.3499984741211,68.0,68.55000305175781,75099
2021-04-09,68.9000015258789,69.1500015258789,67.4000015258789,68.44999694824219,37551
2021-04-12,67.3499984741211,67.5,66.30000305175781,66.5999984741211,84804
2021-04-13,66.69999694824219,67.1500015258789,66.5,66.69999694824219,17049
2021-04-15,67.25,67.25,66.0,66.94999694824219,39113
2021-04-16,67.55000305175781,67.55000305175781,66.5,67.19999694824219,105791
2021-04-19,66.9000015258789,67.25,65.0,66.0999984741211,231618
2021-04-20,65.05000305175781,66.69999694824219,65.05000305175781,66.4000015258789,57350
2021-04-22,66.0,69.9000015258789,65.30000305175781,69.0,147866
2021-04-23,69.05000305175781,70.05000305175781,66.55000305175781,68.9000015258789,88138
2021-04-26,69.0999984741211,70.25,60.0,69.5,164479
2021-04-27,69.9000015258789,71.5,67.5,69.0999984741211,301999
2021-04-28,69.6500015258789,70.0,67.94999694824219,68.3499984741211,135944
2021-04-29,67.5999984741211,71.4000015258789,67.0,70.69999694824219,166658
2021-04-30,71.0,71.9000015258789,68.30000305175781,69.55000305175781,173211
2021-05-03,70.44999694824219,70.44999694824219,69.0,69.30000305175781,84306
2021-05-04,69.4000015258789,70.05000305175781,68.5999984741211,69.44999694824219,128969
2021-05-05,69.5,69.80000305175781,68.19999694824219,68.80000305175781,73968
2021-05-06,69.0999984741211,69.44999694824219,67.3499984741211,68.9000015258789,182536
2021-05-07,69.6500015258789,69.6500015258789,68.05000305175781,68.75,33484
2021-05-10,69.25,69.9000015258789,68.4000015258789,69.4000015258789,149610
2021-05-11,69.5,71.8499984741211,69.0,71.25,34144
2021-05-12,71.9000015258789,79.0,70.8499984741211,73.75,210233
2021-05-14,75.4000015258789,88.5,74.0,84.55000305175781,1213424
2021-05-17,85.94999694824219,88.69999694824219,80.0,80.69999694824219,502421
2021-05-18,81.6500015258789,86.80000305175781,77.80000305175781,82.5999984741211,929851
2021-05-19,81.0999984741211,83.0999984741211,80.25,80.75,90366
2021-05-20,81.5999984741211,85.44999694824219,80.4000015258789,81.75,153384
2021-05-21,83.0,83.19999694824219,80.75,81.94999694824219,80293
2021-05-24,82.3499984741211,83.55000305175781,80.05000305175781,80.8499984741211,147056
2021-05-25,81.25,82.44999694824219,81.0,81.1500015258789,118119
2021-05-26,82.5,83.0,81.0,81.94999694824219,61573
2021-05-27,82.8499984741211,85.19999694824219,81.05000305175781,81.6500015258789,123578
2021-05-28,82.0,82.19999694824219,80.30000305175781,80.55000305175781,38967
2021-05-31,78.0,80.4000015258789,78.0,79.30000305175781,85164
2021-06-01,79.55000305175781,82.9000015258789,79.55000305175781,80.5999984741211,85508
2021-06-02,81.0,82.0,80.5,80.80000305175781,150425
2021-06-03,81.94999694824219,85.25,81.05000305175781,83.4000015258789,173356
2021-06-04,84.8499984741211,84.8499984741211,81.30000305175781,81.8499984741211,65736
2021-06-07,82.8499984741211,83.55000305175781,81.30000305175781,82.1500015258789,103878
2021-06-08,82.1500015258789,83.1500015258789,81.25,81.9000015258789,37648
2021-06-09,82.1500015258789,82.8499984741211,80.5,81.1500015258789,52017
2021-06-10,82.0,85.5,80.0999984741211,82.75,126018
2021-06-11,83.69999694824219,85.0,83.0,83.6500015258789,133601
2021-06-14,83.9000015258789,83.9000015258789,81.75,82.5999984741211,86059
2021-06-15,82.30000305175781,85.0,82.05000305175781,83.75,122632
2021-06-16,84.0,84.4000015258789,82.0,82.69999694824219,144016
2021-06-17,81.55000305175781,83.69999694824219,80.55000305175781,81.05000305175781,68203
2021-06-18,81.30000305175781,82.44999694824219,78.30000305175781,80.05000305175781,57010
2021-06-21,80.0,83.8499984741211,78.05000305175781,82.3499984741211,217505
2021-06-22,84.69999694824219,84.75,79.5999984741211,80.75,258210
2021-06-23,80.30000305175781,82.1500015258789,80.30000305175781,81.44999694824219,60782
2021-06-24,81.55000305175781,82.44999694824219,80.3499984741211,80.9000015258789,95833
2021-06-25,81.94999694824219,82.8499984741211,80.5,81.0,27472
2021-06-28,81.94999694824219,83.0,80.4000015258789,80.94999694824219,123815
2021-06-29,81.69999694824219,82.1500015258789,80.0,80.30000305175781,93630
2021-06-30,82.0,82.05000305175781,79.9000015258789,80.1500015258789,282623
2021-07-01,81.5,81.5,79.5,80.4000015258789,431728
2021-07-02,82.0,95.80000305175781,80.05000305175781,92.19999694824219,1736217
2021-07-05,93.0,98.5999984741211,91.3499984741211,94.8499984741211,1062840
2021-07-06,95.6500015258789,96.75,85.0,90.5999984741211,357395
2021-07-07,89.19999694824219,91.9000015258789,89.0,89.75,237735
2021-07-08,91.0,94.6500015258789,88.0,88.30000305175781,203854
2021-07-09,89.0,90.0,86.6500015258789,89.0,230106
2021-07-12,90.0,94.0,89.80000305175781,90.69999694824219,201451
2021-07-13,91.5,94.69999694824219,90.0999984741211,91.55000305175781,159667
2021-07-14,91.30000305175781,94.0,90.1500015258789,91.5999984741211,127663
2021-07-15,91.44999694824219,98.4000015258789,90.80000305175781,94.30000305175781,634642
2021-07-16,94.9000015258789,96.3499984741211,93.75,94.9000015258789,182426
2021-07-19,94.30000305175781,95.5,90.3499984741211,91.30000305175781,170870
2021-07-20,91.0,93.3499984741211,87.19999694824219,88.05000305175781,191550
2021-07-22,90.0,91.55000305175781,88.5,89.1500015258789,58267
2021-07-23,89.1500015258789,91.0,87.94999694824219,88.30000305175781,43359
2021-07-26,88.19999694824219,91.3499984741211,88.19999694824219,89.80000305175781,87454
2021-07-27,90.9000015258789,92.0,87.19999694824219,88.4000015258789,121876
2021-07-28,89.44999694824219,89.8499984741211,85.05000305175781,85.5999984741211,138355
2021-07-29,87.0,88.4000015258789,84.6500015258789,85.0999984741211,64734
2021-07-30,84.9000015258789,87.30000305175781,84.9000015258789,86.30000305175781,62602
2021-08-02,88.4000015258789,94.5,86.8499984741211,90.8499984741211,404476
2021-08-03,91.55000305175781,92.5,88.5,88.9000015258789,157991
2021-08-04,88.19999694824219,90.05000305175781,85.0999984741211,86.30000305175781,99934
2021-08-05,87.25,87.30000305175781,82.44999694824219,83.9000015258789,137416
2021-08-06,84.44999694824219,84.94999694824219,81.9000015258789,83.75,87175
2021-08-09,83.69999694824219,85.44999694824219,81.5,82.8499984741211,98636
2021-08-10,82.5,83.0,76.0,77.80000305175781,118465
2021-08-11,78.3499984741211,79.44999694824219,73.3499984741211,76.69999694824219,285492
2021-08-12,75.30000305175781,80.5,75.30000305175781,80.05000305175781,60475
2021-08-13,81.0,81.9000015258789,77.0,78.55000305175781,59162
2021-08-16,77.44999694824219,79.9000015258789,77.44999694824219,78.05000305175781,23340
2021-08-17,78.5,79.6500015258789,77.0,77.5999984741211,38994
2021-08-18,78.5,81.55000305175781,77.05000305175781,77.80000305175781,48989
2021-08-20,77.5,79.55000305175781,73.0,74.55000305175781,41732
2021-08-23,74.94999694824219,75.5,72.0,72.25,40056
2021-08-24,74.0,75.69999694824219,72.44999694824219,73.4000015258789,211552
2021-08-25,75.5,76.75,74.9000015258789,76.1500015258789,18848
2021-08-26,77.0999984741211,77.0999984741211,75.0,75.8499984741211,30466
2021-08-27,74.5999984741211,76.80000305175781,74.5,75.80000305175781,26050
2021-08-30,76.44999694824219,78.5,75.0,77.25,51894
2021-08-31,77.9000015258789,78.9000015258789,76.5,76.80000305175781,18150
2021-09-01,76.80000305175781,84.5999984741211,75.5,81.30000305175781,304661
2021-09-02,81.5,82.80000305175781,80.3499984741211,81.3499984741211,78526
2021-09-03,80.5,85.5,80.3499984741211,83.94999694824219,210592
2021-09-06,84.0,86.4000015258789,83.0,83.69999694824219,197452
2021-09-07,84.0,85.0,82.0,82.5,131663
2021-09-08,82.5,82.80000305175781,80.0,80.25,103754
2021-09-09,80.0,81.0,78.30000305175781,78.75,54201
2021-09-13,79.69999694824219,79.75,74.80000305175781,75.75,205802
2021-09-14,76.0,76.8499984741211,73.19999694824219,73.5999984741211,282653
2021-09-15,74.3499984741211,76.19999694824219,73.0,73.6500015258789,152363
2021-09-16,74.69999694824219,75.0,73.05000305175781,73.94999694824219,178124
2021-09-17,74.80000305175781,76.0,73.05000305175781,73.94999694824219,81293
2021-09-20,73.0999984741211,74.5,71.5,71.6500015258789,211369
2021-09-21,72.44999694824219,73.5,72.0,72.75,97454
2021-09-22,74.5,77.8499984741211,71.0,75.4000015258789,338532
2021-09-23,76.30000305175781,79.5,75.44999694824219,78.19999694824219,399938
2021-09-24,79.0,79.0,75.0,75.55000305175781,65288
2021-09-27,75.5999984741211,78.9000015258789,73.75,77.3499984741211,198819
2021-09-28,78.9000015258789,79.0,75.44999694824219,76.25,137278
2021-09-29,76.0,77.8499984741211,76.0,76.75,50980
2021-09-30,77.44999694824219,79.0,76.69999694824219,77.5999984741211,82197
2021-10-01,76.9000015258789,80.25,76.55000305175781,78.30000305175781,352763
2021-10-04,78.5,80.9000015258789,78.5,79.1500015258789,71583
2021-10-05,79.9000015258789,82.4000015258789,78.0,80.1500015258789,209836
2021-10-06,79.19999694824219,80.5,77.5,77.9000015258789,104415
2021-10-07,77.19999694824219,80.80000305175781,77.19999694824219,78.8499984741211,115688
2021-10-08,80.0,80.19999694824219,78.19999694824219,78.6500015258789,134789
2021-10-11,80.0,80.0,78.3499984741211,78.5,46584
2021-10-12,79.4000015258789,84.44999694824219,77.44999694824219,81.94999694824219,293365
2021-10-13,82.80000305175781,83.44999694824219,80.25,81.30000305175781,128570
2021-10-14,81.94999694824219,83.5999984741211,80.5999984741211,81.05000305175781,68536
2021-10-18,82.75,83.05000305175781,78.9000015258789,80.6500015258789,215284
2021-10-19,81.0,81.69999694824219,77.1500015258789,78.80000305175781,43118
2021-10-20,79.44999694824219,79.44999694824219,76.0,76.55000305175781,50405
2021-10-21,76.55000305175781,79.80000305175781,75.6500015258789,76.6500015258789,115406
2021-10-22,77.44999694824219,79.05000305175781,76.19999694824219,78.19999694824219,70455
2021-10-25,77.05000305175781,78.0,75.05000305175781,76.0,40070
2021-10-26,76.94999694824219,77.69999694824219,75.5,76.0999984741211,25581
2021-10-27,76.94999694824219,80.0,75.75,77.3499984741211,56944
2021-10-28,76.55000305175781,77.9000015258789,76.0,76.1500015258789,32077
2021-10-29,76.44999694824219,76.6500015258789,71.3499984741211,72.94999694824219,602076
2021-11-01,73.25,77.75,73.0999984741211,75.05000305175781,65322
2021-11-02,75.05000305175781,76.55000305175781,75.05000305175781,75.94999694824219,28653
2021-11-03,74.55000305175781,80.0,74.55000305175781,76.75,118756
2021-11-04,78.19999694824219,79.4000015258789,76.5,79.0,60319
2021-11-08,79.0,80.5,76.80000305175781,79.19999694824219,53863
2021-11-09,79.5,80.0,77.25,78.0999984741211,26524
2021-11-10,78.0999984741211,78.75,75.80000305175781,76.30000305175781,42948
2021-11-11,77.0,77.44999694824219,75.9000015258789,76.3499984741211,29387
2021-11-12,76.1500015258789,77.44999694824219,75.0,75.5999984741211,32067
2021-11-15,76.94999694824219,77.4000015258789,74.55000305175781,74.94999694824219,16365
2021-11-16,75.44999694824219,76.30000305175781,74.0999984741211,74.6500015258789,52889
2021-11-17,76.4000015258789,76.4000015258789,70.3499984741211,72.5999984741211,59364
2021-11-18,72.19999694824219,73.44999694824219,70.1500015258789,70.8499984741211,69292
2021-11-22,71.9000015258789,72.6500015258789,69.5,72.05000305175781,198864
2021-11-23,73.0,73.0,70.25,72.1500015258789,33785
2021-11-24,72.1500015258789,73.55000305175781,71.5,72.6500015258789,119459
2021-11-25,76.0,76.0,72.0999984741211,72.75,29756
2021-11-26,72.05000305175781,73.75,70.5,71.30000305175781,54534
2021-11-29,71.0,71.0,68.5,70.19999694824219,32543
2021-11-30,70.44999694824219,71.75,69.5,70.1500015258789,18578
2021-12-01,70.4000015258789,71.4000015258789,68.5,70.0999984741211,676844
2021-12-02,70.19999694824219,71.0,65.25,69.55000305175781,289051
2021-12-03,70.80000305175781,71.80000305175781,68.94999694824219,70.19999694824219,45817
2021-12-06,70.0,70.9000015258789,69.30000305175781,69.94999694824219,30218
2021-12-07,70.44999694824219,72.4000015258789,70.0,70.75,43864
2021-12-08,70.75,72.9000015258789,70.75,71.4000015258789,18614
2021-12-09,72.5999984741211,72.5999984741211,71.0,71.6500015258789,16446
2021-12-10,71.19999694824219,73.4000015258789,71.1500015258789,72.69999694824219,28406
2021-12-13,72.69999694824219,75.5,72.0,72.8499984741211,93366
2021-12-14,72.05000305175781,73.3499984741211,71.55000305175781,72.4000015258789,14651
2021-12-15,73.19999694824219,73.25,71.25,71.94999694824219,10398
2021-12-16,71.75,72.9000015258789,70.55000305175781,71.1500015258789,22576
2021-12-17,72.0999984741211,72.0999984741211,69.30000305175781,69.80000305175781,23257
2021-12-20,70.0,70.0,67.0,67.55000305175781,42124
2021-12-21,68.44999694824219,72.94999694824219,68.4000015258789,71.6500015258789,97744
2021-12-22,71.8499984741211,72.9000015258789,70.19999694824219,70.80000305175781,21337
2021-12-23,71.0,71.69999694824219,70.0,70.0999984741211,23841
2021-12-24,71.4000015258789,71.9000015258789,68.55000305175781,69.44999694824219,41601
2021-12-27,69.44999694824219,70.9000015258789,68.30000305175781,69.4000015258789,28794
2021-12-28,70.5,71.69999694824219,69.9000015258789,70.3499984741211,22319
2021-12-29,69.0,73.5,69.0,72.55000305175781,87190
2021-12-30,72.80000305175781,77.44999694824219,71.6500015258789,74.6500015258789,277133
2021-12-31,76.5,76.80000305175781,75.05000305175781,75.8499984741211,113665
2022-01-03,77.80000305175781,78.6500015258789,74.69999694824219,75.69999694824219,138144
2022-01-04,75.25,86.55000305175781,75.05000305175781,83.0,856901
2022-01-05,84.19999694824219,86.3499984741211,81.4000015258789,83.55000305175781,574197
2022-01-06,83.55000305175781,100.25,83.55000305175781,86.44999694824219,1361772
2022-01-07,88.0,97.0,85.5,92.80000305175781,4450830
2022-01-10,95.9000015258789,98.0,92.80000305175781,93.80000305175781,1300047
2022-01-11,95.0,95.0,89.0,89.4000015258789,488255
2022-01-12,88.0,92.9000015258789,88.0,92.0,377319
2022-01-13,92.80000305175781,92.80000305175781,87.75,89.0,148683
2022-01-14,89.0,92.4000015258789,87.0,88.6500015258789,234452
2022-01-17,88.0999984741211,92.0,87.5999984741211,89.19999694824219,176438
2022-01-18,91.0,91.5,86.5999984741211,87.5,189659
2022-01-19,87.5,89.80000305175781,86.0,87.44999694824219,138914
2022-01-20,88.0,92.5999984741211,87.8499984741211,89.9000015258789,352269
2022-01-21,88.44999694824219,91.5,87.69999694824219,88.4000015258789,183089
2022-01-24,89.9000015258789,89.9000015258789,80.8499984741211,81.69999694824219,193049
2022-01-25,83.94999694824219,96.4000015258789,81.0,93.0999984741211,2037528
2022-01-27,91.9000015258789,96.94999694824219,89.75,91.44999694824219,527195
2022-01-28,92.69999694824219,95.44999694824219,89.5,90.4000015258789,248393
2022-01-31,93.0,94.05000305175781,89.3499984741211,90.25,133580
2022-02-01,91.9000015258789,92.80000305175781,90.0,91.75,257710
2022-02-02,93.5,96.0,92.0,93.44999694824219,345162
2022-02-03,94.0,94.3499984741211,91.8499984741211,92.19999694824219,89718
2022-02-04,93.94999694824219,93.94999694824219,89.5,90.75,119148
2022-02-07,90.75,96.8499984741211,88.69999694824219,95.19999694824219,1288212
2022-02-08,95.5,102.94999694824219,94.69999694824219,99.6500015258789,2631980
2022-02-09,100.44999694824219,103.6500015258789,98.19999694824219,99.4000015258789,2536080
2022-02-10,100.1500015258789,105.5999984741211,100.0,104.5999984741211,2872294
2022-02-11,104.0,109.1500015258789,102.0,107.5999984741211,1515668
2022-02-14,103.30000305175781,106.0999984741211,94.0999984741211,98.5,750645
2022-02-15,100.4000015258789,100.9000015258789,95.9000015258789,99.25,614462
2022-02-16,100.69999694824219,107.4000015258789,100.69999694824219,104.6500015258789,972599
2022-02-17,105.8499984741211,108.05000305175781,102.5,104.30000305175781,506957
2022-02-18,103.0,106.8499984741211,101.6500015258789,103.5,622677
2022-02-21,92.19999694824219,99.80000305175781,85.0,98.69999694824219,2596473
2022-02-22,97.80000305175781,99.5999984741211,93.3499984741211,95.75,674451
2022-02-23,95.75,98.94999694824219,92.75,93.6500015258789,214408
2022-02-24,93.25,93.25,83.0,86.5,247937
2022-02-25,94.80000305175781,96.9000015258789,89.05000305175781,95.44999694824219,1266408
2022-02-28,93.55000305175781,97.25,91.19999694824219,94.75,482092
2022-03-02,93.69999694824219,96.5,92.05000305175781,93.0999984741211,358563
2022-03-03,94.19999694824219,95.94999694824219,91.75,92.19999694824219,254630
2022-03-04,93.5,93.5,89.25,90.3499984741211,230750
2022-03-07,88.0,88.0,85.30000305175781,86.25,239048
2022-03-08,88.0,88.55000305175781,85.1500015258789,87.6500015258789,233233
2022-03-09,90.80000305175781,92.05000305175781,88.3499984741211,89.55000305175781,1244866
2022-03-10,93.19999694824219,93.75,87.4000015258789,88.80000305175781,1069277
2022-03-11,89.0,90.80000305175781,86.8499984741211,88.1500015258789,261195
2022-03-14,87.3499984741211,89.4000015258789,78.30000305175781,85.9000015258789,1423649
2022-03-15,82.5999984741211,83.5999984741211,80.0,80.55000305175781,2346777
2022-03-16,81.30000305175781,86.9000015258789,78.5,84.9000015258789,1577851
2022-03-17,84.5999984741211,84.75,82.05000305175781,82.3499984741211,157460
2022-03-21,82.3499984741211,86.5,80.3499984741211,85.55000305175781,1635743
2022-03-22,85.6500015258789,89.80000305175781,85.25,88.19999694824219,413184
2022-03-23,85.4000015258789,88.0999984741211,82.5,85.5,408836
2022-03-24,83.8499984741211,89.0,83.55000305175781,85.80000305175781,562169
2022-03-25,85.80000305175781,86.75,83.0,83.5,426371
2022-03-28,80.55000305175781,85.0,80.55000305175781,83.55000305175781,474139
2022-03-29,85.1500015258789,85.4000015258789,80.55000305175781,81.19999694824219,382240
2022-03-30,82.0,83.55000305175781,81.30000305175781,83.30000305175781,146367
2022-03-31,81.69999694824219,83.6500015258789,79.0,79.94999694824219,184927
2022-04-01,80.30000305175781,83.6500015258789,80.30000305175781,82.55000305175781,171491
2022-04-04,83.69999694824219,86.19999694824219,82.0,84.55000305175781,482869
2022-04-05,84.55000305175781,100.5999984741211,84.0,99.44999694824219,1554692
2022-04-06,99.44999694824219,104.69999694824219,95.05000305175781,96.75,791410
2022-04-07,97.0,99.1500015258789,95.05000305175781,95.5,399649
2022-04-08,96.0999984741211,98.94999694824219,96.0999984741211,97.94999694824219,179791
2022-04-11,98.5,100.55000305175781,97.05000305175781,97.69999694824219,211969
2022-04-12,98.30000305175781,99.1500015258789,93.3499984741211,94.4000015258789,195485
2022-04-13,95.44999694824219,99.9000015258789,94.0,94.44999694824219,189227
2022-04-18,92.3499984741211,95.25,91.3499984741211,92.80000305175781,533889
2022-04-19,93.5,97.5,92.80000305175781,93.25,497006
2022-04-20,91.19999694824219,95.30000305175781,90.1500015258789,91.0,247653
2022-04-21,91.0,93.1500015258789,91.0,92.55000305175781,72826
2022-04-22,93.44999694824219,95.80000305175781,92.0999984741211,94.05000305175781,262505
2022-04-25,92.0,94.94999694824219,91.30000305175781,92.5,209268
2022-04-26,93.75,93.8499984741211,91.69999694824219,92.6500015258789,144922
2022-04-27,93.30000305175781,109.4000015258789,93.30000305175781,103.4000015258789,5267392
2022-04-28,105.4000015258789,113.69999694824219,104.0,104.5,3968113
2022-04-29,104.19999694824219,106.5,98.05000305175781,99.75,686342
2022-05-02,99.3499984741211,104.80000305175781,97.9000015258789,100.80000305175781,1160709
2022-05-04,101.94999694824219,103.69999694824219,96.55000305175781,97.5999984741211,349626
2022-05-05,99.30000305175781,102.5,98.30000305175781,99.44999694824219,448911
2022-05-06,97.5,98.25,94.05000305175781,94.94999694824219,229358
2022-05-09,93.0,94.5,89.05000305175781,90.0,251472
2022-05-10,89.94999694824219,92.69999694824219,86.5,87.8499984741211,186206
2022-05-11,89.0,96.3499984741211,85.5,88.5,883653
2022-05-12,86.25,89.5999984741211,84.05000305175781,85.1500015258789,536089
2022-05-13,85.55000305175781,91.5,85.55000305175781,86.5,422416
2022-05-16,87.0999984741211,89.9000015258789,85.19999694824219,86.5,310322
2022-05-17,87.6500015258789,93.1500015258789,87.19999694824219,88.69999694824219,263683
2022-05-18,87.1500015258789,90.30000305175781,87.1500015258789,88.5,161613
2022-05-19,87.1500015258789,95.0999984741211,84.5999984741211,92.05000305175781,716083
2022-05-20,93.75,108.69999694824219,93.75,103.5999984741211,3295757
2022-05-23,103.5999984741211,106.8499984741211,97.9000015258789,99.0,589441
2022-05-24,100.0,100.30000305175781,95.1500015258789,96.30000305175781,237806
2022-05-25,98.44999694824219,98.44999694824219,92.4000015258789,92.9000015258789,499003
2022-05-26,93.80000305175781,94.1500015258789,88.05000305175781,92.94999694824219,473530
2022-05-27,93.5,96.80000305175781,91.25,92.5,933498
2022-05-30,93.94999694824219,96.25,92.25,93.44999694824219,345943
2022-05-31,94.55000305175781,94.55000305175781,90.0999984741211,90.94999694824219,161048
2022-06-01,90.94999694824219,92.05000305175781,88.5,89.69999694824219,252760
2022-06-02,89.8499984741211,91.5999984741211,89.05000305175781,90.0,155626
2022-06-03,90.05000305175781,91.3499984741211,86.0,87.4000015258789,134702
2022-06-06,86.30000305175781,91.4000015258789,86.30000305175781,89.25,338624
2022-06-07,89.4000015258789,89.9000015258789,85.4000015258789,86.1500015258789,242741
2022-06-08,87.30000305175781,88.4000015258789,85.0,85.9000015258789,380286
2022-06-09,86.0,87.5999984741211,84.5,85.05000305175781,293779
2022-06-10,87.0,89.9000015258789,85.9000015258789,86.5,289993
2022-06-13,85.80000305175781,88.0,77.3499984741211,84.44999694824219,357116
2022-06-14,84.9000015258789,87.4000015258789,83.0,86.9000015258789,232208
2022-06-15,86.0,88.9000015258789,85.80000305175781,87.69999694824219,77796
2022-06-16,89.0999984741211,89.0999984741211,84.30000305175781,85.0,82058
2022-06-17,82.0999984741211,85.55000305175781,82.0999984741211,83.94999694824219,66955
2022-06-20,85.1500015258789,96.5,82.5,90.25,1569970
2022-06-21,90.8499984741211,91.0,84.0999984741211,87.8499984741211,235445
2022-06-22,88.8499984741211,88.8499984741211,84.5999984741211,85.19999694824219,169507
2022-06-23,85.80000305175781,88.19999694824219,84.6500015258789,85.6500015258789,216012
2022-06-24,86.0,87.75,85.0999984741211,85.9000015258789,67250
2022-06-27,86.19999694824219,88.80000305175781,86.05000305175781,86.75,94938
2022-06-28,87.0,88.55000305175781,83.25,86.25,97194
2022-06-29,85.80000305175781,87.55000305175781,85.1500015258789,85.94999694824219,57316
2022-06-30,87.5,87.5,84.69999694824219,84.9000015258789,51471
2022-07-01,86.94999694824219,86.94999694824219,84.25,84.69999694824219,51792
2022-07-04,84.19999694824219,85.44999694824219,83.55000305175781,84.25,54097
2022-07-05,84.30000305175781,90.80000305175781,83.5999984741211,84.55000305175781,197185
2022-07-06,85.75,86.25,84.5999984741211,85.44999694824219,36216
2022-07-07,86.4000015258789,87.0,85.1500015258789,85.94999694824219,53686
2022-07-08,86.0,86.55000305175781,85.0,85.44999694824219,34139
2022-07-11,85.80000305175781,86.4000015258789,84.5,85.55000305175781,37539
2022-07-12,85.9000015258789,88.0,84.55000305175781,85.94999694824219,83152
2022-07-13,85.55000305175781,87.5,84.69999694824219,85.05000305175781,86832
2022-07-14,85.94999694824219,86.0,84.19999694824219,84.94999694824219,24291
2022-07-15,85.6500015258789,89.94999694824219,85.0,86.30000305175781,387468
2022-07-18,85.19999694824219,98.0,85.19999694824219,93.5,655576
2022-07-19,95.0,112.19999694824219,94.0,110.1500015258789,5879788
2022-07-20,112.0,114.30000305175781,103.69999694824219,105.19999694824219,1750991
2022-07-21,103.3499984741211,106.4000015258789,102.0,102.75,225243
2022-07-22,103.0,114.75,103.0,107.0999984741211,1108572
2022-07-25,106.69999694824219,111.5999984741211,102.5,108.69999694824219,1245170
2022-07-26,107.94999694824219,109.0999984741211,103.5,104.05000305175781,161635
2022-07-27,104.0,107.75,103.5999984741211,104.3499984741211,99787
2022-07-28,105.4000015258789,106.94999694824219,104.30000305175781,104.75,117988
2022-07-29,105.5999984741211,109.4000015258789,105.5999984741211,108.05000305175781,435079
2022-08-01,108.6500015258789,108.9000015258789,104.80000305175781,105.1500015258789,189784
2022-08-02,105.0999984741211,106.44999694824219,104.0999984741211,105.19999694824219,116596
2022-08-03,104.05000305175781,107.69999694824219,100.19999694824219,101.3499984741211,235135
2022-08-04,102.5,104.9000015258789,100.44999694824219,102.44999694824219,98873
2022-08-05,100.5,104.9000015258789,100.5,101.94999694824219,85996
2022-08-08,101.44999694824219,104.5,99.0,100.69999694824219,158616
2022-08-10,100.69999694824219,102.69999694824219,98.5,99.75,307151
2022-08-11,97.44999694824219,101.3499984741211,97.44999694824219,99.4000015258789,83675
2022-08-12,102.0,104.0,100.8499984741211,101.25,187814
2022-08-16,102.4000015258789,104.80000305175781,100.5999984741211,101.5,220277
2022-08-17,101.0,102.6500015258789,98.55000305175781,100.4000015258789,131597
2022-08-18,101.0,103.0,100.0,101.4000015258789,94508
2022-08-19,102.80000305175781,102.80000305175781,99.4000015258789,100.30000305175781,98729
2022-08-22,100.94999694824219,102.80000305175781,97.55000305175781,97.94999694824219,347888
2022-08-23,97.94999694824219,100.3499984741211,97.94999694824219,98.69999694824219,55612
2022-08-24,99.0,101.19999694824219,97.6500015258789,98.25,139466
2022-08-25,102.9000015258789,103.94999694824219,99.4000015258789,101.0999984741211,629160
2022-08-26,102.0,103.5,100.0,100.19999694824219,156548
2022-08-29,99.9000015258789,102.9000015258789,97.44999694824219,99.0999984741211,78173
2022-08-30,99.80000305175781,100.9000015258789,99.0,99.25,64607
2022-09-01,99.0,100.0,98.5,98.8499984741211,62798
2022-09-02,99.5999984741211,99.69999694824219,95.5999984741211,96.9000015258789,79984
2022-09-05,97.5,100.25,97.5,98.6500015258789,117471
2022-09-06,99.44999694824219,101.19999694824219,99.44999694824219,100.05000305175781,76045
2022-09-07,99.5,102.0,98.44999694824219,100.4000015258789,100012
2022-09-08,101.44999694824219,101.55000305175781,99.6500015258789,100.05000305175781,78083
2022-09-09,101.5,102.44999694824219,99.69999694824219,100.0999984741211,121915
2022-09-12,100.0999984741211,101.80000305175781,98.5999984741211,99.94999694824219,97359
2022-09-13,100.9000015258789,101.8499984741211,100.0,100.44999694824219,63137
2022-09-14,100.0,109.0,99.05000305175781,104.25,537636
2022-09-15,107.5,109.9000015258789,103.19999694824219,104.94999694824219,255988
2022-09-16,105.0,106.80000305175781,101.5,103.05000305175781,242556
2022-09-19,103.05000305175781,108.0,100.1500015258789,101.0,112305
2022-09-20,104.0,112.4000015258789,81.4000015258789,102.05000305175781,842813
2022-09-21,103.5,104.80000305175781,101.5,102.05000305175781,84653
2022-09-22,100.9000015258789,106.0,100.5999984741211,101.25,73824
2022-09-23,102.75,104.0,99.5,100.05000305175781,72320
2022-09-26,99.75,99.75,93.75,95.69999694824219,120172
2022-09-27,97.0,98.3499984741211,93.55000305175781,94.44999694824219,53369
2022-09-28,95.75,97.0,91.69999694824219,92.25,56738
2022-09-29,94.4000015258789,101.94999694824219,87.55000305175781,90.19999694824219,138826
2022-09-30,93.44999694824219,98.0,90.5,93.94999694824219,141730
2022-10-03,95.75,110.19999694824219,92.25,93.75,83808
2022-10-04,96.0,96.9000015258789,93.30000305175781,93.80000305175781,69869
2022-10-06,94.9000015258789,97.0,94.9000015258789,95.8499984741211,45543
2022-10-07,95.8499984741211,97.8499984741211,92.5999984741211,96.4000015258789,47987
2022-10-10,95.94999694824219,96.0,93.19999694824219,94.44999694824219,39371
2022-10-11,96.0,96.44999694824219,94.0,94.0999984741211,29636
2022-10-12,95.4000015258789,97.25,92.0999984741211,93.5,36124
2022-10-13,94.8499984741211,94.9000015258789,92.9000015258789,93.55000305175781,26587
2022-10-14,95.94999694824219,96.19999694824219,92.5999984741211,93.8499984741211,31235
2022-10-17,93.0,93.1500015258789,90.9000015258789,92.69999694824219,30395
2022-10-18,92.0,106.0,92.0,95.3499984741211,2795617
2022-10-19,96.0,96.30000305175781,92.6500015258789,93.5,129408
2022-10-20,93.80000305175781,94.94999694824219,90.5,91.80000305175781,113430
2022-10-21,91.5999984741211,93.4000015258789,88.25,89.05000305175781,117130
2022-10-24,90.69999694824219,94.0,89.69999694824219,92.05000305175781,36783
2022-10-25,94.4000015258789,94.4000015258789,89.0999984741211,89.8499984741211,99598
2022-10-27,91.5999984741211,91.9000015258789,85.80000305175781,88.0999984741211,250793
2022-10-28,89.69999694824219,90.44999694824219,88.0,88.75,45495
2022-10-31,87.55000305175781,91.80000305175781,87.55000305175781,90.3499984741211,110203
2022-11-01,90.9000015258789,91.1500015258789,89.25,90.25,65646
2022-11-02,90.25,91.25,87.30000305175781,87.6500015258789,167601
2022-11-03,88.0,88.69999694824219,86.0,87.05000305175781,271655
2022-11-04,87.4000015258789,88.75,86.5,87.75,57497
2022-11-07,88.75,88.75,85.3499984741211,85.69999694824219,177576
2022-11-09,85.9000015258789,87.0,85.69999694824219,86.55000305175781,51684
2022-11-10,86.5,87.75,85.80000305175781,86.44999694824219,42806
2022-11-11,87.0,88.3499984741211,85.05000305175781,85.9000015258789,90338
2022-11-14,86.4000015258789,86.8499984741211,79.69999694824219,84.0999984741211,112812
2022-11-15,84.0999984741211,86.19999694824219,83.69999694824219,84.9000015258789,46133
2022-11-16,84.9000015258789,85.80000305175781,82.4000015258789,83.1500015258789,84914
2022-11-17,83.9000015258789,83.94999694824219,81.25,81.69999694824219,98765
2022-11-18,82.9000015258789,83.0,79.80000305175781,80.19999694824219,102678
2022-11-21,80.0,81.44999694824219,79.1500015258789,80.30000305175781,62429
2022-11-22,81.80000305175781,81.80000305175781,76.5,77.1500015258789,181821
2022-11-23,77.94999694824219,78.0,73.05000305175781,73.5,237293
2022-11-24,74.44999694824219,74.44999694824219,67.25,73.4000015258789,396923
2022-11-25,76.0,79.80000305175781,74.25,75.8499984741211,307141
2022-11-28,76.9000015258789,76.9000015258789,72.69999694824219,73.3499984741211,189298
2022-11-29,73.5,81.0,72.44999694824219,78.25,409520
2022-11-30,78.25,79.5,75.44999694824219,75.69999694824219,233999
2022-12-01,75.8499984741211,76.94999694824219,75.30000305175781,76.0999984741211,70312
2022-12-02,76.5,86.4000015258789,76.44999694824219,78.80000305175781,293531
2022-12-05,79.69999694824219,84.4000015258789,78.80000305175781,83.30000305175781,479364
2022-12-06,81.5999984741211,83.5,80.25,82.1500015258789,180139
2022-12-07,83.19999694824219,84.4000015258789,78.5999984741211,78.75,147328
2022-12-08,79.0,79.75,77.19999694824219,78.0999984741211,97576
2022-12-09,79.4000015258789,80.0,74.94999694824219,77.19999694824219,127914
2022-12-12,77.3499984741211,86.0,76.19999694824219,78.0999984741211,2391865
2022-12-13,78.5,81.5,77.4000015258789,79.19999694824219,225448
2022-12-14,79.80000305175781,79.80000305175781,77.30000305175781,77.8499984741211,1741613
2022-12-15,78.25,78.4000015258789,76.05000305175781,76.5,131674
2022-12-16,77.0,80.4000015258789,76.0999984741211,77.44999694824219,146462
2022-12-19,78.0,78.19999694824219,76.3499984741211,76.5999984741211,72560
2022-12-20,77.69999694824219,77.9000015258789,76.0,76.3499984741211,47828
2022-12-21,76.4000015258789,79.8499984741211,73.1500015258789,74.94999694824219,313235
2022-12-22,75.5,75.80000305175781,73.4000015258789,74.44999694824219,173477
2022-12-23,75.0,75.0,68.4000015258789,68.80000305175781,176476
2022-12-26,67.94999694824219,72.0,67.0,70.4000015258789,108581
2022-12-27,71.80000305175781,75.9000015258789,70.80000305175781,73.75,175953
2022-12-28,73.44999694824219,75.5,73.4000015258789,73.69999694824219,196166
2022-12-29,73.69999694824219,74.9000015258789,72.55000305175781,72.94999694824219,71287
2022-12-30,73.8499984741211,74.9000015258789,73.0,73.55000305175781,85745
2023-01-02,73.5999984741211,74.4000015258789,72.1500015258789,72.69999694824219,87495
2023-01-03,73.0,74.8499984741211,72.80000305175781,72.94999694824219,43647
2023-01-04,73.69999694824219,74.4000015258789,71.80000305175781,71.94999694824219,54507
2023-01-05,73.0,73.0,70.55000305175781,70.94999694824219,61905
2023-01-06,71.8499984741211,73.0999984741211,69.5,70.0,103935
2023-01-09,71.80000305175781,71.80000305175781,67.5,68.9000015258789,175484
2023-01-10,68.0,70.4000015258789,65.55000305175781,67.30000305175781,254597
2023-01-11,68.0,75.19999694824219,67.5,74.44999694824219,1464305
2023-01-12,74.80000305175781,75.6500015258789,71.4000015258789,72.5999984741211,717584
2023-01-13,72.05000305175781,73.30000305175781,70.0999984741211,70.80000305175781,139227
2023-01-16,70.94999694824219,72.19999694824219,69.5,69.80000305175781,96502
2023-01-17,69.4000015258789,71.5,69.0999984741211,69.80000305175781,53849
2023-01-18,71.0,72.19999694824219,69.1500015258789,69.44999694824219,120451
2023-01-19,69.44999694824219,70.80000305175781,69.0,69.3499984741211,53637
2023-01-20,69.4000015258789,70.75,69.0999984741211,69.80000305175781,67475
2023-01-23,71.25,71.4000015258789,68.5,68.80000305175781,55023
2023-01-24,69.0,70.1500015258789,65.5,66.05000305175781,336436
2023-01-25,66.8499984741211,67.5999984741211,65.6500015258789,66.1500015258789,65546
2023-01-27,66.1500015258789,66.80000305175781,64.3499984741211,64.75,61283
2023-01-30,66.5,66.5,64.55000305175781,65.19999694824219,81394
2023-01-31,66.69999694824219,70.0,65.5,66.5999984741211,141194
2023-02-01,67.9000015258789,67.9000015258789,65.0,65.4000015258789,59839
2023-02-02,66.44999694824219,67.69999694824219,56.25,60.95000076293945,979265
2023-02-03,62.29999923706055,62.900001525878906,59.5,60.75,127105
2023-02-06,60.95000076293945,61.0,57.79999923706055,58.20000076293945,191860
2023-02-07,58.5,60.25,57.5,59.54999923706055,154579
2023-02-08,60.900001525878906,62.650001525878906,60.099998474121094,61.400001525878906,85967
2023-02-09,62.400001525878906,62.79999923706055,59.25,60.150001525878906,84678
2023-02-10,61.349998474121094,61.5,59.099998474121094,60.849998474121094,36375
2023-02-13,60.849998474121094,61.900001525878906,59.04999923706055,59.900001525878906,127760
2023-02-14,60.45000076293945,60.45000076293945,59.0,59.150001525878906,41482
2023-02-15,59.349998474121094,60.599998474121094,58.150001525878906,58.599998474121094,43392
2023-02-16,60.0,61.150001525878906,58.20000076293945,60.400001525878906,44557
2023-02-17,59.5,60.79999923706055,59.25,59.599998474121094,14334
2023-02-20,60.400001525878906,60.400001525878906,58.5,58.900001525878906,13949
2023-02-21,59.25,59.599998474121094,57.79999923706055,58.29999923706055,138572
2023-02-22,59.20000076293945,59.20000076293945,56.599998474121094,57.099998474121094,120372
2023-02-23,60.0,60.0,56.900001525878906,57.25,24067
2023-02-24,57.0,58.349998474121094,56.5,57.04999923706055,65655
2023-02-27,57.099998474121094,58.04999923706055,56.5,57.04999923706055,465373
2023-02-28,58.099998474121094,58.099998474121094,57.099998474121094,57.29999923706055,229545
2023-03-01,57.29999923706055,58.45000076293945,57.0,58.099998474121094,323806
2023-03-02,58.70000076293945,58.70000076293945,57.099998474121094,57.349998474121094,66640
2023-03-03,57.79999923706055,58.099998474121094,56.650001525878906,56.95000076293945,70896
2023-03-06,58.0,58.20000076293945,56.29999923706055,57.349998474121094,134297
2023-03-08,57.95000076293945,57.95000076293945,56.849998474121094,57.45000076293945,21263
2023-03-09,57.45000076293945,57.650001525878906,56.599998474121094,56.900001525878906,69708
2023-03-10,57.25,57.25,56.29999923706055,56.45000076293945,35774
2023-03-13,56.25,57.04999923706055,55.0,55.099998474121094,66431
2023-03-14,55.099998474121094,56.150001525878906,54.599998474121094,55.45000076293945,170159
2023-03-15,55.5,56.0,52.900001525878906,53.599998474121094,30422
2023-03-16,54.0,57.70000076293945,52.75,54.54999923706055,207383
2023-03-17,55.45000076293945,55.5,54.400001525878906,54.54999923706055,207768
2023-03-20,55.650001525878906,55.79999923706055,45.20000076293945,55.25,336366
2023-03-21,55.25,56.79999923706055,53.599998474121094,56.25,372340
2023-03-22,55.5,60.0,55.5,57.20000076293945,276425
2023-03-23,57.849998474121094,59.79999923706055,56.0,56.599998474121094,339915
2023-03-24,56.099998474121094,57.25,54.599998474121094,55.20000076293945,157785
2023-03-27,55.20000076293945,55.599998474121094,51.099998474121094,52.349998474121094,238783
2023-03-28,52.0,53.75,49.599998474121094,50.0,621172
2023-03-29,50.0,51.95000076293945,50.0,50.29999923706055,1642587
2023-03-31,51.0,51.20000076293945,49.099998474121094,49.70000076293945,172397
2023-04-03,49.95000076293945,51.150001525878906,49.95000076293945,50.75,178766
2023-04-05,50.75,52.650001525878906,50.29999923706055,51.599998474121094,283184
2023-04-06,52.5,61.29999923706055,52.0,55.599998474121094,1405203
2023-04-10,56.20000076293945,56.349998474121094,53.20000076293945,54.099998474121094,271603
2023-04-11,54.599998474121094,54.650001525878906,52.29999923706055,52.599998474121094,198529
2023-04-12,52.79999923706055,53.400001525878906,52.0,52.099998474121094,239605
2023-04-13,52.650001525878906,53.599998474121094,51.849998474121094,52.95000076293945,197752
2023-04-17,52.650001525878906,53.150001525878906,52.04999923706055,52.349998474121094,158492
2023-04-18,53.0,54.95000076293945,52.650001525878906,53.349998474121094,461052
2023-04-19,53.349998474121094,54.54999923706055,52.20000076293945,52.650001525878906,233355
2023-04-20,53.099998474121094,56.599998474121094,52.75,54.900001525878906,365269
2023-04-21,55.45000076293945,55.5,53.400001525878906,53.5,154343
2023-04-24,53.5,53.5,52.45000076293945,52.54999923706055,222924
2023-04-25,53.0,53.400001525878906,52.0,52.400001525878906,188241
2023-04-26,52.5,53.900001525878906,52.5,52.75,181273
2023-04-27,53.0,53.79999923706055,52.25,52.5,407878
2023-04-28,52.95000076293945,54.849998474121094,52.5,53.349998474121094,413349
2023-05-02,53.400001525878906,54.900001525878906,53.400001525878906,54.099998474121094,171320
2023-05-03,54.099998474121094,55.54999923706055,52.849998474121094,53.25,272290
2023-05-04,53.5,55.0,53.29999923706055,54.400001525878906,255506
2023-05-05,54.29999923706055,56.0,52.75,53.29999923706055,441582
2023-05-08,53.849998474121094,54.599998474121094,53.54999923706055,53.70000076293945,243281
2023-05-09,53.900001525878906,54.29999923706055,53.5,53.70000076293945,203829
2023-05-10,53.70000076293945,54.29999923706055,52.400001525878906,53.099998474121094,474843
2023-05-11,53.349998474121094,54.0,52.79999923706055,53.0,215859
2023-05-12,53.25,53.5,52.25,52.70000076293945,300923
2023-05-15,52.849998474121094,54.900001525878906,52.70000076293945,54.0,263530
2023-05-16,53.650001525878906,56.5,53.650001525878906,54.70000076293945,441773
2023-05-17,54.900001525878906,55.099998474121094,53.0,53.29999923706055,191852
2023-05-18,53.5,53.900001525878906,53.0,53.29999923706055,339411
2023-05-19,53.599998474121094,53.599998474121094,52.150001525878906,52.5,193998
2023-05-22,52.79999923706055,53.20000076293945,51.79999923706055,52.0,201454
2023-05-23,52.400001525878906,52.650001525878906,50.650001525878906,51.0,215999
2023-05-24,51.0,51.5,49.54999923706055,50.20000076293945,121231
2023-05-25,49.95000076293945,51.0,49.79999923706055,50.150001525878906,238148
2023-05-26,50.70000076293945,52.0,50.0,50.650001525878906,220385
2023-05-29,50.04999923706055,51.650001525878906,50.0,51.0,244412
2023-05-30,50.5,51.25,49.79999923706055,50.5,172100
2023-05-31,50.900001525878906,50.900001525878906,50.04999923706055,50.400001525878906,159288
2023-06-01,50.79999923706055,50.79999923706055,49.79999923706055,50.0,219090
2023-06-02,50.5,50.75,49.849998474121094,50.54999923706055,80607
2023-06-05,50.25,52.29999923706055,50.25,51.79999923706055,144437
2023-06-06,51.900001525878906,52.45000076293945,51.29999923706055,52.099998474121094,178732
2023-06-07,52.54999923706055,53.79999923706055,51.70000076293945,52.95000076293945,240845
2023-06-08,53.29999923706055,54.20000076293945,52.099998474121094,52.29999923706055,241135
2023-06-09,52.79999923706055,53.0,51.79999923706055,52.29999923706055,157838
2023-06-12,52.70000076293945,52.70000076293945,51.099998474121094,51.650001525878906,170681
2023-06-13,51.5,53.0,51.5,51.650001525878906,241785
2023-06-14,52.150001525878906,52.400001525878906,51.45000076293945,51.95000076293945,222278
2023-06-15,52.099998474121094,52.29999923706055,51.45000076293945,51.70000076293945,146194
2023-06-16,51.75,52.400001525878906,51.75,52.099998474121094,179759
2023-06-19,52.849998474121094,53.650001525878906,51.04999923706055,51.70000076293945,318272
2023-06-20,52.0,52.29999923706055,51.29999923706055,51.54999923706055,95480
2023-06-21,51.54999923706055,52.099998474121094,51.54999923706055,51.900001525878906,166833
2023-06-22,52.29999923706055,52.400001525878906,51.5,51.75,211112
2023-06-23,52.0,52.04999923706055,50.650001525878906,51.0,171890
2023-06-26,51.29999923706055,51.29999923706055,50.04999923706055,50.20000076293945,144520
2023-06-27,50.29999923706055,52.400001525878906,50.29999923706055,51.900001525878906,211530
2023-06-28,52.650001525878906,52.650001525878906,51.599998474121094,51.900001525878906,136450
2023-06-30,52.04999923706055,52.45000076293945,51.900001525878906,52.04999923706055,315198
2023-07-03,52.25,52.5,51.150001525878906,51.45000076293945,245777
2023-07-04,51.650001525878906,51.900001525878906,50.75,51.099998474121094,188581
2023-07-05,50.54999923706055,51.400001525878906,50.349998474121094,50.79999923706055,167658
2023-07-06,51.29999923706055,51.29999923706055,50.29999923706055,50.45000076293945,211059
2023-07-07,50.45000076293945,51.0,49.900001525878906,50.400001525878906,163283
2023-07-10,50.95000076293945,51.0,49.0,49.849998474121094,203250
2023-07-11,50.25,50.25,49.150001525878906,49.29999923706055,169677
2023-07-12,49.349998474121094,49.650001525878906,49.0,49.20000076293945,171157
2023-07-13,49.45000076293945,49.849998474121094,48.79999923706055,49.0,193981
2023-07-14,49.150001525878906,49.150001525878906,48.04999923706055,48.25,206714
2023-07-17,48.70000076293945,48.70000076293945,46.70000076293945,46.849998474121094,281159
2023-07-18,47.04999923706055,47.54999923706055,46.099998474121094,47.099998474121094,198049
2023-07-19,47.0,48.25,47.0,47.70000076293945,200551
2023-07-20,48.099998474121094,49.95000076293945,47.599998474121094,49.20000076293945,208348
2023-07-21,49.5,49.75,49.0,49.599998474121094,168462
2023-07-24,50.20000076293945,50.54999923706055,48.70000076293945,48.95000076293945,180458
2023-07-25,49.25,49.25,47.599998474121094,47.849998474121094,298202
2023-07-26,48.20000076293945,48.20000076293945,47.0,47.20000076293945,222322
2023-07-27,47.54999923706055,47.599998474121094,46.79999923706055,47.0,228109
2023-07-28,46.79999923706055,47.5,46.5,46.900001525878906,225206
2023-07-31,47.0,48.099998474121094,46.900001525878906,47.25,92322
2023-08-01,47.5,47.5,46.79999923706055,46.95000076293945,226541
2023-08-02,46.70000076293945,47.150001525878906,46.5,46.900001525878906,187828
2023-08-03,47.5,48.29999923706055,46.54999923706055,46.95000076293945,434779
2023-08-04,47.5,47.5,46.70000076293945,46.79999923706055,225521
2023-08-07,47.5,47.5,46.75,46.95000076293945,311583
2023-08-08,46.95000076293945,47.25,46.099998474121094,46.349998474121094,254143
2023-08-09,46.79999923706055,46.900001525878906,46.150001525878906,46.54999923706055,225040
2023-08-10,46.79999923706055,49.70000076293945,46.650001525878906,48.849998474121094,528662
2023-08-11,49.04999923706055,49.79999923706055,48.099998474121094,48.599998474121094,255807
2023-08-14,49.349998474121094,49.349998474121094,47.5,48.099998474121094,196157
2023-08-16,48.150001525878906,48.5,47.650001525878906,48.099998474121094,164415
2023-08-17,48.599998474121094,49.5,47.900001525878906,48.25,280241
2023-08-18,48.75,49.150001525878906,47.54999923706055,47.95000076293945,233372
2023-08-21,48.25,51.5,47.95000076293945,50.54999923706055,681077
2023-08-22,50.95000076293945,56.45000076293945,43.54999923706055,46.20000076293945,18382251
2023-08-23,47.0,47.5,46.20000076293945,46.349998474121094,863599
2023-08-24,46.75,47.04999923706055,45.70000076293945,45.900001525878906,462220
2023-08-25,45.79999923706055,46.0,44.900001525878906,44.95000076293945,538875
2023-08-28,45.29999923706055,46.349998474121094,44.349998474121094,44.650001525878906,406329
2023-08-29,45.0,45.20000076293945,42.04999923706055,42.70000076293945,2125009
2023-08-30,42.79999923706055,46.5,42.79999923706055,45.599998474121094,1507560
2023-08-31,46.150001525878906,47.5,45.79999923706055,45.900001525878906,528590
2023-09-01,46.150001525878906,46.650001525878906,45.04999923706055,45.70000076293945,255684
2023-09-04,46.04999923706055,46.400001525878906,44.900001525878906,45.20000076293945,340294
2023-09-05,45.849998474121094,47.349998474121094,45.79999923706055,46.599998474121094,1088919
2023-09-06,46.650001525878906,47.29999923706055,45.900001525878906,46.099998474121094,757712
2023-09-07,46.400001525878906,47.25,46.0,47.0,888779
2023-09-08,47.0,47.70000076293945,45.650001525878906,46.0,494210
2023-09-11,46.400001525878906,46.599998474121094,45.45000076293945,45.75,373276
2023-09-12,46.04999923706055,46.349998474121094,42.650001525878906,43.25,565408
2023-09-13,43.54999923706055,44.54999923706055,42.79999923706055,44.150001525878906,366531
2023-09-14,44.400001525878906,45.29999923706055,44.400001525878906,44.79999923706055,307712
2023-09-15,44.25,46.349998474121094,44.25,46.04999923706055,419976
2023-09-18,47.099998474121094,47.099998474121094,45.400001525878906,45.95000076293945,226729
2023-09-20,45.5,46.0,43.79999923706055,44.20000076293945,358963
2023-09-21,44.150001525878906,44.5,43.349998474121094,43.45000076293945,368938
2023-09-22,43.95000076293945,49.79999923706055,43.5,48.79999923706055,6009652
2023-09-25,49.20000076293945,50.75,48.25,50.099998474121094,2291960
2023-09-26,50.25,56.0,49.900001525878906,54.70000076293945,3762653
2023-09-27,54.099998474121094,65.0,54.099998474121094,64.0999984741211,7570314
2023-09-28,64.0,70.5,63.70000076293945,68.8499984741211,7640887
2023-09-29,69.0,75.69999694824219,68.8499984741211,75.69999694824219,5169465
2023-10-03,81.0,81.0,71.0,71.75,3262038
2023-10-04,71.94999694824219,74.4000015258789,69.25,70.94999694824219,1186515
2023-10-05,74.0,77.3499984741211,73.05000305175781,74.44999694824219,1596814
2023-10-06,74.75,75.69999694824219,72.0,72.30000305175781,416448
2023-10-09,71.0,71.0,68.5,68.80000305175781,553833
2023-10-10,68.5999984741211,75.6500015258789,68.5999984741211,75.6500015258789,735063
2023-10-11,78.0,83.19999694824219,77.0,83.19999694824219,3254102
2023-10-12,83.4000015258789,91.5,83.4000015258789,91.5,2297149
2023-10-13,93.80000305175781,94.9000015258789,88.19999694824219,91.44999694824219,2081949
2023-10-16,94.0,94.0,89.5,90.44999694824219,537540
2023-10-17,90.5,93.5,87.05000305175781,91.3499984741211,696736
2023-10-18,91.8499984741211,91.8499984741211,86.80000305175781,88.0,518074
2023-10-19,88.0,89.0,84.19999694824219,87.94999694824219,395255
2023-10-20,88.19999694824219,89.8499984741211,83.55000305175781,85.1500015258789,601753
2023-10-23,82.5,84.8499984741211,80.9000015258789,80.9000015258789,522093
2023-10-25,77.5,79.75,76.8499984741211,76.8499984741211,420029
2023-10-26,75.19999694824219,76.5,73.0,75.05000305175781,523161
2023-10-27,75.80000305175781,78.80000305175781,75.30000305175781,78.80000305175781,442935
2023-10-30,82.5999984741211,82.69999694824219,77.5999984741211,78.5999984741211,373540
2023-10-31,78.80000305175781,79.3499984741211,74.69999694824219,74.94999694824219,233141
2023-11-01,73.0999984741211,78.6500015258789,73.0999984741211,78.6500015258789,265585
2023-11-02,81.80000305175781,82.55000305175781,80.5,82.5,930253
2023-11-03,82.69999694824219,86.5999984741211,81.0999984741211,86.5999984741211,1101911
2023-11-06,88.5,89.94999694824219,85.19999694824219,86.1500015258789,959849
2023-11-07,85.5999984741211,85.5999984741211,82.9000015258789,83.44999694824219,209136
2023-11-08,83.80000305175781,84.80000305175781,80.69999694824219,81.5,141334
2023-11-09,81.8499984741211,84.0999984741211,80.75,81.3499984741211,175282
2023-11-10,79.0,81.4000015258789,78.0,78.44999694824219,236362
2023-11-13,79.75,81.5999984741211,78.6500015258789,79.3499984741211,145943
2023-11-15,80.0,80.25,77.80000305175781,78.25,170737
2023-11-16,78.25,78.6500015258789,76.19999694824219,76.6500015258789,163324
2023-11-17,77.0,80.0,75.0,78.0,346631
2023-11-20,81.0,81.0,76.44999694824219,79.44999694824219,566730
2023-11-21,80.9000015258789,83.4000015258789,79.80000305175781,83.4000015258789,364474
2023-11-22,84.75,87.55000305175781,82.4000015258789,84.05000305175781,814887
2023-11-23,84.44999694824219,85.75,82.5,84.9000015258789,198307
2023-11-24,85.5999984741211,86.0,80.6500015258789,80.8499984741211,318884
2023-11-28,81.30000305175781,81.9000015258789,77.4000015258789,78.4000015258789,333863
2023-11-29,78.80000305175781,80.30000305175781,77.5999984741211,78.0,206071
2023-11-30,77.5,80.6500015258789,76.6500015258789,78.0999984741211,452778
2023-12-01,78.5999984741211,79.5999984741211,77.4000015258789,77.75,213158
2023-12-04,79.94999694824219,81.5999984741211,78.69999694824219,81.5999984741211,563408
2023-12-05,85.44999694824219,85.6500015258789,81.0,81.5,1022537
2023-12-06,82.0999984741211,83.0,78.55000305175781,79.0,273203
2023-12-07,79.3499984741211,80.0999984741211,78.0999984741211,79.44999694824219,363781
2023-12-08,79.9000015258789,81.0,75.5,77.19999694824219,378011
2023-12-11,77.9000015258789,79.80000305175781,77.55000305175781,78.44999694824219,462891
2023-12-12,79.6500015258789,79.6500015258789,76.4000015258789,76.9000015258789,254692
2023-12-13,77.44999694824219,78.19999694824219,75.5,76.55000305175781,190718
2023-12-14,77.94999694824219,79.9000015258789,77.25,78.3499984741211,520774
2023-12-15,78.9000015258789,80.75,77.5999984741211,79.69999694824219,525352
2023-12-18,81.5,83.5999984741211,79.5999984741211,81.5,616616
2023-12-19,81.1500015258789,82.0999984741211,79.25,79.69999694824219,220686
2023-12-20,80.0,80.80000305175781,75.75,75.75,288586
2023-12-21,76.9000015258789,78.05000305175781,72.5999984741211,73.9000015258789,591533
2023-12-22,74.9000015258789,77.55000305175781,74.0,77.55000305175781,511664
2023-12-26,79.0,80.05000305175781,77.4000015258789,79.05000305175781,252331
2023-12-27,79.19999694824219,80.3499984741211,77.0,77.4000015258789,143121
2023-12-28,77.9000015258789,77.94999694824219,75.80000305175781,76.75,202808
2023-12-29,76.75,78.0,73.9000015258789,74.9000015258789,357747
2024-01-01,75.0,75.94999694824219,74.8499984741211,75.80000305175781,127033
2024-01-02,76.4000015258789,76.5999984741211,74.94999694824219,75.25,112615
2024-01-03,74.75,78.30000305175781,74.69999694824219,76.9000015258789,298791
2024-01-04,77.75,80.69999694824219,76.69999694824219,80.69999694824219,828515
2024-01-05,81.80000305175781,84.69999694824219,80.80000305175781,81.55000305175781,1120142
2024-01-08,82.1500015258789,82.6500015258789,79.0,79.3499984741211,309354
2024-01-09,80.0,83.30000305175781,80.0,83.30000305175781,436990
2024-01-10,85.44999694824219,87.44999694824219,83.25,87.44999694824219,841787
2024-01-11,89.5999984741211,91.80000305175781,88.3499984741211,91.80000305175781,437208
2024-01-12,95.5,96.3499984741211,88.30000305175781,96.3499984741211,1313880
2024-01-15,101.1500015258789,101.1500015258789,91.55000305175781,92.19999694824219,1910431
2024-01-16,92.0,94.94999694824219,87.5999984741211,88.1500015258789,835227
2024-01-17,84.0,91.9000015258789,84.0,89.25,517158
2024-01-18,92.30000305175781,93.69999694824219,86.69999694824219,92.30000305175781,683905
2024-01-19,94.19999694824219,96.9000015258789,93.25,96.9000015258789,380270
2024-01-23,98.05000305175781,101.69999694824219,92.05000305175781,92.05000305175781,546645
2024-01-24,91.80000305175781,94.3499984741211,89.25,91.25,341199
2024-01-25,91.94999694824219,95.80000305175781,91.94999694824219,95.80000305175781,278236
2024-01-29,100.5,100.55000305175781,98.0,99.4000015258789,467158
2024-01-30,99.9000015258789,99.9000015258789,96.0,97.3499984741211,355086
2024-01-31,98.25,102.19999694824219,95.55000305175781,100.5999984741211,569448
2024-02-01,103.0,105.5999984741211,99.19999694824219,104.3499984741211,814992
2024-02-02,109.44999694824219,109.44999694824219,104.0,107.05000305175781,565464
2024-02-05,106.0,108.30000305175781,103.5,105.6500015258789,407226
2024-02-06,105.6500015258789,108.05000305175781,103.5,105.3499984741211,335796
2024-02-07,107.0,115.8499984741211,106.0,112.0,789236
2024-02-08,113.44999694824219,117.05000305175781,110.0,112.1500015258789,694022
2024-02-09,113.30000305175781,116.5,105.0,107.6500015258789,442729
2024-02-12,108.55000305175781,111.55000305175781,96.9000015258789,97.05000305175781,703416
2024-02-13,97.8499984741211,99.80000305175781,93.5,96.44999694824219,432649
2024-02-14,97.0,101.0,95.1500015258789,98.4000015258789,497135
2024-02-15,99.9000015258789,102.80000305175781,99.5,101.25,298414
2024-02-16,102.69999694824219,103.69999694824219,100.0999984741211,101.25,289393
2024-02-19,110.8499984741211,111.3499984741211,105.05000305175781,111.3499984741211,872243
2024-02-20,116.69999694824219,122.44999694824219,112.3499984741211,115.44999694824219,2515553
2024-02-21,111.9000015258789,117.0,109.4000015258789,113.0,529357
2024-02-22,116.0,116.4000015258789,110.55000305175781,111.80000305175781,342286
2024-02-23,112.9000015258789,115.55000305175781,107.69999694824219,108.75,348299
2024-02-26,110.3499984741211,114.0,107.19999694824219,110.25,239838
2024-02-27,110.8499984741211,112.0,102.8499984741211,104.1500015258789,383161
2024-02-28,104.94999694824219,105.9000015258789,96.19999694824219,101.25,582287
2024-02-29,102.4000015258789,102.44999694824219,98.19999694824219,101.5999984741211,243289
2024-03-01,102.1500015258789,109.0,102.1500015258789,104.0999984741211,583885
2024-03-04,107.30000305175781,107.94999694824219,104.0,105.05000305175781,419933
2024-03-05,105.05000305175781,105.55000305175781,99.80000305175781,101.0,237675
2024-03-06,101.0,102.69999694824219,94.0,96.6500015258789,367311
2024-03-07,97.30000305175781,100.05000305175781,97.0,98.75,159870
2024-03-11,99.4000015258789,99.69999694824219,92.0999984741211,94.8499984741211,150954
2024-03-12,93.25,94.80000305175781,87.0,87.69999694824219,554840
2024-03-13,86.1500015258789,90.94999694824219,80.0,81.5999984741211,523125
2024-03-14,78.30000305175781,89.75,78.30000305175781,89.25,366404
2024-03-15,88.4000015258789,92.4000015258789,84.9000015258789,88.0,385252
2024-03-18,88.05000305175781,91.05000305175781,87.80000305175781,89.25,203004
2024-03-19,89.05000305175781,90.3499984741211,85.0999984741211,86.55000305175781,318314
2024-03-20,85.69999694824219,88.55000305175781,85.0,85.30000305175781,267206
2024-03-21,87.6500015258789,90.55000305175781,87.3499984741211,89.8499984741211,199391
2024-03-22,90.25,91.9000015258789,88.94999694824219,89.4000015258789,169965
2024-03-26,86.0999984741211,88.3499984741211,84.25,84.94999694824219,478783
2024-03-27,84.5999984741211,86.9000015258789,81.0,82.3499984741211,339978
2024-03-28,82.05000305175781,90.55000305175781,82.05000305175781,90.55000305175781,500556
2024-04-01,92.0,99.5999984741211,92.0,99.5999984741211,537545
2024-04-02,99.80000305175781,104.0,97.30000305175781,98.69999694824219,632240
2024-04-03,98.5,104.5999984741211,98.5,103.44999694824219,522394
2024-04-04,101.0,107.0,96.5,98.30000305175781,927240
2024-04-05,101.4000015258789,101.9000015258789,98.05000305175781,100.0999984741211,251875
2024-04-08,100.4000015258789,102.6500015258789,97.5999984741211,102.0,231797
2024-04-09,105.80000305175781,110.0,103.8499984741211,105.75,931192
2024-04-10,105.75,105.75,101.05000305175781,102.25,286933
2024-04-12,104.5,104.5,98.19999694824219,99.25,549399
2024-04-15,97.25,100.0,94.55000305175781,97.1500015258789,195856
2024-04-16,96.1500015258789,98.05000305175781,94.19999694824219,96.94999694824219,162257
2024-04-18,97.0,98.05000305175781,95.05000305175781,96.1500015258789,169388
2024-04-19,94.94999694824219,94.94999694824219,91.80000305175781,93.3499984741211,182263
2024-04-22,94.19999694824219,95.80000305175781,90.0,91.05000305175781,311987
2024-04-23,91.55000305175781,100.1500015258789,90.5,100.1500015258789,426387
2024-04-24,103.5999984741211,106.80000305175781,97.4000015258789,98.4000015258789,670598
2024-04-25,98.4000015258789,99.4000015258789,97.05000305175781,97.5999984741211,199724
2024-04-26,98.5,100.3499984741211,96.30000305175781,97.69999694824219,364779
2024-04-29,98.44999694824219,99.44999694824219,97.80000305175781,98.30000305175781,145359
2024-04-30,99.30000305175781,101.25,97.75,98.05000305175781,161486
2024-05-02,98.75,99.1500015258789,96.5999984741211,97.3499984741211,100860
2024-05-03,98.0,98.1500015258789,95.05000305175781,96.5,145718
2024-05-06,96.94999694824219,96.94999694824219,93.0,93.8499984741211,232947
2024-05-07,96.0,96.80000305175781,89.1500015258789,90.55000305175781,320479
2024-05-08,90.4000015258789,92.80000305175781,89.0,91.05000305175781,224413
2024-05-09,91.4000015258789,93.0,88.55000305175781,89.5,199480
2024-05-10,89.9000015258789,94.9000015258789,87.30000305175781,93.5999984741211,320464
2024-05-13,93.8499984741211,93.8499984741211,88.94999694824219,92.0,125118
2024-05-14,92.6500015258789,94.1500015258789,91.94999694824219,93.44999694824219,135777
2024-05-15,94.0999984741211,95.3499984741211,91.80000305175781,92.8499984741211,85106
2024-05-16,93.5,95.0,92.25,94.05000305175781,109082
2024-05-17,94.6500015258789,95.5,93.3499984741211,94.25,121545
2024-05-21,92.5,94.30000305175781,91.0999984741211,92.30000305175781,151021
2024-05-22,92.9000015258789,94.0,91.5,93.0,96739
2024-05-23,93.0,94.0,91.94999694824219,92.75,84767
2024-05-24,93.4000015258789,94.5999984741211,92.55000305175781,92.80000305175781,319337
2024-05-27,92.80000305175781,93.44999694824219,91.0999984741211,92.25,193380
2024-05-28,92.5,93.0,88.0,89.4000015258789,228535
2024-05-29,87.4000015258789,89.19999694824219,82.25,87.1500015258789,523567
2024-05-30,87.69999694824219,94.80000305175781,87.0,93.3499984741211,538325
2024-05-31,92.75,93.5,89.19999694824219,90.0,211853
2024-06-03,92.5,97.0,91.94999694824219,93.4000015258789,259479
2024-06-04,94.0,94.0,84.0999984741211,84.30000305175781,846982
2024-06-05,87.30000305175781,87.30000305175781,81.94999694824219,85.1500015258789,260241
2024-06-06,86.5,89.8499984741211,86.30000305175781,87.4000015258789,170676
2024-06-07,89.0,90.6500015258789,87.6500015258789,89.75,126439
2024-06-10,90.9000015258789,91.04000091552734,88.5,89.6500015258789,131068
2024-06-11,90.3499984741211,92.94000244140625,90.0199966430664,92.08000183105469,137992
2024-06-12,91.4000015258789,94.2300033569336,91.4000015258789,93.44999694824219,125469
2024-06-13,93.98999786376953,95.9000015258789,93.56999969482422,94.20999908447266,164032
2024-06-14,93.76000213623047,94.44999694824219,92.30000305175781,92.77999877929688,85378
2024-06-18,92.77999877929688,93.95999908447266,91.83000183105469,92.16999816894531,86424
2024-06-19,92.05000305175781,101.0,92.05000305175781,96.12000274658203,752870
2024-06-20,96.8499984741211,105.7300033569336,95.94999694824219,105.7300033569336,1004408
2024-06-21,109.0,115.0,106.0,109.30000305175781,1405138
2024-06-24,111.0,120.2300033569336,110.0,119.0,1781293
2024-06-25,120.80000305175781,121.4000015258789,113.05000305175781,115.05999755859375,903810
2024-06-26,115.80000305175781,115.80000305175781,110.0,110.29000091552734,479236
2024-06-27,110.0999984741211,111.37000274658203,105.5199966430664,107.41999816894531,3116784
2024-06-28,107.41000366210938,112.79000091552734,106.3499984741211,112.79000091552734,4103432
2024-07-01,116.9000015258789,118.41999816894531,114.91000366210938,118.41999816894531,1245880
2024-07-02,120.4000015258789,124.33999633789062,120.0,124.33999633789062,1602786
2024-07-03,127.69999694824219,130.5500030517578,120.5999984741211,125.98999786376953,1421228
2024-07-04,126.19999694824219,128.3000030517578,120.95999908447266,125.27999877929688,579497
2024-07-05,125.0,128.22000122070312,122.51000213623047,124.18000030517578,641800
2024-07-08,124.18000030517578,130.3800048828125,124.18000030517578,130.3800048828125,571386
2024-07-09,136.4499969482422,136.88999938964844,134.00999450683594,136.88999938964844,700481
2024-07-10,142.99000549316406,142.99000549316406,130.0399932861328,139.9199981689453,1902920
2024-07-11,139.91000366210938,141.99000549316406,135.3000030517578,136.13999938964844,389978
2024-07-12,136.6999969482422,139.0,129.3300018310547,129.3300018310547,532559
2024-07-15,132.9499969482422,132.9499969482422,122.86000061035156,126.19999694824219,312492
2024-07-16,126.19999694824219,130.0,124.0,127.30999755859375,152593
2024-07-18,127.0,130.0,120.94000244140625,128.69000244140625,216866
2024-07-19,130.9499969482422,130.9499969482422,122.25,124.9000015258789,172423
2024-07-22,125.0,131.13999938964844,121.05000305175781,131.1300048828125,293653
2024-07-23,130.97999572753906,136.0,125.5,134.30999755859375,418095
2024-07-24,134.39999389648438,138.5,131.11000061035156,133.99000549316406,124551
2024-07-25,134.9499969482422,140.67999267578125,132.0,140.35000610351562,378277
2024-07-26,139.39999389648438,147.36000061035156,139.38999938964844,147.36000061035156,223357
2024-07-29,154.72000122070312,154.72000122070312,149.07000732421875,154.72000122070312,592143
2024-07-30,161.89999389648438,162.4499969482422,147.30999755859375,162.30999755859375,770630
2024-07-31,154.19000244140625,154.19000244140625,154.19000244140625,154.19000244140625,53767
2024-08-01,146.47999572753906,146.47999572753906,146.47999572753906,146.47999572753906,12943
2024-08-02,139.14999389648438,139.14999389648438,139.14999389648438,139.14999389648438,18045
2024-08-05,132.19000244140625,132.19000244140625,132.19000244140625,132.19000244140625,14946
2024-08-06,125.58000183105469,125.58000183105469,125.58000183105469,125.58000183105469,52914
2024-08-07,119.30000305175781,131.85000610351562,119.30000305175781,131.85000610351562,3519371
2024-08-08,125.25,130.0,125.25,125.25,371707
2024-08-09,118.9800033569336,122.9000015258789,118.9800033569336,118.9800033569336,186960
2024-08-12,113.02999877929688,124.91999816894531,113.02999877929688,124.33999633789062,918837
2024-08-13,124.0,125.88999938964844,118.12000274658203,118.12000274658203,197630
2024-08-14,113.0999984741211,119.5,113.0,118.66000366210938,817884
2024-08-16,118.9800033569336,122.0,113.5,116.98999786376953,114298
2024-08-19,117.0,122.83000183105469,117.0,122.80999755859375,184756
2024-08-20,126.80000305175781,127.0,122.80999755859375,124.63999938964844,85166
2024-08-21,123.0,126.9000015258789,120.19999694824219,126.12999725341797,105054
2024-08-22,126.12999725341797,132.42999267578125,125.5,132.13999938964844,322015
2024-08-23,131.5,133.0,126.25,131.57000732421875,126446
2024-08-26,130.0,135.89999389648438,130.0,131.42999267578125,221886
2024-08-27,131.5,132.60000610351562,127.0,127.80000305175781,1019179
