date,open,high,low,close,volume
2015-01-01,138.01196345942046,138.7383449853851,135.51503648893754,136.2868194580078,88027
2015-01-02,137.92117809165848,140.46350682816814,136.42302726090693,139.01075744628906,100819
2015-01-05,140.59973124498714,155.0819088096563,140.41812542357368,153.35675048828125,300235
2015-01-06,149.81565527462357,157.94201683527075,144.82180009880278,147.90890502929688,547478
2015-01-07,149.86103685315683,158.44138410997357,145.18496476868373,146.72853088378906,440858
2015-01-08,147.81810739849746,153.44754104460281,146.41074552332665,153.03895568847656,254463
2015-01-09,154.3100956187622,157.5334043578055,150.85979350168176,153.76531982421875,257368
2015-01-12,154.0831141887182,163.16285001427116,151.99477217792554,159.6671600341797,178970
2015-01-13,161.61926336145336,167.06710369947987,160.71128997178226,166.38612365722656,176679
2015-01-14,167.06712278490204,171.60699025188308,166.61313603820395,170.92601013183594,421964
2015-01-15,172.42419607884457,177.32726225758267,170.01807137162507,174.64874267578125,188248
2015-01-16,176.05607692938065,177.82663654743618,172.92357075483113,174.3309326171875,88866
2015-01-19,173.42295729648094,176.01068759378305,165.34199781245502,169.4732666015625,187561
2015-01-20,169.33707505656614,174.46712031403592,167.2033315716631,172.83277893066406,161232
2015-01-21,173.42295900980633,177.05485343933105,170.2904528352568,174.3309326171875,109404
2015-01-22,177.05483946301578,180.68673360584685,170.69902471306136,172.69656372070312,582159
2015-01-23,176.14683620619508,177.05480958870123,165.7505437474144,167.2032928466797,816201
2015-01-27,171.51620873083357,171.51620873083357,164.52481473150286,168.65609741210938,109739
2015-01-28,167.9750858858368,169.79103276027828,165.93214565209013,166.43153381347656,56523
2015-01-29,164.8426065700791,172.10639522550906,164.4794088245612,171.4254150390625,207798
2015-01-30,173.2867804512095,173.2867804512095,166.29537210895492,171.92481994628906,107449
2015-02-02,172.4695726554505,172.4695726554505,167.06713281627438,168.0205078125,39686
2015-02-03,167.20332957034742,172.56038201647343,165.06959996556128,171.4254150390625,309023
2015-02-04,170.96959790593203,177.62424235361397,168.73619355351445,170.74169921875,454722
2015-02-05,170.42262719491777,172.15466547906786,169.1464001727704,170.37704467773438,295917
2015-02-06,170.14916710103932,173.24859782604926,166.59395287716973,170.3314971923828,640090
2015-02-09,170.96961711935347,170.96961711935347,162.44619969695796,164.31497192382812,241069
2015-02-10,161.76254861324276,165.9558916605137,157.93385195390348,162.58299255371094,118646
2015-02-11,162.76526567170816,163.63127801012928,157.20453144002096,160.80532836914062,124114
2015-02-12,159.8481424575397,161.3066856886567,157.25009189704707,159.5746612548828,81097
2015-02-13,160.89648408996385,162.17271126102187,157.29568736963378,160.0304718017578,94595
2015-02-16,159.5290898825349,160.44068468186364,157.43241906211216,159.0277099609375,90178
2015-02-18,159.5291004925756,159.71141668260037,154.7432274777983,155.1534423828125,104958
2015-02-19,154.7888167360142,158.43519633446056,153.1479431347465,156.2473602294922,79094
2015-02-20,155.9282907956205,163.6312639488506,155.47249340300533,159.34677124023438,264824
2015-02-23,159.3467906846315,161.30671414810473,156.70315713897278,159.1644744873047,99412
2015-02-24,160.34953030260394,160.34953030260394,153.60373390285136,155.1534423828125,75726
2015-02-25,154.97109989011182,158.25284639289376,153.87718902579493,156.42965698242188,83150
2015-02-26,155.335782585912,158.48079646681452,147.95187142469052,157.38687133789062,104821
2015-02-27,157.3868299724496,163.12987975053076,155.0622744590308,160.25836181640625,90775
2015-03-02,156.83989544478774,170.46823555912547,156.74873039659815,168.82736206054688,279863
2015-03-03,164.45171664199785,174.84390698982548,164.45171664199785,170.012451171875,99780
2015-03-04,169.60223639099104,176.84941316931298,167.87019770992697,169.28317260742188,210910
2015-03-05,169.96685544786902,173.15743739372274,164.08707150104814,167.23207092285156,114692
2015-03-09,165.91028241282768,169.7845609856547,158.52635768656447,163.26666259765625,180016
2015-03-10,162.26386748251934,165.86466400704703,159.71139936936723,160.98764038085938,52917
2015-03-11,160.44068255761206,162.53735335027463,158.6630755044232,159.48350524902344,219900
2015-03-12,158.20726299628214,161.67132563889027,158.20726299628214,160.2127685546875,138814
2015-03-13,157.75148010253906,161.35227671621695,155.06227827256862,157.75148010253906,135594
2015-03-16,159.52910488522903,159.57468741144876,156.0650415400401,156.56642150878906,19172
2015-03-17,158.11613883703416,158.29845504223238,153.60374668666296,154.7432403564453,145882
2015-03-18,155.42692759661847,155.6548263174346,152.73772547295462,154.10511779785156,72203
2015-03-19,155.6548459779605,156.79433972596897,152.5098460154242,153.92282104492188,44554
2015-03-20,152.32752844385334,156.2473757742951,147.17700840273025,151.4615020751953,114729
2015-03-23,154.92554944483996,154.92554944483996,147.6783728199041,149.5927276611328,82156
2015-03-24,149.5471121433946,149.8205933332147,147.76950527431063,148.4532012939453,71259
2015-03-25,148.1341683791459,150.36757305889546,145.85518117331287,148.5899658203125,169741
2015-03-26,149.00016272085378,149.00016272085378,144.53335390140452,146.58444213867188,94843
2015-03-27,145.90074841461492,148.4987852111899,145.30820345727383,147.72393798828125,95275
2015-03-30,147.99742840428954,153.9227948869647,147.17698469924983,152.28192138671875,41068
2015-03-31,154.05951296140054,171.97234425954773,152.41863962718253,162.3094482421875,248266
2015-04-01,162.26387912250829,169.41990407470945,160.3951069461532,163.6312713623047,100335
2015-04-06,163.63125706542914,173.02068574028644,161.76248505235338,169.8756866455078,685759
2015-04-07,169.55663081898985,172.42814884150744,163.12988477211,164.86192321777344,189439
2015-04-08,163.40338406388048,176.1657125263314,163.40338406388048,174.1146240234375,150653
2015-04-09,173.6132419279091,175.02621677236107,169.6933811661446,172.245849609375,76038
2015-04-10,172.24584297876206,176.0745385413048,168.645046127202,169.69337463378906,47263
2015-04-13,169.64779224714252,170.46822197614293,165.7279319544947,166.77626037597656,85324
2015-04-15,167.0953389021957,167.368820139351,163.17547826252584,165.04425048828125,133718
2015-04-16,164.99867258972083,168.64505209446605,159.48352080682693,166.59396362304688,104914
2015-04-17,165.91028050614455,166.73071039526292,161.12440703000576,165.45448303222656,103442
2015-04-20,161.58019149135535,166.41164710776042,159.75700174251074,161.80809020996094,389535
2015-04-21,160.6685799615026,166.82184472598567,159.75698518157918,164.7251739501953,188410
2015-04-22,165.13538846227868,165.8646670666077,162.30945299652342,164.58843994140625,80201
2015-04-23,164.63402910315847,164.9074964197094,160.5318524368987,164.08706665039062,100986
2015-04-24,163.58566151159548,164.1326238800758,158.6174733189174,159.52906799316406,57591
2015-04-27,156.24735109223278,160.71417418501278,152.3275043810009,157.0677947998047,57138
2015-04-28,155.88269372888513,162.12712298897475,155.88269372888513,160.2127685546875,67382
2015-04-29,161.3522718436185,162.26386659979713,149.86617235183485,154.01393127441406,48047
2015-04-30,153.87720414053732,156.06502608407206,152.09959707268624,154.9711151123047,24335
2015-05-04,155.8827232061865,158.3896091057012,154.51533089736031,157.022216796875,40558
2015-05-05,157.02220255959483,164.77075827371127,154.9711142823287,163.4033660888672,86396
2015-05-06,160.4407109039219,165.7735469155147,155.973901221099,159.0733184814453,88385
2015-05-07,158.7086884870037,159.43795332891412,152.19077616120626,156.29295349121094,132256
2015-05-08,157.75149748095387,162.99316806471103,156.33852262858298,159.62026977539062,94060
2015-05-11,167.45996185472865,178.1256182249087,157.75148280581033,159.0277099609375,822932
2015-05-12,160.30395042288853,161.71691122866685,156.79430489474177,157.29568481445312,325336
2015-05-13,158.4807957088779,161.3067318521874,157.02223815051212,158.7086944580078,337993
2015-05-14,158.70866448456815,161.26111886490253,155.47250007613252,160.44068908691406,192702
2015-05-15,161.8081033263985,163.40339448595455,158.66310353666933,159.0733184814453,61490
2015-05-18,162.21827501477136,162.21827501477136,155.10783353196467,156.42965698242188,94981
2015-05-19,156.42966427435468,159.52908085270298,154.97110711405432,157.66030883789062,49190
2015-05-20,157.02220210539022,161.07879612672696,157.02220210539022,159.48350524902344,77584
2015-05-21,160.62299413050496,161.1699565511205,157.6603111568073,160.98764038085938,63641
2015-05-22,160.94205704864592,168.46271379007956,159.30118370491218,167.09532165527344,124888
2015-05-25,164.08707537063248,168.50831602094132,164.08707537063248,166.18374633789062,53017
2015-05-26,166.18378586309348,167.4600134111366,163.44900062314076,164.360595703125,36674
2015-05-27,164.9530681437185,165.86466289876512,163.0842961139065,164.04147338867188,34696
2015-05-28,167.59672742183557,167.59672742183557,160.57743558520644,162.3550567626953,45921
2015-05-29,163.03874178222569,178.6725876364848,159.80257733643495,175.66432189941406,1551658
2015-06-01,175.66432775694543,182.09107433911626,171.5165683379675,173.294189453125,145451
2015-06-02,173.74998255628265,174.61599487475002,167.14091994770692,168.82736206054688,51108
2015-06-03,167.3232419821827,168.73621681950408,160.66859661693303,161.80809020996094,53133
2015-06-04,173.20302821736175,173.20302821736175,158.75424372055875,160.4862823486328,31493
2015-06-05,160.94208409132418,161.35229901872694,157.11338825250772,157.97940063476562,125201
2015-06-08,157.75149329762505,159.16446811252604,154.37859509774876,155.1534423828125,29586
2015-06-09,155.01674180745843,155.9283368620041,149.5015889454898,150.64108276367188,137504
2015-06-10,149.77500858916713,152.69210878092608,144.67007282121574,145.99188232421875,112426
2015-06-11,146.72117194324713,152.87443649369877,146.67558942386998,149.09132385253906,159510
2015-06-12,149.04576516082912,150.82337242206484,139.9753987479932,149.5927276611328,209978
2015-06-15,147.3137496931993,150.41316696366812,146.08309094501706,148.0430145263672,40325
2015-06-16,147.72394931075578,149.36482283478867,145.90075959734892,148.77227783203125,26415
2015-06-17,151.3247833251953,152.19079586948655,147.40492169805717,151.3247833251953,59035
2015-06-18,152.92007040003605,154.9711592727638,146.9947025454892,150.64108276367188,72661
2015-06-19,150.41315375291825,157.25011528714182,150.41315375291825,156.1562042236328,98439
2015-06-22,157.25010209925034,157.25010209925034,153.1935080444536,154.9711151123047,80629
2015-06-23,155.24459652367887,159.16445692801398,154.97111530294245,157.29568481445312,49328
2015-06-24,155.8827206739739,158.98213762636504,151.507062574843,152.692138671875,59942
2015-06-25,150.4131475924296,155.74598293463995,150.4131475924296,154.46974182128906,17578
2015-06-26,151.50705494798729,159.30119337129628,151.50705494798729,157.84263610839844,39549
2015-06-29,152.82886799406384,158.16170332426188,149.50155242178067,154.3330078125,81496
2015-06-30,154.9711286707169,157.56917962707132,154.9711286707169,157.15895080566406,44013
2015-07-01,155.0166694158824,164.4516654784585,155.0166694158824,162.81080627441406,71863
2015-07-02,163.3121958938949,165.6823478367859,160.12161422991278,160.98764038085938,21636
2015-07-03,162.26386294303987,163.767988692905,156.06501595875514,159.5746612548828,45926
2015-07-06,158.61751055187312,164.8619411001765,156.7943207754148,163.8135986328125,34638
2015-07-07,163.63126240419538,164.99865456913292,161.44344050422822,162.2638702392578,23165
2015-07-08,160.4406908685179,161.89924816761956,156.794311530597,159.84815979003906,17355
2015-07-09,162.76525204708943,164.861922839752,157.250100802205,159.48350524902344,44363
2015-07-10,158.6630802124849,163.90475039476286,158.6630802124849,161.03321838378906,33138
2015-07-13,160.4406908685179,164.22380386767747,157.25010894783713,159.84815979003906,52902
2015-07-14,162.99316849965751,162.99316849965751,153.10235841650157,161.352294921875,69516
2015-07-15,164.49731254348558,164.49731254348558,159.80260392661583,162.6285400390625,99435
2015-07-16,162.26387915540164,167.73344811569606,159.30119596857548,166.68511962890625,75268
2015-07-17,168.65583509434768,168.65583509434768,166.82261949549607,167.73922729492188,28310
2015-07-20,167.78503188301679,171.22231054497564,163.20199366707163,169.52658081054688,120064
2015-07-21,171.13064650201855,171.13064650201855,164.07277035121413,165.49351501464844,41920
2015-07-22,163.15618891001014,170.03074743149935,163.15618891001014,168.97665405273438,29465
2015-07-23,169.6182377855574,172.32222738610693,166.82258183123116,171.1764678955078,51081
2015-07-24,167.73924419391204,174.61380338218714,167.73924419391204,170.5807342529297,42525
2015-07-27,167.4642295640361,169.52659695764817,167.00592569878896,168.47250366210938,9032
2015-07-28,163.93529680522414,172.6888893682597,163.93529680522414,166.86843872070312,28360
2015-07-29,166.91426157597454,170.1223884070292,163.15616455078126,167.28089904785156,28208
2015-07-30,167.32673140796254,170.39735868226484,165.99765309602137,166.04347229003906,16533
2015-07-31,165.9059972866977,169.57242816596172,165.9059972866977,168.10585021972656,51933
2015-08-03,166.45594566232938,169.06826892908921,165.99764186258324,168.19749450683594,11219
2015-08-04,167.73921659503432,171.4056475588602,165.58518280925693,167.96836853027344,94441
2015-08-05,166.36427747654614,166.36427747654614,156.3274271698536,164.30191040039062,171792
2015-08-06,167.46424017604963,167.51007336274353,160.4063630012592,162.4228973388672,66422
2015-08-07,164.9894009309762,164.9894009309762,160.3605288298144,161.87294006347656,32552
2015-08-10,161.87294430969138,164.9894052589413,159.53559160459133,161.04798889160156,28344
2015-08-11,164.07276833625588,164.07276833625588,154.49422125020268,159.1230926513672,67043
2015-08-12,160.40633921982274,160.40633921982274,151.4235814262481,153.85260009765625,80821
2015-08-13,159.4897274697295,159.4897274697295,148.67375464865577,151.6985626220703,49735
2015-08-14,151.24030104602858,158.84814928985165,149.81955602681577,156.6024627685547,76324
2015-08-17,156.28163376214582,159.3522755625598,153.5318102941902,155.9608154296875,44204
2015-08-18,156.18996443868045,158.34399837580466,153.53180739766879,155.9149932861328,25124
2015-08-19,156.69408183100273,160.81881643660205,153.99009194237453,160.45217895507812,69542
2015-08-20,160.45219252442553,161.3688002920757,156.8315946394723,157.7940216064453,24006
2015-08-21,162.23956839797083,162.23956839797083,143.8615805929133,160.54383850097656,40787
2015-08-24,157.6565522602818,160.26889026145062,147.11556184753042,153.21099853515625,449441
2015-08-25,152.1568838367951,155.59416283913234,139.50769431092925,148.90292358398438,176056
2015-08-26,152.01937351228622,152.98180028713378,146.6572135474296,150.73611450195312,38385
2015-08-27,151.24028565642266,153.990109031994,146.10727642749288,150.41534423828125,123922
2015-08-28,152.34020835805714,154.8150465362397,151.37776740367374,153.0276641845703,21540
2015-08-31,149.81952101295806,153.07348104195282,146.8405460825009,152.47769165039062,26730
2015-09-01,149.5903713426436,152.98181697869794,148.5821112812887,149.8653564453125,34446
2015-09-02,149.45287038659387,153.8067564402542,149.40703720981728,151.97354125976562,21220
2015-09-03,151.24026932905426,157.47320443806177,150.461147195557,156.05245971679688,204893
2015-09-04,154.90667992794152,155.7774543255384,150.00282381498397,151.24024963378906,142529
2015-09-07,153.99009583938954,153.99009583938954,146.84055287815312,147.80299377441406,30103
2015-09-08,148.49044154471903,151.8818871037227,146.93221131342793,151.05694580078125,42699
2015-09-09,151.42360443346152,155.50250631038983,151.2402856723358,152.8901824951172,116193
2015-09-10,151.24028565642266,152.3402122093862,149.40707007270845,150.41534423828125,172083
2015-09-11,155.36501600721033,155.36501600721033,148.71960971781638,149.31539916992188,26190
2015-09-14,149.86535532308775,152.1568745176304,142.07419006164284,146.15309143066406,119631
2015-09-15,145.0531833776091,147.48218843679578,143.2199677898984,144.7781982421875,42251
2015-09-16,145.7406212498463,148.49044429229625,143.08246457000735,144.91567993164062,42042
2015-09-18,150.3236591619963,150.3236591619963,144.45737561849646,146.15309143066406,45154
2015-09-21,149.1779043314675,149.1779043314675,143.35743979681627,144.09072875976562,16141
2015-09-22,145.28233463897718,146.19894242849753,141.11176639939455,141.9367218017578,221501
2015-09-23,141.9825325627963,142.0741989308297,138.59108674042199,141.8450469970703,115623
2015-09-24,143.67826775719553,143.8615865136878,141.75338584821523,142.4408416748047,313695
2015-09-28,141.6159245791251,149.2237731628419,141.6159245791251,143.95327758789062,100573
2015-09-29,143.99907638084923,146.42808121015014,142.0741946013976,144.09072875976562,146795
2015-09-30,146.15310959912034,146.33642836020766,143.7699377323352,144.59487915039062,50349
2015-10-01,145.7406421478385,147.0238874904592,144.82403433558798,145.69480895996094,26953
2015-10-05,143.90743433060607,154.44842474335746,143.90743433060607,153.21099853515625,35990
2015-10-06,155.594177303746,157.61071170865023,146.70308425508273,153.1193389892578,54891
2015-10-07,156.7399078007986,157.5648490894316,153.99008485692494,154.9066925048828,9405
2015-10-08,153.07350957354024,159.2606125054049,149.08625986736385,155.45669555664062,32678
2015-10-09,155.13587133375452,162.97287088081927,155.13587133375452,161.04798889160156,295045
2015-10-12,164.53107141405974,164.9435420548806,159.48972939301612,162.4687042236328,97105
2015-10-13,161.3229334969085,169.2515834407222,159.12308090738838,160.22300720214844,295100
2015-10-14,163.1561886456836,163.1561886456836,159.48975744016263,160.49803161621094,29048
2015-10-15,162.23957231794085,162.23957231794085,159.44391587338941,160.40635681152344,19244
2015-10-16,160.72717511967622,162.23957231794085,156.96907773699078,160.40635681152344,34542
2015-10-19,161.23131029514545,163.15619231587414,154.9067219178805,159.3064422607422,333234
2015-10-20,157.6565431529927,160.3147002046468,153.16517048328055,158.7564697265625,47457
2015-10-21,161.0021219654055,163.0644890989657,155.82329453566095,157.83982849121094,50634
2015-10-23,160.3605115407448,162.74369711400416,152.15687556507328,154.44839477539062,33134
2015-10-26,154.9067152057951,157.65653855264355,149.40706851209825,153.57763671875,53346
2015-10-27,154.86089380067,155.86916803241684,153.25683005964373,153.89845275878906,149977
2015-10-28,154.5858933329179,155.27334915382264,153.25681487643362,154.76922607421875,10971
2015-10-29,154.03593304707496,157.42737887774408,151.69858051974757,152.43186950683594,32034
2015-10-30,152.61519272450533,153.80678561511473,149.22374679455902,150.18618774414062,11149
2015-11-02,150.18616734647273,152.66100517618563,145.64894834128938,146.61138916015625,76023
2015-11-03,146.65721182195745,146.70304499791615,144.0907078178089,144.73233032226562,37585
2015-11-04,145.74063605291533,150.27784173654305,144.91569465091928,149.4987335205078,49905
2015-11-05,147.75716036209852,153.07348788842222,147.75716036209852,152.3860321044922,27947
2015-11-06,153.8984463413631,153.8984463413631,148.35298025697392,149.2237548828125,90659
2015-11-09,149.22371721293217,152.89014754255547,143.58657218934331,150.55279541015625,33904
2015-11-10,151.1944511429988,152.89018113758624,146.6572454103801,148.811279296875,16381
2015-11-13,153.30261591348878,153.30261591348878,149.31536739385598,150.8736114501953,157848
2015-11-16,145.05314779258356,151.2402488832625,145.05314779258356,150.8736114501953,7865
2015-11-17,149.91119942607475,153.71511597162186,148.49045462468482,150.6903076171875,21180
2015-11-18,152.61518490675687,152.61518490675687,151.0111214017309,151.33193969726562,23985
2015-11-19,150.36950192481103,154.90670742185497,149.59037975449098,154.723388671875,41763
2015-11-20,151.24029825968915,158.2981760478761,151.24029825968915,152.1569061279297,50611
2015-11-23,153.9900723544034,153.9900723544034,149.59035320415612,151.24024963378906,1012263
2015-11-24,151.69859318278932,153.57764199833062,148.4904658345128,149.2237548828125,14199
2015-11-26,148.62794626906265,155.09003392996206,148.4904606962812,150.2320098876953,127730
2015-11-27,151.65272506131456,152.98180328789385,148.6737503526994,149.3612060546875,28512
2015-11-30,151.65274313770206,153.21097345067875,150.50698349781868,152.3860321044922,15872
2015-12-01,153.39431258005476,154.44840589818327,149.04042576690122,149.63621520996094,24859
2015-12-02,150.59867288333055,154.58590864780032,149.40707987844587,153.89845275878906,21639
2015-12-03,153.44013621904824,155.64000327483703,150.32367537292004,154.63172912597656,12685
2015-12-04,155.50251092729906,155.50251092729906,151.83607965062757,153.1193389892578,209721
2015-12-07,153.99011271727255,153.99011271727255,148.76545097591585,149.2237548828125,37586
2015-12-08,148.90291789559166,149.17790300253847,146.88638375518767,147.25302124023438,12862
2015-12-09,146.565560562192,146.61139374287023,142.53249241632363,144.5490264892578,18028
2015-12-10,143.90740742177385,144.7323487487706,143.72408868092162,144.2282257080078,14857
2015-12-11,144.82401659968093,146.7030651819415,141.34090454242389,142.66998291015625,13715
2015-12-14,145.5114688832987,147.39051742047366,140.24097473476976,143.861572265625,32385
2015-12-15,145.09903350349646,150.59868090866,142.0742246333912,150.27786254882812,55181
2015-12-16,149.45287147264236,151.8818760099121,143.12827066220393,151.10276794433594,922557
2015-12-17,149.4529190394068,151.9735907331565,148.49047795907344,150.78199768066406,10624
2015-12-18,150.73613215013026,151.7902393877103,147.573838410037,148.9945831298828,8653
2015-12-21,151.1486222391754,152.52353395385435,148.4904651853262,150.46116638183594,15364
2015-12-22,151.1944309764384,151.2402641567808,145.51146627205426,146.29058837890625,45378
2015-12-23,147.98632419709259,150.32367684778345,145.74063791949737,146.51976013183594,10431
2015-12-24,146.70308251716517,150.1861949860055,141.66173957146415,142.85333251953125,99495
2015-12-28,141.93670971733434,142.4408327695898,135.84126004419267,137.3994903564453,81844
2015-12-29,137.49118521853057,139.23273463676796,132.99981209592255,135.24549865722656,70899
2015-12-30,137.9494341833312,137.9494341833312,133.87053344494208,137.44529724121094,96937
2015-12-31,136.57453422688582,137.94944564527728,132.63311869689917,136.1620635986328,171094
2016-01-01,139.32438130361302,139.32438130361302,134.55802368785962,135.38296508789062,69440
2016-01-04,136.29958739235065,140.2410040283203,135.3829795228845,137.49118041992188,42178
2016-01-05,137.49117064244538,142.07420966386024,137.49117064244538,141.61590576171875,34235
2016-01-06,140.378478001636,143.31163413034818,136.66622762644872,137.3536834716797,32300
2016-01-07,134.74133358768043,139.3243721450845,134.74133358768043,137.3994903564453,28273
2016-01-08,138.31612190791094,139.32439615885417,135.7037978717281,137.49118041992188,77360
2016-01-11,137.49115073681128,138.77439588249229,132.4498085431282,134.14553833007812,36655
2016-01-12,134.0538657500516,134.74132147184676,132.03733176338372,133.73304748535156,124448
2016-01-13,133.8247258761996,139.46185770727715,132.9081181647188,137.3994903564453,43045
2016-01-14,131.53321236209493,137.39949637813945,130.6166046104427,134.4663543701172,231734
2016-01-15,133.82472005049632,136.16207241028673,130.20412254502492,134.14553833007812,50449
2016-01-18,131.85401953990873,134.42050983883814,124.20033986512978,129.74581909179688,262681
2016-01-19,130.204128553266,132.35814828907894,128.508398688067,130.52493286132812,187301
2016-01-20,129.24168515861894,131.80818950513282,124.9794649660024,128.37091064453125,199479
2016-01-21,126.58352237166771,129.8833015280109,122.09213648379887,125.39192962646484,105650
2016-01-22,125.57524844198754,131.7623500988008,124.29200332251096,131.1207275390625,34221
2016-01-25,131.16659119577602,136.5745720096827,131.16659119577602,136.25375366210938,35925
2016-01-27,135.33712374047983,139.69101039365486,134.09971171505595,138.6369171142578,183145
2016-01-28,137.72032566601308,139.00357102610798,133.59559045471818,134.23721313476562,10843
2016-01-29,134.74131439953317,137.49113714238078,130.70824663788534,131.53318786621094,10736
2016-02-01,132.90811157226562,136.48287587519735,132.2206558227539,132.90811157226562,11612
2016-02-02,133.27472693055228,134.6954713744043,130.43325202916898,130.8915557861328,6689
2016-02-03,130.20412929395295,132.9081192680027,127.04183546035833,131.76235961914062,20853
2016-02-04,128.46255915975053,129.1041957168289,116.3633407314961,126.21687316894531,134081
2016-02-05,125.57526624700562,127.31681543984293,123.7420506813559,126.12523651123047,81283
2016-02-08,125.57525845637412,128.7833854972304,123.97119493594597,127.54595947265625,21486
2016-02-09,126.49188791167845,127.31682941222407,124.65867214484253,125.66694641113281,13032
2016-02-10,125.98773969308708,129.24170019017566,123.83371974837921,128.18760681152344,15188
2016-02-11,127.50014286192292,127.50014286192292,121.17554103270916,124.65865325927734,365485
2016-02-12,125.89609647574619,126.44605280567407,119.15902304010227,125.30029296875,70771
2016-02-15,123.74203491210938,127.3167992150411,121.90881958007813,123.74203491210938,110173
2016-02-16,125.11693590887751,125.34608780614651,122.36711314164943,123.00873565673828,24304
2016-02-17,122.09215495088809,123.55873301086135,118.88402768273092,120.57975769042969,24526
2016-02-18,125.52942262177478,125.52942262177478,119.38815378481122,121.7713394165039,21723
2016-02-19,120.99221191406251,123.55871617617086,119.38814849853516,122.59627532958984,17157
2016-02-22,121.1755370488713,123.6962082635224,119.4798211689912,122.32129669189453,6108
2016-02-23,123.3295402282526,123.65034445705385,121.90879582550335,123.46702575683594,19076
2016-02-24,122.64212204579736,124.65865633632596,121.90883303478937,124.42950439453125,84280
2016-02-25,121.08388930890398,126.21688431453934,121.08388930890398,125.0252914428711,49117
2016-02-26,124.6586395375458,125.57524718120422,122.13796851748512,125.116943359375,34001
2016-02-29,123.7420472063474,126.49187047759955,121.26720905948532,126.44603729248047,32471
2016-03-01,124.65864292959004,128.32507360398975,122.45879011947945,126.21687316894531,39952
2016-03-02,132.4498153942174,132.4498153942174,124.65864978279286,125.8502426147461,115949
2016-03-03,125.57526215617767,128.32508541507207,123.19207640393945,124.93363952636719,73808
2016-03-04,127.95845900806005,128.05011139951222,123.74205738414418,126.03357696533203,70756
2016-03-08,128.23343016874213,129.60834191745485,123.92537615337409,126.03357696533203,47564
2016-03-09,125.75858953329265,126.95018249112422,123.69622194769677,126.3543930053711,36143
2016-03-10,128.23339678533435,128.23339678533435,124.2461621438723,126.62933349609375,23781
2016-03-11,125.5752480403262,128.14175225739305,125.25442976832181,127.50012969970703,291275
2016-03-14,126.53770133471536,127.36264270638422,121.2213736441712,123.14625549316406,859751
2016-03-15,123.55872993971235,125.39194547595044,121.63384803213252,123.28374481201172,62133
2016-03-16,124.29200324101713,126.03355218578245,122.64210666968414,125.39192962646484,40849
2016-03-17,126.4918630092188,133.36642078145897,125.57525530625345,131.21238708496094,95929
2016-03-18,130.1582997198438,133.82473069786755,130.1582997198438,133.0456085205078,25141
2016-03-21,130.15828503739968,139.32436144848418,130.15828503739968,138.49942016601562,105552
2016-03-22,138.49943896175233,142.07420365267697,135.657949294169,137.30784606933594,18656
2016-03-23,136.5745519628804,137.4911596941749,131.25822432410752,133.54974365234375,51121
2016-03-28,133.54975694331986,135.38297258835192,132.90813426482373,134.05389404296875,19197
2016-03-29,133.09145013780113,134.28304307842419,132.22067552261223,133.1372833251953,3656
2016-03-30,135.65792441316034,140.24096240009143,132.26647910009572,137.9036102294922,45069
2016-03-31,138.4077492023678,141.79919456436667,137.3536560446932,139.6909942626953,121523
2016-04-01,138.40775532109018,139.87433315743218,135.9329174602955,137.8119659423828,5193
2016-04-04,140.2409674335565,140.2409674335565,136.62037009119652,138.3160858154297,7560
2016-04-05,136.2995659922559,140.01183007800464,134.9704875874709,135.47462463378906,5262
2016-04-06,139.3243846447073,140.9742814706596,134.09972301779575,139.82852172851562,22875
2016-04-07,140.24100520779706,141.24927946722022,138.45362264457077,139.09524536132812,11016
2016-04-08,138.8660906891491,144.77820858459026,137.17036055485022,140.8367919921875,365410
2016-04-11,141.15762876852966,144.73239429216258,138.5452904338017,142.9908447265625,327452
2016-04-12,143.81569732720007,144.73230473906577,141.1575414273172,141.79916381835938,86523
2016-04-13,144.6865418973899,146.65724300574982,141.20342957873842,142.4408416748047,98988
2016-04-18,144.22826979414396,144.22826979414396,140.33268591839973,141.20346069335938,57713
2016-04-20,140.33265686035156,142.76166188538028,139.50770146568772,140.33265686035156,350076
2016-04-21,141.15758895007926,145.1448381285883,140.37846679316291,142.16586303710938,116198
2016-04-22,141.5700604608876,142.25751625527812,139.50769307771606,140.24098205566406,26073
2016-04-25,142.80749739500436,142.80749739500436,138.9119142625243,140.0118408203125,11722
2016-04-26,138.49945925712836,142.0283912796342,138.49945925712836,140.3784942626953,14608
2016-04-27,142.76165817032998,142.76165817032998,137.67448232108865,138.17861938476562,25485
2016-04-28,138.40776725918886,139.32437498938216,135.65794406860897,135.8412628173828,36811
2016-04-29,136.11623451514458,137.9036166155537,134.83298941390797,135.3371124267578,10588
2016-05-02,138.13279798648554,138.13279798648554,134.74135179304147,136.02459716796875,10614
2016-05-03,138.3160900178982,139.73683468527057,135.4746146694764,136.07040405273438,49133
2016-05-04,136.57454621300784,141.11175149463168,130.3874442872508,132.7706298828125,45972
2016-05-05,130.4332660220017,138.40774945140777,130.20411411893645,136.1620635986328,143661
2016-05-06,135.33712753527593,136.57455358172052,131.62487736859052,132.86228942871094,27313
2016-05-09,134.74135794355672,135.65796582072377,132.90814218922262,135.56629943847656,35247
2016-05-10,135.428767993968,138.4077425860519,133.91637110328477,137.67445373535156,53842
2016-05-11,137.4911513861806,142.07418976571995,133.3664168445952,141.38673400878906,292052
2016-05-12,141.15760251217404,143.35745565809341,140.2868278913445,141.9825439453125,70699
2016-05-13,142.85333026688625,146.65724701685596,141.20343344068164,144.7781982421875,93233
2016-05-16,144.77822056070417,144.77822056070417,141.20345520812467,143.08250427246094,18984
2016-05-17,142.12003575585967,144.6407070917909,141.38674675177842,143.1282958984375,20305
2016-05-18,143.86155592433707,145.69477107211154,141.98250760060392,144.73233032226562,31446
2016-05-19,143.99905545221313,145.69477107211154,143.44908531335213,144.73233032226562,25222
2016-05-20,142.9908004981884,144.77818270715105,142.07419280268718,142.3033447265625,12366
2016-05-23,143.9074098687423,143.9074098687423,139.32437133789062,139.32437133789062,21740
2016-05-24,140.1951412835316,140.65344512165123,135.84125482139507,136.80369567871094,12292
2016-05-25,135.70379922587946,140.6534761758577,134.74135815607085,136.6204071044922,27302
2016-05-26,137.53700626854302,146.65725128560126,137.53700626854302,144.82403564453125,153849
2016-05-27,144.82402213594256,149.4070608111306,138.49943435871268,141.8450469970703,196175
2016-05-30,145.2364947498147,148.3987886804604,144.04490188116327,146.97805786132812,46727
2016-05-31,145.00735435098397,149.1779227299465,144.86986877249115,147.2988739013672,37477
2016-06-01,148.44463235766477,150.3695143574147,146.7030831093769,148.16964721679688,113780
2016-06-02,147.57383204978638,152.61517413844368,146.7947099506466,151.5610809326172,33882
2016-06-03,151.24028150109515,156.9690800428033,149.45289915334712,152.84434509277344,71014
2016-06-06,151.2861045462444,155.0441877459123,149.40705595324863,150.9652862548828,21685
2016-06-07,150.36950420733586,153.02766108820515,147.57384777215137,149.63621520996094,229359
2016-06-08,151.83607293719328,155.82332236880737,151.37776904787327,154.81504821777344,42005
2016-06-09,156.69408632043314,156.73991950351763,152.24854728771243,153.6234588623047,13770
2016-06-10,154.12758035545724,156.7399179152407,151.19443848998063,154.3109130859375,47900
2016-06-13,153.57763057543357,155.63999800307235,151.60691553056193,154.0359344482422,53486
2016-06-14,155.54835138046633,155.54835138046633,152.34022386354198,153.21099853515625,9317
2016-06-15,153.34847066371836,154.4483971039895,150.4153288275542,151.8360595703125,440475
2016-06-16,151.69854841672563,155.68579682462422,150.32363710177043,150.82777404785156,137197
2016-06-17,153.89845493121712,153.94428812173,148.12383657106886,150.9194793701172,279516
2016-06-20,150.32367626043282,151.24028404250862,148.6737794554314,150.2320098876953,95285
2016-06-21,152.11102886263998,152.1568620400369,148.12379418290212,149.3612060546875,21872
2016-06-22,151.65274911897419,151.65274911897419,148.0321513114089,149.45289611816406,20876
2016-06-23,150.32366871399316,150.32366871399316,146.6572377697494,149.08624267578125,14506
2016-06-24,146.65723513463848,147.94048034753703,142.07419653668103,144.45738220214844,153853
2016-06-27,143.0366601233099,151.51528287413282,143.0366601233099,150.9194793701172,26547
2016-06-28,151.28613509122528,163.15620447334067,151.28613509122528,160.68136596679688,154053
2016-06-29,164.98940966399445,169.48078244365075,164.98940966399445,167.0976104736328,269187
2016-06-30,166.8226050065137,169.29744305275216,161.04797357440808,168.10585021972656,204440
2016-07-01,167.73921587773106,169.98490203620634,165.2185446008799,166.73094177246094,65161
2016-07-04,166.86842450477582,167.6933657904267,160.22301908110398,161.41461181640625,137180
2016-07-05,160.45217508885347,163.61446874635024,159.94803807416312,160.58966064453125,31238
2016-07-07,160.406357279692,166.8226115708797,157.88568595101114,163.935302734375,48511
2016-07-08,163.8436525732254,165.8143538488066,161.82711810805085,164.4852752685547,18978
2016-07-11,165.0352294572759,165.9060040292252,157.97735252512072,160.7729949951172,44914
2016-07-12,160.77299554809733,168.60999469524515,158.75646127287774,166.7767791748047,246510
2016-07-13,169.57241031673405,169.57241031673405,162.8811718691336,163.84361267089844,35431
2016-07-14,165.67687164121205,165.86019041699382,162.2395921465811,163.11036682128906,20374
2016-07-15,163.61734228619073,165.00002405198953,160.43717703792677,163.1564483642578,22679
2016-07-18,165.7374502529705,165.78354245632167,160.6215251190329,161.95811462402344,22714
2016-07-19,161.4511068396296,162.23463199529786,157.8561405067884,158.8240203857422,19392
2016-07-20,157.94835234091985,160.89807062202388,157.6718131752675,159.60755920410156,47999
2016-07-21,160.3910803711627,161.26677598540334,156.9804682568031,158.27096557617188,41280
2016-07-22,158.54748748690324,159.83798466588345,156.2891103910057,158.0865936279297,26385
2016-07-25,157.67181329881632,158.54750893626314,155.04471232110964,156.3813018798828,27490
2016-07-26,156.74999781153053,159.37708426055457,154.0768051000657,154.9525146484375,21597
2016-07-27,155.7821278324901,158.54749104845146,151.5418986085368,153.6159210205078,25053
2016-07-28,145.64247908148138,158.5475088735114,145.59638687629376,157.9944305419922,63811
2016-07-29,157.62569284272232,159.23882127824726,155.78211748783667,156.8882598876953,189548
2016-08-01,156.888293477639,157.5796343837379,153.938575091357,154.4916534423828,37818
2016-08-02,154.3994424620155,156.51955702232797,152.09497317153765,152.60195922851562,214079
2016-08-03,154.03074157960344,155.13688408756062,151.17319387412934,153.0167694091797,45168
2016-08-04,150.8966738431516,152.09500090578572,144.25980388942708,150.15924072265625,281954
2016-08-05,152.00281827385965,156.42740298335534,149.51399377019553,154.53773498535156,48241
2016-08-08,154.53771093065336,156.51956303582585,148.45392020927056,149.2835235595703,91937
2016-08-09,149.3296266303025,153.70811876915397,148.03912931026107,151.81845092773438,69229
2016-08-10,154.39943220042747,154.62987911415945,147.7625638980191,148.3156280517578,262890
2016-08-11,148.08516923199554,153.52372439802915,144.7206501881609,152.04885864257812,137282
2016-08-12,151.86454143267267,152.0949883847708,148.77654664841134,149.37571716308594,143187
2016-08-16,149.42181128239338,152.6019764490491,146.61035561767582,151.17320251464844,1296490
2016-08-17,150.48184466820314,154.3994424620155,149.51396475312959,152.60195922851562,369773
2016-08-18,154.35336982702256,158.54750728036115,152.2793472027155,153.93856811523438,157719
2016-08-19,153.5237474321633,157.11871391057747,153.5237474321633,155.18296813964844,681352
2016-08-22,154.8142440889095,160.29887818602893,154.8142440889095,157.11871337890625,81215
2016-08-23,156.47348045942087,160.39107864470827,156.19694130385685,159.0544891357422,124811
2016-08-24,160.43716402826536,160.43716402826536,158.1326946054674,159.4692840576172,651657
2016-08-25,160.71369124850932,173.75698158770032,159.05447057412158,170.30027770996094,469178
2016-08-26,171.82122179002064,175.09357094068676,167.3044676825868,170.30027770996094,233191
2016-08-29,170.30028798763325,171.2220757439939,163.8477736931086,167.67318725585938,77593
2016-08-30,169.6089348706584,175.0935688101966,165.9217841126006,173.01954650878906,306320
2016-08-31,173.94137392867742,191.7318832129527,173.94137392867742,177.305908203125,491553
2016-09-01,175.04750148436344,182.5139884564557,173.75700416182778,180.5321502685547,175243
2016-09-02,181.59220636269868,190.625730101429,179.28773673880656,188.505615234375,380022
2016-09-06,188.96649346916948,191.73185678823052,182.51397905802713,184.31146240234375,187964
2016-09-07,186.06287041037342,186.61593464328962,176.06146729644493,178.68856811523438,472768
2016-09-08,180.486070825201,186.06289034651428,177.4441679894513,184.2193145751953,344652
2016-09-09,180.53215216436465,186.01678694078544,178.82683905240916,182.3296356201172,405836
2016-09-12,178.550301899845,180.94695591139978,175.0935974978138,179.28773498535156,1036515
2016-09-14,177.90506279541756,193.29891774754353,175.41623830513538,190.53355407714844,287373
2016-09-15,191.7318793703601,193.39110037029235,183.66623540646273,191.31707763671875,289460
2016-09-16,193.29891319477457,193.29891319477457,183.62014057635585,188.87432861328125,143804
2016-09-19,188.18296236378376,188.18296236378376,183.89665497913774,185.37152099609375,72208
2016-09-20,187.12291376632282,187.39945290515885,179.70251954527498,180.71649169921875,66565
2016-09-21,181.5921755051292,182.60614759348616,179.84078451472786,180.1173095703125,35942
2016-09-22,182.51400530169005,188.0447327350746,177.99725019057288,185.555908203125,482255
2016-09-23,188.27515022492585,191.73185432942267,184.3575522398295,185.4176025390625,154238
2016-09-26,182.51396850585937,191.31704404232093,182.51396850585937,184.3575439453125,150914
2016-09-27,183.52796408247923,190.62572761854594,183.52796408247923,189.61175537109375,298753
2016-09-28,191.45530486975122,195.41899484236254,188.36732447537582,194.17457580566406,274251
2016-09-29,198.18436697230473,201.41062410906318,185.60196976509272,191.68576049804688,320618
2016-09-30,190.3030836460646,199.10615972474562,190.2109133076334,198.1843719482422,123627
2016-10-03,198.46090446004357,206.57263943518498,198.46090446004357,204.08380126953125,164106
2016-10-04,206.38831005569003,213.30171946888242,203.0237897674167,208.0475311279297,213938
2016-10-05,208.60059847555178,210.6285289831035,200.44277017325425,206.15785217285156,147561
2016-10-06,212.195532508601,213.85475323470175,202.7933004811827,204.68296813964844,235665
2016-10-07,206.48047633944682,211.91901897402684,189.47349348973972,190.9022674560547,525900
2016-10-10,190.90228427952275,198.1844032374495,186.2933446693495,188.18299865722656,189128
2016-10-13,188.0907886407096,188.0907886407096,175.64665431739132,177.4441375732422,283021
2016-10-14,177.44412443317862,179.74859358166145,173.2960799659095,174.07960510253906,153104
2016-10-17,174.21790478548513,184.35757120157157,171.03773949533132,172.69696044921875,291282
2016-10-18,174.1256979402131,175.04748567746222,168.27235424789995,169.88548278808594,155603
2016-10-19,170.06985456114774,173.29611196474676,166.33661103819568,167.4888458251953,135883
2016-10-20,168.59496644089342,174.21787709497207,166.4287737627935,167.2583770751953,163472
2016-10-21,167.76537375073704,169.60894928645942,163.84777573732697,165.5991668701172,74828
2016-10-24,165.5991563850275,168.45670391061452,164.76955307262568,165.0,85770
2016-10-25,164.3086630339368,166.65922456081918,160.0223557113712,161.49720764160156,586075
2016-10-26,159.56145797128096,165.87569533543723,159.56145797128096,161.1284942626953,108717
2016-10-27,161.31283453845538,162.2346221643894,152.09495827911508,154.21507263183594,257360
2016-10-28,157.99441404171372,162.6494449721886,153.61592224811784,161.35894775390625,275526
2016-11-01,165.92182508655728,165.92182508655728,159.51540187545535,160.06846618652344,65095
2016-11-02,157.62571716308594,161.31286844175463,155.55169456883482,157.62571716308594,68928
2016-11-03,157.62571258855422,166.56705136676166,154.90644141252653,159.1927490234375,2372736
2016-11-04,160.3910604113277,160.3910604113277,155.27513584375563,157.57960510253906,96145
2016-11-07,156.70393556078824,160.39108698574796,155.966502462723,158.5014190673828,470174
2016-11-08,159.05446640635074,160.11451660826825,155.78211734143136,157.53350830078125,52463
2016-11-09,142.8771019733666,155.78213053870292,129.2807325920301,149.6061553955078,262713
2016-11-10,139.28215633932845,148.8687448059486,138.26818403029284,139.18997192382812,373532
2016-11-11,139.18995710613697,143.43018659114563,127.25280796871688,136.2863311767578,631004
2016-11-15,134.21229942445302,141.81704821453567,122.87430750616596,128.4511260986328,729082
2016-11-16,132.64523801881725,132.73742241052548,123.15083641813288,124.7178726196289,353742
2016-11-17,124.39527495175057,125.9623115769891,121.35337205254211,123.05868530273438,460010
2016-11-18,120.8003077488288,126.28494296984726,118.08103624247852,123.05868530273438,193512
2016-11-21,125.77793653734295,125.77793653734295,111.72067325340126,119.14106750488281,637699
2016-11-22,119.141083897868,122.64388066693286,116.83661418997887,121.49164581298828,131051
2016-11-23,122.59779366343025,123.05868762457096,118.35756359478869,120.01678466796875,151678
2016-11-24,122.59777313088978,125.13268949261871,119.74022542424932,123.1047592163086,170815
2016-11-25,124.16480362047307,128.58938750912887,121.9064265095505,123.93435668945312,1167829
2016-11-28,126.10058492723905,128.58940939273475,121.39946110823965,122.13689422607422,105618
2016-11-29,121.76816030717121,125.73183614896334,121.67597591139575,122.04468536376953,94444
2016-11-30,124.25701912633018,127.62153953537131,121.90645702839899,125.22489929199219,400863
2016-12-01,127.02235784051418,127.02235784051418,121.72207814960136,122.55168151855469,208651
2016-12-02,122.59777256498683,124.25699335262357,119.69414673564631,121.16899871826172,342676
2016-12-05,123.42737066437786,123.42737066437786,120.70809969061696,121.67597961425781,80353
2016-12-06,121.7220729427254,123.51955620881056,118.17318454490854,119.1871566772461,205676
2016-12-07,118.12709600593602,122.64386447634662,118.12709600593602,120.20111846923828,76961
2016-12-08,121.07682289319928,122.09078094803284,119.41760218076821,120.70809936523438,39994
2016-12-09,120.29331574750245,124.90225504817305,120.29331574750245,123.8882827758789,158485
2016-12-12,123.9804465830679,125.91620639378192,121.72206951414434,122.78211975097656,22079
2016-12-13,124.39526805285007,124.44136025861172,117.06705742847177,119.27934265136719,240702
2016-12-14,119.83240053510767,121.07681955142554,116.42178887141202,117.20530700683594,58373
2016-12-15,117.06706609501414,118.86454972985621,112.9190204459782,114.43997192382812,97607
2016-12-16,115.03911649609145,116.46788331982069,112.45810792730968,114.48603820800781,67246
2016-12-19,115.50000614959633,117.71229109015164,112.96508987525124,115.08519744873047,46970
2016-12-20,114.34777676090744,115.17738013559205,105.82123980792502,110.70671081542969,268552
2016-12-21,113.93297044669669,115.91481561928867,110.70671315311807,114.76258087158203,212490
2016-12-22,113.37990479550119,114.80867876656653,106.60476554962372,108.77096557617188,194318
2016-12-23,110.61453925797233,111.0754331715472,108.86314097985117,110.19973754882812,446480
2016-12-26,111.39805410142185,113.88688537830491,106.92738468285623,112.82682800292969,64473
2016-12-27,112.04330948936851,119.74022915172932,110.15364169327273,118.63408660888672,118276
2016-12-28,118.91062920469214,121.5838082660931,114.347782292469,116.00699615478516,132218
2016-12-29,117.94275267165105,117.94275267165105,114.34778568044375,114.99303436279297,149518
2016-12-30,117.98883499024146,117.98883499024146,112.55028572087349,113.19554138183594,137804
2017-01-02,114.62432633956183,119.740245071225,113.37991405524829,116.37572479248047,669069
2017-01-03,119.64806724736398,121.12291938668693,117.06705842184064,118.31147766113281,317995
2017-01-04,119.09499050600236,119.78633141149236,116.2374495031804,116.56007385253906,84005
2017-01-05,119.46371118260664,119.83242069706644,116.32962404823276,117.57404327392578,300267
2017-01-06,118.4036365763255,119.8324104369156,116.14525934654897,117.06704711914062,163808
2017-01-09,117.80448757083306,118.77236760609443,115.50001799419456,117.7123031616211,219377
2017-01-10,117.2513859329344,119.832394158655,115.96088885275573,118.2653579711914,253169
2017-01-11,119.18716251798051,121.90643365022437,118.68017642696701,119.74022674560547,359605
2017-01-12,120.43156167744446,120.75419301010585,118.5419080772879,119.1871566772461,118732
2017-01-13,119.46370052070235,119.83241000225554,118.08101886683016,118.3575439453125,81035
2017-01-16,118.68018541528438,119.74023581420641,116.09917662813115,117.25141143798828,187532
2017-01-17,117.80448465878791,117.80448465878791,115.45392293564768,115.82263946533203,114516
2017-01-18,116.56005644920457,119.83240572634301,116.32960951511544,117.02095031738281,186823
2017-01-19,118.26537294632871,119.14106850914496,116.79050689763234,117.29749298095703,182060
2017-01-20,117.89665872377466,119.8324116594289,116.14526053144648,116.51397705078125,123133
2017-01-23,117.57403855396734,118.9106280719353,116.329619378231,117.85057067871094,81412
2017-01-24,118.12711505470764,118.81845598729164,117.11315679280479,117.89667510986328,129687
2017-01-25,118.86453191240876,124.76398216816992,118.0810207353685,121.0307388305664,614384
2017-01-27,123.05868145213418,131.67740371931052,123.05868145213418,127.62152862548828,732656
2017-01-30,127.16062490840152,131.86174834085094,123.10476419185487,124.85615539550781,589411
2017-01-31,125.54751191236569,125.59360412144704,123.10477955009553,124.21092224121094,200589
2017-02-01,124.44132012139531,130.89383301657878,123.38127005761706,128.35891723632812,527931
2017-02-02,129.28073315196613,130.84776952861395,128.128498453642,129.465087890625,964652
2017-02-03,129.87989014096644,134.6271055581885,129.83381200512252,131.40084838867188,601571
2017-02-06,129.05028641757045,130.01816637877522,125.45531977922697,128.81983947753906,402577
2017-02-07,128.58937782399795,129.28071856498718,124.07262394234697,125.36312103271484,285864
2017-02-08,126.00839583047609,127.11453843343983,124.48745150957173,126.2849349975586,149417
2017-02-09,127.4371308133378,128.1284714868279,124.90221501054086,125.3170166015625,278458
2017-02-10,126.60756637004926,127.57543235678858,125.45533156167737,126.2849349975586,112276
2017-02-13,128.1285078028763,133.19834084543615,127.29890438569473,128.9120330810547,402322
2017-02-14,129.60336632034924,130.3407852853783,125.87012303208756,126.42318725585938,157082
2017-02-15,126.42319297933705,127.25281045060126,119.9706782856558,121.39945220947266,189772
2017-02-16,121.58379291888524,124.44134043653656,120.5698348804727,122.78211975097656,235919
2017-02-17,122.59777313088978,124.81005814770715,122.59777313088978,123.1047592163086,63824
2017-02-20,123.51956612723215,124.90224783761161,122.13688441685268,122.5977783203125,82118
2017-02-21,124.11872946113587,124.11872946113587,120.84639381732914,122.1829833984375,93581
2017-02-22,123.24301652897522,138.36034372069645,123.01256959677242,134.2583770751953,1112238
2017-02-23,134.58099799002056,139.18993627735003,133.65921033255466,135.91758728027344,484163
2017-02-27,134.85757106261588,144.25980472353658,134.85757106261588,140.48046875,859359
2017-02-28,140.1117726549254,145.55031609893638,140.0656804429521,142.2318878173828,323945
2017-03-01,143.06146961697195,144.25979661921437,135.96370607881227,137.1620330810547,192740
2017-03-02,138.2220972358542,141.0335532343177,130.93997821787633,132.78355407714844,189068
2017-03-03,133.01399407519597,140.1117579476274,128.12851549158032,132.23046875,651547
2017-03-06,133.01398359882955,134.07403395261133,127.25280979487269,128.40504455566406,308820
2017-03-07,129.09637469805176,129.87988583114458,127.94414003288773,128.4511260986328,113250
2017-03-08,129.55726888201625,129.55726888201625,123.70391114247454,124.67179107666016,228128
2017-03-09,124.76400061945235,127.89807392184056,123.98047526117158,124.21092224121094,159939
2017-03-10,127.06844862743623,127.16061896442416,121.21509071214844,121.81424713134766,263299
2017-03-14,125.36311876209506,126.93015493354861,122.8742949526849,123.56563568115234,294138
2017-03-15,123.84219442512865,128.12850199522566,122.22906580288661,122.64386749267578,266144
2017-03-16,124.81008167632093,128.12852389248934,124.07266257527708,126.74584197998047,741409
2017-03-17,126.00838072854975,129.0502830711571,126.00838072854975,127.8980484008789,887977
2017-03-20,128.681578643786,129.3729194730355,121.86034068930519,122.55168151855469,430020
2017-03-21,124.16482222499093,125.45533367128799,121.67599781012976,123.24303436279297,229502
2017-03-22,121.76815384428629,123.70389946455428,116.88267650013,118.2653579711914,509269
2017-03-23,120.29330570792123,122.68995957039377,114.90084858272337,117.80448150634766,478329
2017-03-24,118.58798127593332,120.52374106060489,115.63826346649036,118.17317962646484,603419
2017-03-27,116.60615986725695,122.04470240883242,116.60615986725695,116.9748764038086,380391
2017-03-28,118.17320165403837,120.75421049291444,115.68437722794475,116.4678955078125,369307
2017-03-29,117.15923053489622,119.14107575476154,117.15923053489622,118.58799743652344,630097
2017-03-30,120.01677295442906,122.5055972886082,117.71230337363986,118.68018341064453,1565269
2017-03-31,121.44555619682214,121.67600317252767,119.64807259939232,121.1229248046875,335481
2017-04-03,121.72208271681198,130.61732942744027,121.72208271681198,129.05029296875,731162
2017-04-05,131.1703713123123,135.50276998867375,130.43293845848527,134.304443359375,764481
2017-04-06,135.08802131250366,135.5028230598174,131.03214606060845,133.8896942138672,370312
2017-04-07,132.92180577739543,136.19415547324377,129.28074656597252,131.86175537109375,415807
2017-04-10,133.38268652993727,136.42458896175205,130.89386238222156,133.01397705078125,303744
2017-04-11,133.24441142989585,135.5949728176687,133.0139645108076,135.1340789794922,763216
2017-04-12,135.87152988095428,140.52656155638087,132.73745666908113,139.18997192382812,739143
2017-04-13,139.6508633597468,143.33801486759492,138.26818154430376,140.29611206054688,480185
2017-04-17,140.6187524416358,141.03355419973795,136.42461452000796,138.45254516601562,370688
2017-04-18,137.8533519761371,141.2178714215073,133.9357542901256,134.67318725585938,263965
2017-04-19,134.53491440229345,137.53072448074457,133.84357361495856,135.68714904785156,369061
2017-04-20,136.5628495957614,140.84917107434492,136.1480479211539,138.3142547607422,223395
2017-04-21,139.6047761624759,142.69277128725662,139.0517118556723,140.6648406982422,390926
2017-04-24,138.36033417778447,156.70390308979773,138.22205758878124,154.44552612304688,1623684
2017-04-25,155.6438763334904,158.13270059124835,148.54609899030922,151.31146240234375,722821
2017-04-26,151.35752110266498,152.78629469569725,143.43015618210575,145.64244079589844,282403
2017-04-27,146.42603565616633,149.60620157839978,144.5363673626925,147.99307250976562,197645
2017-04-28,149.14525089108315,158.31703558342574,148.4539101243433,157.07261657714844,918571
2017-05-02,157.99443073354252,158.08661514402957,149.56007759252944,153.15504455566406,657959
2017-05-03,154.62990704305622,157.53353305438006,152.1410827382978,153.75421142578125,403919
2017-05-04,155.92040855787394,157.62572169948268,151.0349442253292,153.47767639160156,531630
2017-05-05,155.27514838059582,157.30307867898654,152.18716776372244,153.84637451171875,560816
2017-05-08,153.01675875390876,155.59776713632465,150.3435800403777,153.06285095214844,385830
2017-05-09,153.29331923347064,155.32124965025235,152.23325478773592,152.97068786621094,216487
2017-05-10,154.26121725642855,154.76818937071133,151.17322203385814,151.86456298828125,221737
2017-05-11,153.01678688072366,153.47768081711138,151.58801286484837,152.55589294433594,234346
2017-05-12,152.92461133315433,153.70813669658529,147.94696215773277,149.74444580078125,185529
2017-05-15,150.89668326641967,154.44557246865747,147.48607069467877,152.18719482421875,249191
2017-05-16,152.3715292660269,153.38548742752272,149.7905205602237,150.205322265625,111988
2017-05-17,150.71229580486565,150.71229580486565,147.4860387081254,147.8086700439453,124594
2017-05-18,147.0251460856239,148.31564330913235,143.70670456036672,144.4441375732422,102893
2017-05-19,144.39806500518398,147.62432256796507,138.45253602398932,140.9413604736328,170672
2017-05-22,141.49443110698095,142.1396797712686,135.68716499766032,136.97767639160156,203485
2017-05-23,136.47066845583942,141.81703979797697,131.44692842694607,139.6508331298828,219420
2017-05-24,141.8631657697304,142.7849537580077,130.52518476621427,134.16624450683594,180263
2017-05-25,131.5851926092713,139.46648016356488,131.5851926092713,138.22206115722656,84323
2017-05-26,136.9776571160056,142.7849083427596,136.93156491817848,141.7709503173828,502058
2017-05-29,142.60059087777262,143.56847102358947,137.39249466582478,138.45254516601562,70216
2017-05-30,138.68297273798714,138.72906494140625,133.1983380998884,135.5028076171875,79701
2017-05-31,137.57684419926085,147.48606413321096,131.86176202717235,133.06008911132812,560838
2017-06-01,133.65923432499127,140.9413524999996,133.10615600508632,139.23605346679688,171909
2017-06-02,140.7108940807167,145.5502797568453,140.66481594561685,143.47625732421875,217208
2017-06-05,144.02932214169746,145.64245054968447,140.52652621413867,141.4022216796875,134196
2017-06-06,142.37012224819625,145.08939343273238,140.29609970764685,141.12571716308594,102543
2017-06-07,141.03353468652043,149.23744055521092,140.94135027953325,147.76258850097656,1305334
2017-06-08,150.25143432617188,153.7542313137206,147.76260969948675,150.25143432617188,1130169
2017-06-09,149.79049634633574,149.79049634633574,145.78071435645762,146.56423950195312,69666
2017-06-12,146.5642637883717,146.5642637883717,141.17179940020034,142.46231079101562,75707
2017-06-13,143.79890456903175,144.72069241883324,139.9273984129388,140.57264709472656,52380
2017-06-14,139.18993667962175,141.8631152678532,136.2863111763578,136.88546752929688,145681
2017-06-15,136.65503389807313,138.26816246010773,135.1340897371579,136.7011260986328,134969
2017-06-16,136.88547182120342,139.65083488829845,136.88547182120342,138.22206115722656,104741
2017-06-19,138.26816618149707,139.1899539560404,137.11593146331793,137.715087890625,56872
2017-06-20,139.18996724535742,139.18996724535742,134.94973745147144,136.5628662109375,73285
2017-06-21,136.5628650965017,138.03773129069577,133.52097642719687,134.44276428222656,79900
2017-06-22,135.50278656127696,138.72904338416453,133.47485651424893,137.20809936523438,117675
2017-06-23,138.26816397490458,138.26816397490458,131.90783405820494,132.69134521484375,231894
2017-06-27,131.76956835075978,132.96789535070243,129.5111909655022,130.3868865966797,58575
2017-06-28,129.0503068436031,129.97209474962884,125.77795696413828,127.3449935913086,108120
2017-06-29,127.851985582782,130.34081022946916,127.66763080624368,128.12852478027344,56595
2017-06-30,127.75978542809519,131.17039722733983,126.51536636231998,130.0642547607422,46545
2017-07-03,130.93997707637521,137.34640031842278,130.89388486722171,136.33242797851562,79665
2017-07-04,137.34637431492163,139.18994980908167,135.9636926943016,137.9916229248047,109170
2017-07-05,138.22205784950023,143.6145213274366,137.6689936885347,140.43435668945312,241129
2017-07-06,140.57264008678462,144.49023825313762,140.11174618486072,143.24581909179688,148704
2017-07-07,142.4162164069228,143.52235896400055,140.57264079000473,142.92320251464844,114541
2017-07-10,144.2598159919709,145.64249793438594,142.1857930783483,144.305908203125,24609
2017-07-11,143.3840738463529,145.1815569768025,140.61871085631856,143.01535034179688,72889
2017-07-12,142.8771141815846,144.25979593172897,142.04751075764443,143.2919158935547,138472
2017-07-13,143.79890004540704,149.3296269702304,143.70671563718028,144.72068786621094,229896
2017-07-14,145.6424778947434,146.42600318045018,142.18577351433018,144.25979614257812,98265
2017-07-17,144.72068544415063,147.39386445359693,141.2639811739878,142.60057067871094,74644
2017-07-18,142.04749624545317,148.40782602017183,142.04749624545317,145.2276611328125,256105
2017-07-19,148.31565641990576,150.25141649165016,143.75280946835525,147.16342163085938,161029
2017-07-20,147.02515069578484,151.17319569974114,146.33380986179213,149.97486877441406,320592
2017-07-21,149.32961862500414,150.85056281818683,145.45811280705854,148.50001525878906,248816
2017-07-24,147.99303497444177,149.83661058529657,145.82682800554113,147.43995666503906,149088
2017-07-25,147.39387337350712,150.38968392228057,145.9651134410007,148.17739868164062,426122
2017-07-26,149.32961834341893,152.27933638651223,144.2597856218831,147.53213500976562,2392042
2017-07-27,151.35755779566946,164.0782325722058,147.25560479443752,148.2695770263672,3331895
2017-07-28,148.40783270952477,148.86872659992704,144.9511285315079,145.45811462402344,642900
2017-07-31,146.56427264859425,148.2234936425951,143.10756810499532,143.84500122070312,373750
2017-08-01,143.7067284705,145.18159474164133,140.84919441004357,141.63270568847656,143712
2017-08-02,141.95531078850908,142.6005593881112,139.42039452442856,140.7108917236328,178824
2017-08-03,141.86313979615252,142.8771120237578,138.31426513026582,142.13967895507812,175000
2017-08-04,142.87711031115234,145.91901289214036,141.03353469423425,142.92320251464844,170989
2017-08-07,141.49443004923594,143.79889959401177,141.49443004923594,142.78492736816406,78749
2017-08-08,142.78490342596066,147.39384174268457,141.72485323925957,143.01535034179688,347138
2017-08-09,142.5083919348649,144.7206769111829,138.54470179237737,143.79888916015625,131611
2017-08-10,141.21788484878462,146.51816457499663,140.11174232769167,141.26397705078125,381610
2017-08-11,138.36037469137568,142.7388673833133,136.65506138521081,141.03355407714844,262736
2017-08-14,140.11176780091154,144.72070753120468,140.11176780091154,142.83103942871094,62572
2017-08-16,142.87709686577514,143.15363599536244,140.3882728302184,141.49441528320312,47329
2017-08-17,141.35617277738996,144.58243026046367,141.35617277738996,142.50840759277344,54710
2017-08-18,142.09358504781588,144.07543727522224,139.42040602943092,142.92320251464844,568678
2017-08-21,143.7066927452879,145.18155864978036,138.36033548857105,139.3282012939453,51710
2017-08-22,142.2779531334708,142.6005704255605,138.26817056105395,138.40643310546875,62678
2017-08-23,139.97346391801307,140.1578186397337,138.2681510950289,139.3282012939453,46196
2017-08-24,140.34218429371384,140.34218429371384,138.26816186572793,138.63687133789062,53636
2017-08-28,139.23604054306213,140.5726299491781,137.11592593403438,138.12989807128906,126855
2017-08-29,137.43857877942125,138.0838274834994,136.24025172020933,137.39248657226562,151312
2017-08-30,138.5907803118284,140.1117243247344,137.80725517465655,139.78909301757812,61964
2017-08-31,139.78913240288986,141.77098486955794,139.18997588120385,140.5265655517578,70431
2017-09-01,140.34219191050994,141.95532055315948,139.60475886079703,141.12571716308594,108922
2017-09-04,141.4944285958265,145.9190128894206,140.98744248811033,144.5363311767578,153014
2017-09-05,144.0754588155478,149.3296472962305,143.15367086927478,147.34780883789062,256786
2017-09-06,147.53214154378225,152.64806669334672,146.56426153191344,150.9888458251953,446694
2017-09-07,152.41761500190788,154.39945310214753,147.48604475429016,147.71649169921875,243387
2017-09-08,147.71648996252284,149.4678810972429,145.36592833881372,146.8868865966797,113234
2017-09-11,146.8869075988106,152.92460709594235,146.8869075988106,150.02098083496094,1278173
2017-09-12,151.17321331759288,152.60198735409475,148.86874360238568,149.5139923095703,120792
2017-09-13,149.51395756736852,154.21508032014933,147.67038222358997,150.4357452392578,396277
2017-09-14,153.3483215386944,153.3483215386944,148.4015960276695,148.7714385986328,399430
2017-09-15,148.5865303851206,149.7885400093832,146.27497884176591,146.69105529785156,126316
2017-09-18,147.93930022037827,150.5744746489902,146.55236928081223,148.07798767089844,113104
2017-09-19,147.29205755394605,152.46992420806686,147.06090241469272,151.4066162109375,777323
2017-09-20,151.63778728469427,157.92521055480233,150.20462244900477,152.28501892089844,1381536
2017-09-21,153.3945594259629,154.73527064864453,148.03177096960206,151.0830078125,205506
2017-09-22,148.86391769562871,150.99054791299872,143.77850435820042,144.88804626464844,402140
2017-09-25,144.79560459910627,144.88805820224974,135.54939776924232,141.23580932617188,252664
2017-09-26,141.46693504621814,147.38450054197077,141.00462480096908,141.79055786132812,178851
2017-09-27,142.5302561961844,144.5181989004251,139.5714731736807,140.49609375,185356
2017-09-28,140.58857585620413,142.11419432001438,137.86094769829913,139.38656616210938,131367
2017-09-29,140.31118958133283,143.31620682113072,140.17250212139436,141.9755096435547,61422
2017-10-03,141.9755081410534,144.6106686121412,140.31118809644474,141.14334106445312,65098
2017-10-04,142.2990910206789,146.32119588756427,141.09709564307116,145.1191864013672,112485
2017-10-05,145.16541781626088,145.95135088099474,141.32824840276987,142.85386657714844,134041
2017-10-06,142.02172943375885,145.0267463759369,142.02172943375885,143.31619262695312,57724
2017-10-09,143.45488201883165,145.62774609608255,143.40866227519763,145.16543579101562,74669
2017-10-10,146.92219164387754,146.92219164387754,141.60562377476455,143.68601989746094,141672
2017-10-11,144.93427636874932,147.3382955277118,139.06293002393159,141.42071533203125,191223
2017-10-12,141.46696417148365,143.22373782167966,139.84887797997973,141.37449645996094,100969
2017-10-13,140.08002317050222,147.01467778290333,140.08002317050222,145.67398071289062,1040550
2017-10-16,147.47696932180762,147.93927957046532,141.46693608925747,143.2699432373047,274456
2017-10-17,142.94635322984115,147.01467830684578,141.8830310536622,145.9513702392578,139322
2017-10-18,146.92220774824128,146.92220774824128,142.85388275024658,144.14834594726562,84369
2017-10-19,146.0900571679165,147.01467778290333,143.87097333538452,145.67398071289062,64445
2017-10-23,146.0900565731846,147.3383000417716,143.77850504512787,145.7664337158203,161782
2017-10-24,146.0900880079205,147.80064215018498,146.0900880079205,146.50616455078125,294955
2017-10-25,147.10716474133338,151.8227220297872,147.06093088281472,149.8347930908203,355368
2017-10-26,151.36039941081864,156.26089173670584,147.47699545564842,153.4407958984375,365142
2017-10-27,151.22173147522625,159.72823983426127,151.22173147522625,158.15638732910156,526904
2017-10-30,159.40458783419868,164.85985790908666,159.03474523290734,159.95936584472656,416431
2017-10-31,160.4679058263988,160.88398226916993,153.71817271407758,155.65988159179688,172785
2017-11-01,155.79858735809572,160.6528460146536,153.48703561687768,159.08099365234375,894707
2017-11-02,159.959371016473,168.28095679189644,159.49706069561614,165.04478454589844,2168843
2017-11-03,166.4317282077002,167.4025827772969,157.6940652985144,162.4558563232422,591146
2017-11-06,165.87695185162642,167.26388293436105,162.7332470408649,163.51918029785156,297947
2017-11-07,163.65784850278683,165.9231661829434,159.8206786022313,160.3754425048828,271025
2017-11-08,159.63573771399354,160.42167085151493,154.4116370732161,155.29002380371094,122220
2017-11-09,156.63073707848596,160.0056110155125,152.79356691143877,156.3995819091797,158692
2017-11-10,156.07595567453043,157.60157397781907,153.44078139584244,154.13424682617188,58007
2017-11-13,155.7060956794171,156.02971851681392,149.0025966616577,150.574462890625,90948
2017-11-14,150.94430250166386,152.56238843966025,148.03175345670624,148.7714385986328,89217
2017-11-15,148.7714638332143,149.28000803599028,141.55943371599926,143.038818359375,1080909
2017-11-16,144.333272908859,150.5744615958648,142.39156411835458,149.41868591308594,182690
2017-11-17,151.54530548150538,153.53324816824966,149.88099974565094,152.6548614501953,134120
2017-11-20,153.3945452568511,154.226712225985,150.25084099636322,152.05384826660156,1202289
2017-11-21,151.0830113841989,154.45788528479378,149.41870547003344,153.99557495117188,145726
2017-11-22,153.99555606942388,153.99555606942388,149.88099742640284,150.94430541992188,64702
2017-11-23,151.68400499237657,153.02470197649492,149.78853003137266,150.8056182861328,62724
2017-11-24,152.46992288409461,154.82770810572285,149.18753122207184,150.43576049804688,79388
2017-11-27,151.17544554455446,152.74729750831528,150.52821404283983,151.5452880859375,64044
2017-11-28,152.70111088423906,153.02473378946667,150.6207142013007,151.7302703857422,170742
2017-11-29,150.25085515035252,152.79356192982002,150.25085515035252,151.12924194335938,71508
2017-11-30,151.1292264754189,152.28500216597516,149.04883023241763,150.52822875976562,82022
2017-12-01,149.83479339050388,152.56242174544633,149.28001530435603,150.6669464111328,275666
2017-12-04,148.58652069032874,153.3945447650802,145.35034874078198,151.4066162109375,330552
2017-12-05,153.20962478883806,153.20962478883806,150.85183952652307,152.37747192382812,264437
2017-12-06,150.25085625961077,153.30210723921655,150.25085625961077,152.46994018554688,237897
2017-12-07,152.56239346929388,153.1171714526183,151.82269419439137,152.60862731933594,183155
2017-12-08,154.7352449753761,161.71611840291268,152.886003991427,155.70608520507812,262901
2017-12-11,153.90309120569776,157.00057576167123,152.74731549206442,153.4870147705078,266286
2017-12-12,153.4869983938554,154.55030629350986,151.6377574493511,152.74729919433594,34889
2017-12-13,152.7473274927408,152.97848265362828,148.86392361154907,149.88101196289062,1667140
2017-12-14,151.6377837802537,151.6377837802537,146.64483800653548,148.6327667236328,56686
2017-12-15,150.52824042633875,151.54531464770184,145.6277482968534,147.0609130859375,68472
2017-12-18,147.70814490243558,150.01969646585397,145.16543818267536,147.47698974609375,87182
2017-12-19,148.4015993761347,152.3774705923535,147.61566625936712,151.59153747558594,59719
2017-12-20,150.7131688068719,155.336272144506,150.06593716132147,153.81065368652344,151057
2017-12-21,155.24381859409527,158.01768084967952,152.56242405713436,153.20965576171875,78834
2017-12-22,152.56239369556621,157.3241839765675,152.56239369556621,153.0247039794922,215032
2017-12-26,151.86894601423973,157.18551490058297,151.86894601423973,156.16842651367188,103176
2017-12-27,157.13926581574378,157.13926581574378,154.4116379079502,155.42872619628906,85562
2017-12-28,155.33628845214844,156.53829826784204,154.41166768755232,155.33628845214844,187817
2017-12-29,158.11012240146476,161.06890549603136,155.65988345797777,158.0638885498047,324101
2018-01-01,157.55534115190417,158.47996173168903,154.45787067477912,155.05886840820312,100654
2018-01-02,155.93727016640108,157.509136590403,152.05386617874308,154.04180908203125,49198
2018-01-03,154.41162351447423,158.3412606398426,154.41162351447423,156.67694091796875,112390
2018-01-04,156.72317452049845,158.38749423977907,155.33624377252943,156.07594299316406,133338
2018-01-05,155.75232663036076,169.76033623056352,155.3824840590099,162.4095916748047,882669
2018-01-08,163.38047714857518,166.52419603760725,161.02269150894924,162.0860137939453,165072
2018-01-09,163.5191316776276,164.58243954812679,160.4678813811413,161.57742309570312,215132
2018-01-10,162.31714995167698,164.39754631192994,158.15635723117106,158.98851013183594,93625
2018-01-11,161.16137546180974,161.71613936374675,159.49705553881697,159.95936584472656,78462
2018-01-12,159.95936359914273,161.0226716443713,157.1855018026258,158.0638885498047,69742
2018-01-15,159.03471546008194,161.62365551021952,156.49200925359807,160.42164611816406,105427
2018-01-16,162.1784625368231,168.09604338711893,157.1855164802975,157.78651428222656,386227
2018-01-17,158.24880785586436,158.6186645558987,152.74731818374173,156.2146453857422,440586
2018-01-18,156.21467549097252,159.91315855253373,153.94935743748493,154.96644592285156,278807
2018-01-19,155.29002302069202,156.39956489091136,153.48701571801175,154.78147888183594,59538
2018-01-22,157.18551535526046,158.11013603382082,153.44079878537264,156.6307373046875,99364
2018-01-23,156.53826647187782,158.11011863069888,153.99555988571163,154.5965576171875,69421
2018-01-24,156.26087596697388,156.72318625089986,152.6548613957875,153.0247039794922,47312
2018-01-25,152.56239298654646,155.33625467721095,150.66691800954104,151.96139526367188,61053
2018-01-29,151.9614040068345,153.487022381041,143.1312742951227,145.72021484375,395732
2018-01-30,145.16544774151484,145.16544774151484,139.80264493953663,141.51319885253906,651174
2018-01-31,139.01670962837542,140.81971693482916,138.78555448373803,140.1724853515625,126786
2018-02-01,144.10210709553692,144.10210709553692,140.08000237403505,140.72723388671875,66080
2018-02-02,136.6589324643987,138.69309503654983,131.481051272931,133.65391540527344,143553
2018-02-05,132.22076330050618,133.14538402288733,128.89212305649696,131.296142578125,54432
2018-02-06,124.82378655312402,152.28501677309305,119.1373752535849,135.17953491210938,170146
2018-02-07,138.55441459543346,146.4599101256408,136.2428628945326,140.5885772705078,98250
2018-02-08,138.69309128756728,146.09005615623755,138.5081699875687,144.9342803955078,80716
2018-02-09,141.32826028347668,143.1312675798357,138.64685215554124,139.6639404296875,58751
2018-02-12,139.66393958743305,142.3915674407157,138.6930851695283,139.52523803710938,39923
2018-02-14,138.87802027236793,140.5423402816319,136.84385764264158,138.13832092285156,33445
2018-02-15,139.06292884250556,144.70311999368266,137.35238924383665,139.8950958251953,155044
2018-02-16,139.34030153469178,142.5764731687159,137.8146834078016,138.78553771972656,75581
2018-02-19,138.78554713131703,139.15538969970765,132.82173342874358,134.25489807128906,67139
2018-02-20,134.62475792072746,137.76846215189855,134.5785240714417,136.4739990234375,44534
2018-02-21,136.47399559832226,136.65891688223428,132.3594229611847,133.46897888183594,35447
2018-02-22,133.09910842197633,135.9192035625079,132.8217194705393,134.62474060058594,25587
2018-02-23,134.6247736553384,141.8830373666493,133.74637274201382,137.16748046875,64025
2018-02-26,135.9192204879502,151.6377697960805,135.9192204879502,150.01968383789062,878536
2018-02-27,151.54529863217283,153.34831994550842,144.42572340067423,147.01466369628906,337525
2018-02-28,147.47698966887378,148.81768675323625,143.31619685689927,147.84683227539062,168733
2018-03-01,147.33828759548757,148.72521839516173,144.7031134326708,147.75436401367188,47767
2018-03-05,148.12422184106254,148.35537699815177,143.7322738563671,147.93930053710938,480245
2018-03-06,148.03176309751007,148.07798284044833,140.7272519222546,142.90011596679688,157863
2018-03-07,143.08503315438244,145.0729617357084,137.99962002127032,139.57147216796875,67922
2018-03-08,138.73933428702443,141.2820411282746,133.65392060452405,139.15541076660156,242232
2018-03-09,138.27703720790672,140.0800448646439,135.31825360344143,137.25994873046875,586978
2018-03-12,136.01167124918297,137.2599003677674,133.60765248151287,134.62474060058594,65584
2018-03-13,136.75135630823087,136.75135630823087,133.93127527628744,134.62474060058594,44041
2018-03-14,134.3011611705116,135.41070322593328,131.94337548487013,132.8679962158203,52955
2018-03-15,133.09915176313564,135.2720161302574,132.82176272137227,133.51522827148438,34721
2018-03-16,132.86798151245054,134.30114630854567,132.86798151245054,132.96044921875,38323
2018-03-19,133.14534885896387,134.06996933715112,127.0428480594925,128.19862365722656,173800
2018-03-20,128.5222630654612,129.90919396185106,127.64387631946575,128.9845733642578,61790
2018-03-21,130.14033341739417,130.97248621144104,128.47601372071148,129.1232452392578,64686
2018-03-22,132.22074476122285,132.22074476122285,126.71925505616281,127.9212646484375,60159
2018-03-23,125.2860965113443,127.9674907194421,124.82378619211426,127.32025909423828,57228
2018-03-26,126.71926819805034,127.2278123985136,124.87002682079631,126.81172180175781,81589
2018-03-27,127.08906915095056,133.51517800773468,126.8579140546016,130.0478515625,266939
2018-03-28,128.70719991770216,131.29614072555842,126.62680332169859,128.8459014892578,68491
2018-04-02,127.59764455381968,132.22074761736386,127.59764455381968,131.434814453125,35183
2018-04-03,130.9725219086826,134.53231739381164,130.69514697412632,133.23785400390625,942132
2018-04-04,133.60766308552024,136.56644588230526,129.95541490939863,130.6951141357422,27516
2018-04-05,133.60766831176088,137.95338203720743,131.1111956702141,136.0579071044922,59128
2018-04-06,136.52020177742625,137.6297575878663,134.99458370095348,135.8267364501953,13019
2018-04-09,134.6247584032138,140.54232430965814,134.6247584032138,137.12123107910156,38558
2018-04-10,136.8900890649564,138.23078617604932,134.16246098888644,135.0408477783203,17890
2018-04-11,137.53732065054086,137.53732065054086,134.25491454607018,135.22576904296875,12930
2018-04-12,135.04084734920391,135.22576865556164,132.91421705461187,134.39361572265625,17366
2018-04-13,134.0700067795782,135.87301439386087,133.09915218462822,133.9775390625,29007
2018-04-16,131.71219111548473,134.99459680471455,131.71219111548473,133.607666015625,26847
2018-04-17,133.6539117176571,134.99460877763462,129.53935283348162,130.3715057373047,56798
2018-04-18,130.74136369630287,132.86799416640469,129.90921069472031,130.1865997314453,26851
2018-04-19,130.37150875410427,134.0699912719512,129.67804328200796,133.74636840820312,43767
2018-04-20,133.74636675849274,133.74636675849274,130.8338174550499,131.943359375,17161
2018-04-23,132.22074882563714,134.2086775176911,130.04788472247873,132.59059143066406,30721
2018-04-24,132.590591785343,134.48606688550612,131.48104985870324,132.26698303222656,22880
2018-04-25,132.22076248644132,132.5906051296797,128.66096708375397,130.1865997314453,32105
2018-04-26,130.23283293628378,132.6368383224695,126.30319491005305,129.49313354492188,57634
2018-04-27,130.5101813878351,133.7925870714801,129.67802855923307,133.0066680908203,480254
2018-04-30,134.07000474526848,136.65894558965425,130.46398957141898,131.296142578125,27992
2018-05-02,136.38152972016317,137.53730539575778,132.54436012062502,135.4569091796875,85700
2018-05-03,132.40565545626555,135.27198470767445,130.37149313684125,132.68304443359375,30628
2018-05-04,129.49309995105142,132.6830377583676,126.90415980721919,127.50515747070312,102101
2018-05-07,127.59764060675604,127.59764060675604,120.01575463879732,120.3855972290039,118400
2018-05-08,119.92329259677072,122.5584670292796,116.3635045908127,118.72128295898438,154088
2018-05-09,121.49514613458724,122.69715578515962,118.72128422184699,119.50721740722656,72212
2018-05-10,121.03283819381336,121.03283819381336,113.26603032897725,114.00572967529297,78692
2018-05-11,113.31225750792242,116.96450606123902,112.34140305486594,115.30018615722656,28008
2018-05-14,114.93034257463923,117.51927600343114,111.9715524433545,114.37556457519531,25356
2018-05-15,115.71627621947843,118.2589830171109,112.34140942267074,113.86703491210938,33680
2018-05-16,111.4630063602087,114.19063406888108,110.9544622531638,112.9886245727539,29318
2018-05-17,113.68210765007889,115.80873799587314,112.48010502122219,115.20773315429688,33511
2018-05-18,118.1665092032981,118.1665092032981,115.3001798526407,116.17857360839844,78927
2018-05-21,116.0398880660171,116.0398880660171,109.56754371173726,110.44593048095703,31512
2018-05-22,110.44591842283512,113.728324094433,109.10522148896824,113.03485870361328,17789
2018-05-23,112.84995103633216,113.31226135265585,110.53839945471368,111.23186492919922,20032
2018-05-24,111.00069507094096,112.80370224410844,109.01275956315718,111.78662109375,38757
2018-05-25,112.34139986609455,113.91325202192678,110.95446900355017,112.295166015625,46653
2018-05-28,112.57256344831086,114.23688342983989,111.97155861863116,112.6187973022461,21130
2018-05-29,113.45096638762216,114.28312649683852,112.4801188054503,113.63589477539062,11563
2018-05-30,113.63589477539062,114.65297621807875,112.80373466617425,113.63589477539062,11173
2018-05-31,114.09817377319757,128.93832891189734,114.09817377319757,119.73835754394531,844867
2018-06-01,117.3343613989794,118.81375302185543,111.87909817622185,112.94241333007812,103522
2018-06-04,112.80371414751657,114.97657116490883,107.20975664881091,108.82784271240234,54463
2018-06-05,108.82784929320636,109.1976989695368,98.9344110135679,99.8590316772461,88659
2018-06-06,101.615800717331,108.1806052671267,97.36254756213204,103.41880798339844,86752
2018-06-07,103.55750300146158,105.82282055790053,102.49418794371256,103.78865814208984,55114
2018-06-08,103.74243332611827,107.25599459134615,103.28012300460385,105.17559814453125,28855
2018-06-11,107.02483389323811,109.10523023241552,102.72534671474573,107.44091033935547,67176
2018-06-12,108.87407307875783,110.35346459296048,104.990669472189,105.40674591064453,58557
2018-06-13,105.86905770830313,107.85699339054081,105.86905770830313,106.70121765136719,24118
2018-06-14,106.33136093505014,107.76452557806657,105.86905067011514,107.07106018066406,22706
2018-06-15,107.25599170671644,111.8790947975232,105.59167177230782,109.89115905761719,67079
2018-06-18,110.02985114759107,112.61879164337017,106.65498455447397,107.3022232055664,20145
2018-06-19,105.54544761864612,107.25599439424697,104.01982214959297,104.759521484375,34517
2018-06-20,103.09519841070114,105.68413895035623,100.96856817782053,101.75450134277344,64764
2018-06-21,102.03188280648345,103.32635307012261,99.8590257858903,101.29219055175781,82877
2018-06-22,102.54041946980932,103.09519038388605,101.19971545197107,101.80072021484375,37369
2018-06-25,102.44795115268366,107.25597478693182,101.4308629897169,101.708251953125,32363
2018-06-26,100.78365658419447,105.22183877842792,100.78365658419447,104.15852355957031,35917
2018-06-27,103.8348971544275,105.40674936713147,100.09018086835071,101.66203308105469,66865
2018-06-28,99.85903258717389,102.17058426743253,99.48918290747332,100.78365325927734,48252
2018-06-29,99.90526011567566,103.32635356408838,99.90526011567566,101.75450134277344,20646
2018-07-02,104.25097580774687,104.25097580774687,101.70826908072866,103.742431640625,15943
2018-07-03,103.60373557689594,104.48212227876046,100.36756364790779,102.54042053222656,20686
2018-07-04,102.17057723743883,103.97358460226371,101.15349597896595,101.66203308105469,10076
2018-07-05,100.32134873562019,111.13940840428653,100.32134873562019,106.83992767333984,288485
2018-07-06,105.40674739689022,107.7182988748922,104.52836065696758,106.7936782836914,41871
2018-07-09,106.5162808792625,108.08813999284338,104.99066266760612,106.10020446777344,19443
2018-07-10,105.77660365529923,107.3484559368637,104.99067751451699,105.9615249633789,30333
2018-07-11,105.96153000394308,106.6087687216024,102.21682042997665,102.91028594970703,21777
2018-07-12,102.12433777913346,106.10020899907384,102.12433777913346,103.51126861572266,96043
2018-07-13,102.30927921417269,103.55751571596126,99.85903301181978,101.33842468261719,106590
2018-07-16,101.29218776066618,101.52334290657889,98.19470316199974,99.02686309814453,68681
2018-07-17,97.45500314789271,100.41378595765974,97.13138738030797,98.8881607055664,91964
2018-07-18,100.22888226687445,101.7082739313808,97.54748090691523,100.78365325927734,53950
2018-07-19,103.23387963932512,105.36050254445975,99.81277957651709,103.60372924804688,253520
2018-07-20,104.20474917104261,105.31429823406667,99.95149539852382,103.2801284790039,768920
2018-07-23,103.7886736749753,104.94444955108861,102.63289779886199,103.83490753173828,208679
2018-07-24,104.01982268450378,121.95745757510609,104.01982268450378,112.94241333007812,1134499
2018-07-25,111.97154925355868,113.266019458226,106.60875419750137,111.0931625366211,115881
2018-07-26,110.95446034559987,118.25896372921078,110.90822649873802,117.56549835205078,464251
2018-07-27,116.22480992815565,120.75545946311446,113.72833705834913,118.12028503417969,397159
2018-07-30,116.13234951077175,120.98661486394121,114.4680366123066,118.3514404296875,292043
2018-07-31,120.94038676468416,120.94038676468416,115.57758404335416,116.08612823486328,48233
2018-08-01,116.03988831764389,118.58259503376756,108.36553431635242,110.67708587646484,377002
2018-08-02,108.18060890307693,109.75246108251464,105.68413613472403,106.65498352050781,555457
2018-08-03,108.18062902760411,113.54343226265696,107.25600826668442,111.55549621582031,98059
2018-08-06,111.41678551631439,111.46301936936719,109.15146780263868,110.53839874267578,41159
2018-08-07,110.49215124087797,114.14439944344016,110.02984098463999,111.9253158569336,63080
2018-08-08,114.14439861268434,114.14439861268434,109.79868505739377,111.32431030273438,40617
2018-08-09,111.64996086950211,115.83683440210844,111.55692065514685,112.95254516601562,62434
2018-08-10,113.27818054914236,113.83642888984626,105.13703820988162,106.85830688476562,146197
2018-08-13,107.74221583912573,108.39350444272387,103.6948990502219,107.23048400878906,43561
2018-08-14,108.67263283645212,108.81218961054854,105.32312828786938,107.37004852294922,38359
2018-08-16,108.57959793687523,108.57959793687523,106.06747633672687,106.62572479248047,24119
2018-08-17,107.78873233319841,118.58156053398474,104.7648792067683,111.18475341796875,326277
2018-08-20,112.06865917984602,112.06865917984602,107.18397279046394,108.57959747314453,58908
2018-08-21,108.4400375690044,111.13823953254271,108.4400375690044,109.69609832763672,68558
2018-08-23,111.32431477256871,111.32431477256871,107.97481742026703,108.53306579589844,42153
2018-08-24,108.34699249267578,109.78914082598206,107.92830793062643,108.34699249267578,35430
2018-08-27,110.62651412043392,110.62651412043392,104.02055893647658,107.55613708496094,62592
2018-08-28,109.69608620284438,109.69608620284438,107.04440109471028,108.53306579589844,34904
2018-08-29,109.23089325083734,109.74261804204502,107.74222834234754,108.57959747314453,33174
2018-08-30,109.04479192303806,109.7891278324942,107.92829515736717,108.95175170898438,24029
2018-08-31,109.51001015366467,110.4404265767154,106.71876088451249,107.55613708496094,43146
2018-09-03,109.32391708849192,110.25433340413866,107.41656080201085,108.2074203491211,66542
2018-09-04,108.85871546033404,108.85871546033404,105.74182203565968,106.02094268798828,39094
2018-09-05,105.60226503395165,109.32393076202042,102.34580752189147,105.74182891845703,181988
2018-09-06,105.88137958418268,107.92829263966767,104.67183553416045,106.30006408691406,35816
2018-09-07,106.30007997192597,107.13745620103566,104.8579316274307,106.43964385986328,27826
2018-09-10,107.18396358580023,107.18396358580023,103.5088217430914,104.02055358886719,29739
2018-09-11,104.0205539907634,106.43963515597598,101.74102960356197,102.20623779296875,107032
2018-09-12,102.81101960955927,102.95058349932035,96.57723211969758,98.6241455078125,56682
2018-09-14,100.48497373645301,100.48497373645301,98.20545633831868,99.36847686767578,53468
2018-09-17,100.48496065361556,100.48496065361556,98.25196010827705,100.0197525024414,22905
2018-09-18,100.01974770278608,100.48495583163624,95.92591474920205,96.809814453125,35456
2018-09-19,96.15852954932983,98.11240248893982,94.99550909735797,95.64680480957031,38214
2018-09-21,97.64719095310221,98.48456706945333,90.99471987520553,92.90206909179688,75280
2018-09-24,93.04163508239984,93.04163508239984,88.66868107293242,89.50605010986328,51394
2018-09-25,89.31997083566293,93.92552899247138,89.22693061907847,91.69253540039062,487266
2018-09-26,93.73945491563158,102.25276663288305,89.55258099880436,93.4603271484375,2159193
2018-09-27,93.97205877897053,95.32115975371848,91.27384973096066,91.36688995361328,340178
2018-09-28,91.27383201234574,92.57641617215903,84.80744196334368,86.85435485839844,329512
2018-10-01,87.9243494546346,87.9243494546346,83.50487157199423,84.62136840820312,474224
2018-10-03,83.73748383569115,85.59831680981762,82.34185910509629,84.76094055175781,60760
2018-10-04,84.20267731059955,85.97046974566284,81.87663650091449,84.80744934082031,149214
2018-10-05,85.27266145810005,85.64482942461518,82.80705666576502,83.92355346679688,22542
2018-10-08,83.73747504009735,83.92355547855874,78.62018489875807,80.43449401855469,55164
2018-10-09,80.43448559426012,81.83011003209121,77.2245522266538,78.24800872802734,47396
2018-10-10,78.15496586168578,88.29650451820231,78.06192565536251,85.27265167236328,37630
2018-10-11,83.69094212428601,83.69094212428601,79.2714647637798,82.06271362304688,29431
2018-10-12,82.99313213253578,86.11003245435079,81.87663539832747,82.57444763183594,56809
2018-10-15,82.62098028804357,84.1096451286766,81.13230834889663,82.9931411743164,113035
2018-10-16,82.38837227829414,87.50566230555431,82.06272087047583,83.87703704833984,61731
2018-10-17,87.36610246595362,87.5521829088617,81.87664421799866,82.85358428955078,16622
2018-10-19,82.90010310997157,83.36531132843214,79.31800124752796,81.50447845458984,26388
2018-10-22,80.94623082953052,82.62098327230578,77.68977326742298,79.59712982177734,51046
2018-10-23,81.50447248581422,81.50447248581422,77.50368635914927,79.96928405761719,23950
2018-10-24,79.92277759792266,80.38798584110205,78.01542096148137,78.57366943359375,14376
2018-10-25,77.13151434845288,78.15497088076019,76.2941382407421,76.80587005615234,13259
2018-10-26,76.06153041356275,77.0384703408485,75.36371820793373,75.92196655273438,10522
2018-10-29,77.73628546201832,77.73628546201832,74.80547266875219,76.5732650756836,24538
2018-10-30,76.61977266834299,77.68975271829744,74.89850411764004,76.29412841796875,46214
2018-10-31,76.52674929097094,78.15497799928946,74.80548036187983,76.66631317138672,114733
2018-11-01,78.5736578869648,80.85318220266973,76.66630862932851,79.45755767822266,67726
2018-11-02,80.387973819155,84.43528350984141,79.3645172569202,83.45834350585938,91469
2018-11-05,85.412216092038,85.412216092038,76.38717404915539,79.64363098144531,320189
2018-11-06,81.78358853794855,84.66787744892366,79.78319221148575,80.8531723022461,94464
2018-11-07,82.43489162751868,83.3653080276002,80.94622680709104,82.66749572753906,17288
2018-11-09,82.38837473578532,85.41222802390767,81.59751512008077,84.62136840820312,45365
2018-11-12,85.55177483978238,86.06350663757313,80.94621705371743,82.01619720458984,35154
2018-11-13,82.76053096679912,82.76053096679912,80.71361784922134,81.31838989257812,27010
2018-11-14,80.48102157907464,81.03927002003593,78.99235670367318,79.41104125976562,19844
2018-11-15,80.24840208861205,80.24840208861205,76.66630092233017,77.4571533203125,65006
2018-11-16,77.22455439244469,79.82972292219749,77.22455439244469,78.7597427368164,31843
2018-11-19,79.73669340212014,80.06234486488216,77.643256219583,79.36453247070312,30934
2018-11-20,79.41104013770668,79.69016790350035,76.75935475672269,77.08499908447266,44352
2018-11-21,78.06193743138395,79.1319177117951,77.31760147148564,78.62018585205078,47653
2018-11-22,79.27147129836347,79.27147129836347,76.99195404812646,77.73628997802734,31659
2018-11-26,77.68976478434872,78.66670478571294,77.31759682675695,77.36412048339844,46820
2018-11-27,77.4571558914686,78.20149176046147,75.73588718024966,76.1080551147461,257169
2018-11-28,77.6897668445892,77.6897668445892,75.64285367132281,75.87545776367188,11503
2018-11-29,76.01500373085004,76.29413144138206,74.99154728975353,75.13111114501953,15068
2018-11-30,74.66590194423627,75.78239857315631,72.57246544112684,72.99114990234375,262586
2018-12-03,73.96811046562115,74.85200328586745,73.03769398177685,74.38679504394531,29891
2018-12-04,74.6193910145265,74.94504242711393,73.31681375823138,74.2007064819336,22018
2018-12-05,75.0846089803391,75.0846089803391,72.20031923968007,72.61901092529297,27444
2018-12-06,72.5724692766367,72.75854969178705,71.68857665690331,71.92118072509766,13490
2018-12-07,71.36292953829646,72.80507768650799,70.06035235754014,71.08380889892578,23513
2018-12-10,69.87425258882426,70.89770895087125,68.80427257911113,69.96729278564453,17656
2018-12-11,69.03688920814592,72.15378960877997,68.38560061314038,71.26988983154297,33228
2018-12-12,71.03727877691439,76.10805156348184,70.99076222384342,75.31719207763672,54348
2018-12-13,75.27068848430342,75.27068848430342,72.06074763220536,72.66551971435547,86753
2018-12-14,73.502895312418,76.20110428156394,72.89812323508143,74.52635192871094,301432
2018-12-17,76.71281877584144,76.71281877584144,73.40984526982936,73.87505340576172,34090
2018-12-18,73.54942626698758,76.10807161076809,73.31682214482571,74.43331909179688,139460
2018-12-19,75.82892307565041,80.89968871185638,74.89850684159336,78.94581604003906,204247
2018-12-20,78.1549776517428,80.94622685359074,78.10845399230648,78.62018585205078,52626
2018-12-21,79.22495317284391,79.92276543138597,76.89891231103707,77.36412048339844,26531
2018-12-24,75.73588898876172,76.38717756579801,73.87505637035731,74.66590881347656,46881
2018-12-26,75.1776509363144,75.82893960269881,74.20071083822369,75.36373138427734,53100
2018-12-27,75.64285739490282,76.61979037175108,74.47983687590686,74.89852142333984,40097
2018-12-28,75.64286850364822,77.03849333140177,74.99157265825426,75.82894897460938,218353
2018-12-31,76.75934169437461,77.68975795733672,75.03807302759724,75.68936157226562,36092
2019-01-01,77.5967296142082,79.50407898578018,75.31720516233564,78.66670989990234,39834
2019-01-02,78.15497048117898,79.87623924469278,76.10805742702955,76.75934600830078,167103
2019-01-03,77.22454030941772,78.15495645772396,75.45674820793349,77.17801666259766,27463
2019-01-04,77.45716005348298,79.03886498694156,76.7593478007489,77.22455596923828,45788
2019-01-07,77.68977132272872,78.99235573466888,76.52675079394535,77.03848266601562,101929
2019-01-08,77.82933505777073,77.82933505777073,73.92158182938698,75.08460235595703,509174
2019-01-09,75.96849081292925,76.24761143830366,73.36332238502398,74.1541748046875,49178
2019-01-10,74.57287033709405,74.8054744198058,72.80507788878198,73.0842056274414,42154
2019-01-11,73.31681002737079,74.06113883616094,70.47903736660386,71.26988983154297,87739
2019-01-14,72.57247096836471,73.13071932534184,70.19990657807068,72.43290710449219,24285
2019-01-15,72.10728247797192,73.40986706501891,71.17686592986905,71.59555053710938,32057
2019-01-16,71.78163146972656,72.75856449580951,71.64206758071063,71.78163146972656,27354
2019-01-17,72.2003072131357,72.75855560244982,71.36293107990784,71.45597839355469,9407
2019-01-18,71.40944995794504,73.27028253013906,71.26988609532792,72.29334259033203,97072
2019-01-21,72.99118014539769,73.50291211981522,70.06037350550851,70.71166229248047,26525
2019-01-22,71.45596943086129,71.45596943086129,68.99036499726088,69.22296905517578,18796
2019-01-23,68.85081766011714,71.08381857149946,68.61821354640053,69.64167022705078,35167
2019-01-24,70.15338201387623,70.89771070537023,69.50208642299276,70.2929458618164,22896
2019-01-25,70.24642353551228,70.33946373638666,65.54781885697706,66.80388641357422,54099
2019-01-28,66.52477284836235,66.61781306900694,63.08223499491555,64.61741638183594,45986
2019-01-29,64.71045850581987,66.52476750752899,63.82655873437412,65.22218322753906,22112
2019-01-30,64.89654947457792,66.89694632611366,64.19873711463622,65.9665298461914,14573
2019-01-31,66.5247750174609,68.47864810876044,65.78043903100676,67.12954711914062,13898
2019-02-01,67.827343164021,67.92038336536697,64.29175872477504,65.08261108398438,18917
2019-02-04,64.10569418961282,65.03611063039526,60.477068650858484,61.17488098144531,41593
2019-02-05,61.872690243278434,61.872690243278434,59.08144105937114,60.4305419921875,61650
2019-02-06,60.43054292714331,61.91921486040364,57.825381240965456,59.63969039916992,115764
2019-02-07,59.63968383029058,69.59514256950649,57.96493518834801,66.75736999511719,212119
2019-02-08,66.89694195472421,66.98998217693384,62.47746396388483,63.78004837036133,58781
2019-02-11,62.012250626436064,63.221787612170566,60.47706224212559,61.500518798828125,23743
2019-02-12,60.52359438474631,64.8500253037186,60.52359438474631,63.826568603515625,24081
2019-02-14,61.407485720934346,61.91921760801447,60.10490127078745,61.31444549560547,25726
2019-02-15,60.98878986132679,63.12874304158474,60.98878986132679,62.337890625,29514
2019-02-18,63.17527602035636,63.733524449849334,61.081839085872254,61.68661117553711,12662
2019-02-19,61.68660275808644,64.57089183231916,60.94226688798827,61.59355545043945,20293
2019-02-20,61.08183070760116,63.22178391021719,61.08183070760116,62.477455139160156,12855
2019-02-21,63.73352100682248,64.38480962296124,62.33789645922783,63.91960144042969,43490
2019-02-22,64.0591557133027,65.68738410811402,63.73351145404293,65.2686996459961,27867
2019-02-25,65.9199914520177,67.92038785653605,65.17566269351951,66.15259552001953,33521
2019-02-26,65.12913884955155,66.98997138811016,62.89613838357865,64.10568237304688,113107
2019-02-27,65.1291351768956,70.33946457134478,64.38479936404042,67.0830078125,120675
2019-02-28,67.40866731127822,68.2925671762272,64.19873347684174,64.94306945800781,45997
2019-03-01,65.17567550280036,69.78123411498359,65.12915184065135,69.64167022705078,94895
2019-03-05,70.8977219959159,76.75934775477693,66.52476805414,75.17764282226562,161216
2019-03-06,78.15498109548123,78.15498109548123,74.15418755714025,75.4102554321289,76103
2019-03-07,75.36371729993144,77.59671775074305,75.36371729993144,75.68936157226562,55410
2019-03-08,76.24761224828599,76.48021632115876,73.59592723723911,74.24722290039062,43111
2019-03-11,74.2937542092361,83.69095919970583,74.2937542092361,82.43489837646484,363014
2019-03-12,82.4348904997943,85.97047561114209,81.50447411244106,82.34185028076172,179435
2019-03-13,81.8766434505484,85.36570496122518,80.66709928744159,82.76053619384766,72813
2019-03-14,82.15576497482392,83.87703376973649,80.1553684408387,81.1323013305664,62824
2019-03-15,80.5740529509344,82.3418454018635,79.31799232213405,81.1323013305664,45363
2019-03-18,82.24880518834371,82.38836905788003,80.52753639343113,81.1323013305664,22467
2019-03-19,81.31838885611926,83.59790603066385,80.01580457130238,81.1323013305664,83443
2019-03-20,81.31839727882065,82.29533026973598,79.96928919825092,81.22535705566406,30513
2019-03-22,80.57406349396015,84.66789731112394,80.34145938046805,81.87664794921875,75642
2019-03-25,81.8766457293625,81.92316939020523,78.89931599679127,79.22496032714844,52799
2019-03-26,80.06234124841966,80.99275773196428,78.06194438909586,78.48062896728516,44399
2019-03-27,79.03886153867228,80.01580148928386,75.92196836547836,76.38717651367188,130698
2019-03-28,76.48023113739735,77.68977539006154,74.94504963784235,76.15458679199219,52899
2019-04-01,75.59633250319466,79.55060220336176,75.59633250319466,76.61978912353516,982602
2019-04-02,77.17802710316404,77.17802710316404,75.64284592959046,75.92196655273438,91627
2019-04-03,76.29413208104874,81.41142142794835,76.20109187626218,79.17842102050781,389797
2019-04-04,79.08538713381876,87.73826174198302,78.99234692159925,86.66828155517578,875037
2019-04-05,87.45914056517698,89.55257744040728,83.87703888726342,86.34264373779297,695991
2019-04-08,89.319965554916,91.45992590240776,86.80784436308922,90.29690551757812,389101
2019-04-09,91.18079951248731,91.92513540913738,88.0173825994943,88.6686782836914,119506
2019-04-10,86.62175210596975,89.59908838744204,86.15654397747527,87.13348388671875,63093
2019-04-11,87.9243484444919,89.7851812158039,86.62176408487076,88.29651641845703,225172
2019-04-12,87.55217653468794,88.62215674979497,86.66828384745492,87.31957244873047,48833
2019-04-15,87.2265396118164,88.85476835123697,86.24959952875847,87.2265396118164,44602
2019-04-16,86.99392814809269,87.9708681485194,86.62176019085807,87.31957244873047,38866
2019-04-18,86.06351355820654,90.01778310007008,86.06351355820654,87.78478240966797,75905
2019-04-22,88.38955780147543,88.43608146077646,82.66749553462454,84.5748519897461,55044
2019-04-23,83.4118395332355,85.64484052318355,81.92317457277494,82.62098693847656,53792
2019-04-24,82.62096708097091,88.29650487155611,82.62096708097091,87.2730484008789,130746
2019-04-25,87.92434629135569,96.53069764791697,86.94740627093522,91.69253540039062,902749
2019-04-26,92.3903502722608,96.67026424219688,91.50645044355325,94.43726348876953,470147
2019-04-30,107.46307970431572,108.3004557710649,97.92631289072926,99.22889709472656,2388803
2019-05-02,99.08933670594612,102.25275356978223,96.76329593820091,100.2058334350586,661377
2019-05-03,100.3919302619201,102.2527630486155,99.08934589153056,100.531494140625,388563
2019-05-06,98.39152566108558,100.20583464238118,97.83327728980333,98.43804931640625,163199
2019-05-07,99.04281934054131,106.62571414461759,99.04281934054131,101.78755187988281,1236749
2019-05-08,101.6945225921301,103.22970408250436,98.94978975781076,100.62454223632812,396171
2019-05-09,100.62452451867041,103.090129139596,99.08933620009311,100.0197525024414,245034
2019-05-10,100.71756524336777,101.78754541623319,99.6010685142553,100.2058334350586,203500
2019-05-13,100.20585087102437,100.71758276837565,90.7621293895678,92.4833984375,164922
2019-05-14,92.48339904045537,96.76331340601871,90.76212998130117,94.7629165649414,299318
2019-05-15,95.83288652448925,96.57722246311403,92.94859718471706,94.06509399414062,149404
2019-05-16,94.80943185442722,95.60028436867456,94.15813612030124,94.4837875366211,60178
2019-05-17,95.27464118537928,96.94938645340201,93.5068485981493,94.80943298339844,121580
2019-05-20,100.29888623450587,104.62531662051158,96.57722080240566,103.60186004638672,505646
2019-05-21,104.76486798726374,108.25392891333944,103.27620341184063,104.25314331054688,1472045
2019-05-22,104.43924101646425,107.46309431983626,102.85753597410594,104.81140899658203,404027
2019-05-23,107.41658518946976,109.4169821419755,103.36927471722286,104.48577880859375,571072
2019-05-24,104.95097686196583,115.2785978859724,104.95097686196583,112.06865692138672,1142858
2019-05-27,111.83603951793245,115.18554396950854,111.83603951793245,112.48733520507812,294829
2019-05-28,113.23166522918396,115.37162564096197,109.55652354212314,110.90562438964844,294215
2019-05-29,111.51040648779862,112.25474246300729,107.7422242469038,109.510009765625,149362
2019-05-30,110.44041711262751,114.20860614247711,110.25433668336895,111.13822937011719,321449
2019-05-31,112.11517576674433,113.18515604231227,108.06786586208743,108.67263793945312,178718
2019-06-03,109.41696632851428,111.64996709001737,107.27701288506385,110.67302703857422,128738
2019-06-04,110.71955108642578,113.0455920756364,109.97521513047288,110.71955108642578,155684
2019-06-06,110.71955977695485,111.27780823848033,106.06747743338532,106.95137023925781,158806
2019-06-07,106.95135175117602,109.64956046372497,104.67183463628005,107.97481536865234,159941
2019-06-10,108.85871673585767,109.55652902262598,100.99670114434008,102.25276184082031,180478
2019-06-11,102.6714559028767,108.39351860517009,102.6714559028767,106.95137023925781,144109
2019-06-12,106.95135665514098,108.81218935622051,106.43963192145216,107.27700805664062,65047
2019-06-13,106.99788701589921,107.8352632035525,103.46230182292483,105.04401397705078,73890
2019-06-14,103.55533544671587,105.09051663944248,100.90364335343261,101.46189880371094,91538
2019-06-17,100.48497215406186,105.97443038588469,100.34540827303401,105.04401397705078,351965
2019-06-18,105.04400208030236,107.41655939501675,103.27620968402633,103.9740219116211,173225
2019-06-19,105.04399873134948,107.09091169429708,100.15931329391682,101.18276977539062,152396
2019-06-20,101.41537287148685,103.74141353367692,99.7406207553049,102.90403747558594,95889
2019-06-21,103.41579224682101,105.13706129972425,94.53031210288106,96.67027282714844,355726
2019-06-24,96.67027141144564,100.20584969293982,92.62296123861643,94.2977066040039,234800
2019-06-25,94.85593373342692,99.08933050521438,94.85593373342692,96.57720947265625,174506
2019-06-26,97.04242795640765,98.48456903700578,96.3446156952595,97.27503204345703,100540
2019-06-27,97.92632641349927,99.04282325766808,96.29809770828669,96.8563461303711,83433
2019-06-28,97.22851496742427,97.36807884880278,94.53030595532408,95.08855438232422,95738
2019-07-01,95.97245011534974,96.99590670403492,95.13507396151148,96.01896667480469,49372
2019-07-02,95.83288687656274,96.67026303596359,95.08855093520341,96.15853118896484,43615
2019-07-03,96.57721889317246,97.22850749150929,96.11201072335662,97.04242706298828,39881
2019-07-04,96.2050679071737,100.810626761317,96.2050679071737,99.74064636230469,113582
2019-07-05,100.67104444020462,102.7179646329091,96.29809051238104,96.90286254882812,222759
2019-07-08,96.76329848345588,97.97284255390439,94.20465357163373,94.9024658203125,81979
2019-07-09,94.01857045496766,104.76487451807402,93.32075822625245,96.11200714111328,719766
2019-07-10,96.76330765913177,99.27542915318442,96.06549534428227,97.3215560913086,150446
2019-07-11,97.69371673480694,102.95057053119208,97.18198490298116,101.32234191894531,489175
2019-07-12,101.27581400502842,101.78754581534412,99.22890096079189,100.25235748291016,83024
2019-07-15,101.41538761936904,101.8805958194579,98.1589302187471,100.81061553955078,52881
2019-07-16,99.60107446848939,100.81061148091617,98.7171746647981,99.6941146850586,58002
2019-07-17,100.25235748291016,102.2992705271467,98.8102093618482,100.25235748291016,67925
2019-07-18,100.01975499072788,101.18277539759681,97.83327804551693,98.71717071533203,47284
2019-07-19,99.83369162868482,102.15973283999142,95.92593813458109,97.08895874023438,126928
2019-07-22,97.13547035336063,97.46111466284164,93.22771734404786,93.87901306152344,92114
2019-07-23,94.71639851027128,96.01897587604938,94.11162639129473,94.3907470703125,93544
2019-07-24,95.984225001789,96.68723445177567,87.96991441138825,88.86039733886719,209818
2019-07-25,88.95414836074593,92.42232614974724,88.11053542111813,90.735107421875,120563
2019-07-26,91.20376792530584,95.98423105649124,90.54762143976596,94.76567840576172,295757
2019-07-29,95.515563687171,96.35917656034457,89.98522057568073,93.35966491699219,1393393
2019-07-30,91.2975078728315,91.85991407977805,87.40752028509493,88.06365966796875,490873
2019-07-31,89.04786189498243,90.82882056315844,87.68871317924331,89.8446044921875,310530
2019-08-01,89.14160605498743,89.98521891256931,87.82932018223593,88.95413970947266,124311
2019-08-02,88.20426005294844,89.516545926121,85.67342863077349,87.03257751464844,254799
2019-08-05,86.14210822506854,86.98572114735077,84.6892189060612,86.32957458496094,87902
2019-08-06,85.29849232346008,88.1105305319258,85.29849232346008,87.22005462646484,65927
2019-08-07,89.79775807657609,89.79775807657609,84.68921760696412,85.39222717285156,1156474
2019-08-08,85.5796916657103,87.96991964709503,84.59547551659858,86.37643432617188,600741
2019-08-09,87.1731884264161,89.75089023472411,85.53283273022011,85.95463562011719,133998
2019-08-13,86.98571342224257,86.98571342224257,81.73656999482765,83.0957260131836,59385
2019-08-14,82.58018911047552,83.37693185681228,80.70549693020872,82.15838623046875,213582
2019-08-16,81.59597504754801,82.8145205998326,80.1430858355895,81.03356170654297,83374
2019-08-19,82.01777683703648,84.36114188952324,81.26789715968768,82.25211334228516,84431
2019-08-20,81.59596531042673,83.04884719762525,81.12729234977267,81.5490951538086,61662
2019-08-21,81.54911422729492,81.5959843948755,77.98719603267575,78.73707580566406,41807
2019-08-22,78.73705718714163,79.67440310603618,74.940803355066,76.6280288696289,137798
2019-08-23,75.45634372939341,77.75283828669188,73.11297901730045,76.67489624023438,228086
2019-08-26,80.56487418004289,80.56487418004289,76.11248132439626,76.81549072265625,361203
2019-08-27,79.11202030099909,79.81502994736213,75.59697206918382,76.39371490478516,273440
2019-08-28,77.70599339992951,78.83080586342426,73.39420275468862,78.54960632324219,272314
2019-08-29,78.54959849790232,78.54959849790232,75.17514714082427,75.55008697509766,108053
2019-08-30,76.15935471346128,77.65910672985002,75.45634528533702,76.76863098144531,139021
2019-09-03,74.98767585320293,76.11248813044816,74.144063069578,74.19093322753906,78379
2019-09-04,74.519009341518,75.87815822367186,74.09720648881719,75.6438217163086,176750
2019-09-05,75.17515072510463,77.331049511431,75.17515072510463,77.04984283447266,37387
2019-09-06,78.26839660417117,81.54910783907654,77.75285340670428,80.75236511230469,295653
2019-09-09,81.59597207865265,82.72078441697067,81.08042891861714,81.92404174804688,91367
2019-09-11,83.79874168405993,86.23584008219312,83.79874168405993,85.39222717285156,135247
2019-09-12,86.28270198307901,88.71980014778968,82.86138765983979,84.0799331665039,177472
2019-09-13,82.9551277487717,90.82883621960968,82.9551277487717,89.00100708007812,355607
2019-09-16,89.51655104763988,93.45340174101426,89.00100784073898,90.5476303100586,439475
2019-09-17,90.54761755172376,90.96942752104059,84.36113569751569,85.11101531982422,168507
2019-09-18,85.72027388495347,86.8919561805454,84.45485843599042,86.2358169555664,83646
2019-09-19,86.70451303087059,86.70451303087059,82.7676623267789,84.31427764892578,66002
2019-09-20,84.36112903413319,89.7977379879966,84.36112903413319,88.57918548583984,164048
2019-09-23,91.43811422238711,93.73460928942477,88.11053273205928,93.17220306396484,340685
2019-09-24,93.21905717003493,93.82833350247213,87.96992098169612,89.46967315673828,141589
2019-09-25,89.70400503645737,90.7350913081034,87.64184679592952,88.34485626220703,67065
2019-09-26,87.2200470819629,89.51654189301077,87.07944375342517,88.5323257446289,88291
2019-09-27,87.26691087022597,89.2353360331939,86.3295648734429,86.84510803222656,47143
2019-09-30,88.48545435266566,88.48545435266566,80.33054073530289,84.22052764892578,159625
2019-10-01,83.89247515764407,86.04837402783511,81.0804368842035,83.23633575439453,67993
2019-10-03,85.20474896992783,85.20474896992783,81.40849498137072,81.73656463623047,55247
2019-10-04,84.07993325505348,85.29848591438335,81.08042891861714,81.92404174804688,108556
2019-10-07,82.25210629269297,82.72077926302171,80.23681109000302,80.7992172241211,30648
2019-10-09,82.48644967056765,83.42379568955138,80.84609413734614,83.0957260131836,134355
2019-10-10,82.15837521649108,83.51752400442665,80.65862310360787,80.89295959472656,35771
2019-10-11,81.54909533466089,82.95511421974125,77.79971164111326,79.86186981201172,86382
2019-10-14,79.20572895817881,81.08042076783985,78.69018584996934,79.76813507080078,52700
2019-10-15,79.25260604602434,79.39320222294118,76.01875810067244,77.1435775756836,97559
2019-10-16,78.36212180816612,81.03355639738204,78.08092230746995,79.44007110595703,109289
2019-10-17,79.67442383598366,80.2368301033727,78.26840459181925,79.06514739990234,46649
2019-10-18,79.95562311580949,84.36114681093864,79.2057433947146,83.61126708984375,333482
2019-10-22,77.79971690590334,79.29946905453585,76.67490458227454,77.1435775756836,273122
2019-10-23,78.73705530860661,78.73705530860661,73.11297992942043,74.61273193359375,131635
2019-10-24,74.98767596845047,76.86236786766175,73.11298406923922,73.34732055664062,122564
2019-10-25,73.95660244206843,74.6127417958152,71.4257638960825,71.9413070678711,128039
2019-10-27,72.92551534119272,74.05032758316914,71.7069627862334,73.62852478027344,34470
2019-10-29,74.9876763410629,74.9876763410629,72.78491477882059,73.58165740966797,112105
2019-10-30,73.2067163945595,74.612735302847,72.83177658873977,73.72225952148438,92546
2019-10-31,73.72226493584178,76.44056978844681,73.58166160441036,74.47213745117188,154501
2019-11-01,74.33154245373102,74.51900879770048,72.50371341880691,73.01925659179688,88142
2019-11-04,73.11298962497433,76.5811670415034,73.11298962497433,75.1751480102539,267967
2019-11-05,75.22201117762418,76.86236656155991,75.22201117762418,76.4874267578125,136600
2019-11-06,76.67492162388395,78.40901065463603,75.9250418072098,76.39371490478516,215749
2019-11-07,77.7997177362836,77.7997177362836,74.37840341760428,74.84707641601562,95393
2019-11-08,74.37840028583443,76.06562586962609,74.09720078945723,74.65960693359375,74775
2019-11-11,74.05033702789012,75.08141623977407,72.2693781247909,72.87865447998047,83043
2019-11-13,74.47213153571182,74.47213153571182,70.53528147663827,70.72274780273438,83784
2019-11-14,71.33202180682791,71.42575496687628,68.56685425280166,69.31672668457031,107563
2019-11-15,69.31672994990029,70.30094605522629,68.70746080519397,69.26986694335938,84870
2019-11-18,69.08238663090013,70.16033579408237,69.08238663090013,69.73853302001953,79911
2019-11-19,69.59794337510846,71.33203211646762,69.36360686542797,69.64481353759766,149354
2019-11-20,69.83228124358519,71.14456715360699,69.73854806816567,70.58216094970703,34438
2019-11-21,70.30095170789306,72.55058359282216,69.36360568512116,71.09769439697266,74208
2019-11-22,72.03504682653661,72.03504682653661,69.7854147415254,70.16035461425781,28250
2019-11-25,70.16035338234543,70.7696297709147,69.36361063639322,70.30095672607422,26576
2019-11-26,70.39467947399538,71.2382922599821,70.20721314439035,70.34781646728516,34284
2019-11-27,70.72275803188427,70.91023153647797,69.59794560985397,70.20722198486328,83708
2019-11-28,69.92601751325735,71.2383034813483,69.83228433369011,70.7696304321289,49745
2019-11-29,70.8164848871923,71.70696062260667,70.1134754693236,71.37889099121094,99474
2019-12-02,70.06661640874206,72.17564499629617,70.06661640874206,70.95709228515625,91427
2019-12-03,70.6758930971769,71.003962782065,69.36360720624171,69.879150390625,70220
2019-12-04,69.45734226925443,70.53529167867354,69.03553939883881,70.20722198486328,52876
2019-12-05,70.30095696908138,70.3478271342807,68.66060130646949,69.45734405517578,112952
2019-12-06,69.50419970924443,70.34781244702003,68.98865660521999,69.9260025024414,82637
2019-12-09,69.92600312933469,69.92600312933469,67.53577536082045,68.23878479003906,149261
2019-12-10,67.9575787760759,68.66058821169048,65.52048082955505,65.9422836303711,250235
2019-12-11,65.89542241668279,65.89542241668279,64.30193002847919,64.95807647705078,43310
2019-12-12,66.97335576157995,66.97335576157995,64.81746467338962,65.56733703613281,27815
2019-12-13,65.66109604189576,70.1603529540701,65.66109604189576,68.9886703491211,71244
2019-12-16,69.17613201094336,69.64480497266688,66.87963020766904,67.25457000732422,88558
2019-12-17,67.4420373372086,71.23829124433448,63.926990071863145,68.80119323730469,144792
2019-12-18,68.42626695229974,68.80120683163011,66.27036800968763,66.55157470703125,298670
2019-12-19,67.95758040212597,67.95758040212597,65.52048239729163,66.03601837158203,178499
2019-12-20,65.61421931003584,66.27035864258325,65.19241647502427,65.3798828125,31724
2019-12-23,65.19241958218181,67.20770783593548,64.06760004956995,64.25507354736328,65826
2019-12-24,64.58313775050452,65.1455438934086,61.67736671934832,62.895912170410156,103506
2019-12-26,62.895919806592545,66.83277758765855,62.09917707813086,65.89543151855469,77073
2019-12-27,65.98917139826071,67.30145745858259,64.67688533793884,65.19242858886719,60566
2019-12-30,65.7548190954616,66.4109583926512,64.11446370110558,64.95807647705078,66426
2019-12-31,65.1455428044244,65.52048261055359,63.73952389497639,64.95807647705078,233745
2020-01-01,65.14553620623958,67.91070358753466,65.14553620623958,67.58263397216797,63304
2020-01-02,67.95758384634718,72.69118392654222,67.67637719056799,71.98817443847656,345628
2020-01-03,71.84757546146504,73.15986134893225,71.23829910463569,72.03504180908203,104666
2020-01-06,74.51901412963866,74.51901412963866,68.84806742651543,70.30095672607422,78671
2020-01-07,71.70696175788389,73.39418724803386,69.87914010303955,72.08190155029297,142109
2020-01-08,70.72274774425014,82.48644205729167,69.83227196895714,77.33103942871094,2008081
2020-01-09,77.79971972062596,78.5964624079703,76.1593641843477,77.09671020507812,319631
2020-01-10,78.26839889055697,79.48695167395724,76.15937017793716,77.00298309326172,241142
2020-01-13,77.94031660723618,82.39270983742932,75.9250213990829,79.72127532958984,400984
2020-01-14,80.56488363777268,82.01777275862115,79.4869414883366,80.51802062988281,283104
2020-01-15,80.51801905399932,81.87716782970257,79.86187259394298,80.42428588867188,163722
2020-01-16,80.14307486300933,81.50222356446089,79.0182626377654,79.76813507080078,127606
2020-01-17,79.67441811901452,79.67441811901452,77.84659609330805,78.0809326171875,111176
2020-01-20,77.89344859750788,79.5806742023449,77.04983579508936,78.36212158203125,64660
2020-01-21,79.67442194620767,79.67442194620767,77.42478977862629,78.73707580566406,58512
2020-01-22,79.5806828581105,80.98670196460934,77.56538737518558,77.98719024658203,292386
2020-01-23,77.9871833293127,79.20573597408229,77.56538049532911,78.45585632324219,142575
2020-01-24,78.45584900204916,80.79921375302294,77.98717605185442,79.53379821777344,553142
2020-01-27,79.01827540266838,80.42429448704765,77.4716529795746,78.12779235839844,126402
2020-01-28,78.64332134186243,79.58066722877048,77.79970861336886,78.8307876586914,82202
2020-01-29,79.53381437833534,80.51803063428096,77.84659570563544,79.15887451171875,329834
2020-01-30,78.08091176793458,78.59644769198049,75.08140077238046,75.87814331054688,168000
2020-01-31,76.86236631523057,76.86236631523057,72.17563666186287,72.40997314453125,110986
2020-02-03,69.92600673301949,70.30094654486855,67.30144235284033,68.66059112548828,110823
2020-02-04,69.26986482769661,74.05032758316914,69.26986482769661,73.62852478027344,247809
2020-02-05,73.95660535862214,76.76864353080259,73.11299247669143,74.89395141601562,309675
2020-02-06,74.7533487490118,75.92503133128473,74.05033919964806,75.36262512207031,128589
2020-02-07,76.06562660607854,76.34682610517825,74.05033134797739,75.12828063964844,163576
2020-02-10,75.73755645751953,76.39369576921763,75.0814099944393,75.73755645751953,91432
2020-02-11,76.72177564810313,76.72177564810313,74.98768682065217,75.45635986328125,139805
2020-02-12,74.9876788843458,75.92502487040011,74.19093622647608,75.22201538085938,203442
2020-02-13,74.61274629616382,75.55009237312915,74.5190131187439,74.98768615722656,123141
2020-02-14,75.78441873386102,76.11248838654623,74.56587328797562,75.26888275146484,123766
2020-02-17,75.92501876489263,75.92501876489263,74.61273305966752,75.31574249267578,240968
2020-02-18,75.40948745675232,75.55009079563791,73.67539868085095,74.89395141601562,194761
2020-02-19,74.097215019854,75.64383042541192,74.097215019854,75.03456115722656,175927
2020-02-20,74.19092659331444,77.70597358461443,74.19092659331444,76.81549072265625,271819
2020-02-24,77.7528618120026,77.7528618120026,75.08142666220962,75.83130645751953,86016
2020-02-25,75.9250247238446,76.29996454781906,75.31574840380888,76.06562805175781,103647
2020-02-26,75.92502207767629,84.36113564186255,75.31574577887531,77.42477416992188,1856850
2020-02-27,77.2372990176091,79.39319016914521,75.8312802508494,78.40898132324219,361917
2020-02-28,76.29996235896482,76.86236850310132,74.14406379649571,74.65960693359375,245935
2020-03-02,75.50322045649692,77.04983558000082,74.61273749755901,75.12828063964844,269199
2020-03-03,75.17514902241595,76.20623538032093,74.0972068050506,74.56587982177734,91150
2020-03-04,74.98768837663499,74.98768837663499,71.70697701015722,73.15986633300781,93337
2020-03-05,71.33203004063367,74.51900790982076,71.33203004063367,73.39419555664062,54776
2020-03-06,70.30095306378522,73.01925801252813,67.5826481150423,72.03504180908203,94472
2020-03-09,70.30094940106123,70.86335556599325,68.00445458117952,68.61372375488281,98818
2020-03-11,67.0202320821676,70.20720958348409,67.0202320821676,69.31672668457031,99104
2020-03-12,65.61421801111426,65.61421801111426,57.365574176283836,58.0217170715332,119279
2020-03-13,50.47607777256714,57.08436955382649,46.58609424125379,53.663055419921875,274979
2020-03-16,52.30390427346985,54.225462791784075,50.85101873892451,52.44450759887695,138832
2020-03-17,51.647759879577684,56.80316255116021,51.17908690943382,51.9289665222168,108070
2020-03-18,52.96005358061838,53.803666483860596,46.023691150402364,47.85151672363281,189479
2020-03-19,45.18007957079136,46.86730171748245,42.321174881163195,43.63345718383789,170894
2020-03-20,42.83671058574725,46.632960964175055,42.696107263116545,45.9768180847168,100850
2020-03-23,45.92995116614048,45.92995116614048,36.790828230020686,37.40010452270508,147339
2020-03-24,40.30588232179137,40.30588232179137,33.83819279801798,36.462764739990234,95466
2020-03-25,35.5254149540724,38.38431954889663,33.369516286006736,37.118900299072266,122665
2020-03-26,40.7745487877358,40.821415370054766,38.52491707951535,40.63394546508789,92424
2020-03-27,44.617666077164905,44.617666077164905,38.899857175605355,40.21214294433594,101784
2020-03-30,40.2121423713088,40.305875535300544,37.400104543264575,38.478050231933594,63731
2020-03-31,38.618653662776914,42.227434122025,38.618653662776914,41.89936447143555,35716
2020-04-01,42.180568776616084,42.180568776616084,39.83720384458186,40.680816650390625,37424
2020-04-03,41.24322956104955,41.33696274341162,39.1342007766777,39.977813720703125,30669
2020-04-07,43.11791591131122,43.96152873985249,41.243223915167256,42.03996658325195,141145
2020-04-08,42.41490992438859,43.774062449258686,40.86828746924478,41.805633544921875,105003
2020-04-09,43.1179185655382,43.1179185655382,41.290093041643395,42.180572509765625,387924
2020-04-13,42.18056516584126,49.02318946649512,41.52442232590112,47.94524383544922,1034061
2020-04-15,48.74199189442315,48.74199189442315,44.05526190457477,45.03947448730469,501227
2020-04-16,45.64874689983102,46.961029038986695,43.68031832756113,43.961524963378906,305199
2020-04-17,45.13320941385106,45.883085466871925,43.117914169147106,43.86779022216797,1116646
2020-04-20,44.61766312194625,45.27380596285239,42.64923817491864,42.836708068847656,789695
2020-04-21,42.180571572300664,42.555511416553216,40.8682856931081,41.055755615234375,198096
2020-04-22,41.43069884982072,42.32117837102123,40.774555856531315,41.243228912353516,580315
2020-04-23,41.33695566259878,41.805628645511206,40.96201942168351,41.10261917114258,207477
2020-04-24,41.24321893283615,41.24321893283615,38.10311164890789,38.33744812011719,621250
2020-04-27,38.806127402108295,39.134197085120185,37.82191120168991,38.05624771118164,702138
2020-04-28,38.80612535957204,39.181061609609465,38.00937912382156,38.14998245239258,265763
2020-04-29,38.14997822801159,38.618651170430184,37.681305285593,38.33744812011719,249268
2020-04-30,39.32166344321929,39.32166344321929,38.056244261263316,38.29058074951172,450534
2020-05-04,38.290584879856155,38.43118821824827,36.181556258123024,36.36902618408203,381134
2020-05-05,37.25950683737852,37.25950683737852,33.18205280243258,34.49433517456055,2073568
2020-05-06,35.47854648362462,36.32215935703225,33.74445772524287,35.71288299560547,337571
2020-05-07,35.712879125365184,37.118898044878634,35.61914596100736,36.13468551635742,216845
2020-05-08,36.50963056251764,36.931437014018485,34.681804989808356,34.916141510009766,217468
2020-05-11,35.431678567618036,36.18155466269684,33.60385312757568,33.69758987426758,723856
2020-05-12,33.79132001146839,34.16625981319117,32.90084066414501,33.74445343017578,296753
2020-05-13,35.57228379830856,37.025169480506605,34.259997880115286,36.603363037109375,1102335
2020-05-14,36.556493778310916,37.7281762712055,35.85348428257417,36.88456344604492,453137
2020-05-15,38.337452963871556,38.38431954889663,36.322157626572334,37.118900299072266,770407
2020-05-18,38.3843235308908,38.3843235308908,36.18155804928492,36.462764739990234,695449
2020-05-19,37.30636778307386,37.72817417218682,36.97829813359212,37.40010452270508,517248
2020-05-20,37.49384240259098,37.91564884475842,36.5564963425262,37.025169372558594,260883
2020-05-21,37.4938422957392,37.915648736704554,37.072035854773844,37.44697570800781,695856
2020-05-22,37.44696928155286,37.86877565012999,36.322153490577456,37.306365966796875,502969
2020-05-26,39.27480700709272,40.680826299818825,36.83770475428562,38.19685745239258,3206752
2020-05-27,38.6186539784741,38.6186539784741,37.77504119050345,38.29058074951172,1342980
2020-05-28,39.83720821627658,44.43020541737095,38.99359531789059,41.805633544921875,7135840
2020-05-29,42.93044876125073,44.94574421716566,42.649245658858085,43.9146614074707,3532740
2020-06-01,45.46128127981441,51.975836735049775,44.99260827692972,50.85102081298828,6769331
2020-06-02,51.413423718766644,54.08486181084986,50.61668109477347,53.663055419921875,3808035
2020-06-03,55.58461644956405,56.14702618855079,50.663550005808794,52.30390548706055,2862263
2020-06-04,52.303901716826154,54.084860398370125,49.91367033157887,51.88209533691406,1327756
2020-06-05,53.28811752920655,55.209679648632644,52.02270188656653,53.991127014160156,1355491
2020-06-08,58.67786028429894,58.67786028429894,53.66306043385697,56.10015869140625,1919517
2020-06-09,57.178098644648216,57.36556853567046,54.9284671037628,56.42822265625,1530320
2020-06-10,55.30341547185724,57.17810752175071,55.30341547185724,56.709434509277344,984517
2020-06-11,56.662565791287356,56.709432375633114,54.45980057012491,55.30341339111328,867322
2020-06-12,51.319686195467,56.24075199503233,51.17908288520314,55.95954895019531,831972
2020-06-15,55.9595577143448,57.08437364554751,54.92847495420428,56.240760803222656,517535
2020-06-16,56.756304017779655,58.58412957567914,55.30341831944111,57.08437728881836,1641864
2020-06-17,56.990646075393244,67.67639020320281,56.61570975508117,65.19242858886719,5588565
2020-06-18,64.06759050708962,69.55106256377145,64.06759050708962,67.77011108398438,2359331
2020-06-19,68.37938690185547,70.30094903606073,67.58264424305658,68.37938690185547,4396280
2020-06-22,68.66059718706367,69.7385465595262,67.20770796965122,68.56686401367188,823038
2020-06-23,68.6137174311836,69.36359701623614,67.77011183722665,68.23878479003906,357194
2020-06-24,68.70746504689289,69.36360439002937,64.67687436367603,66.08289337158203,495817
2020-06-25,65.6142112316282,72.26936551198848,64.2081924195219,71.51949310302734,1137692
2020-06-26,71.75384160023103,73.11299048589001,69.83227937434367,71.56636810302734,371888
2020-06-29,70.76962451600193,70.76962451600193,66.08289441560444,66.78590393066406,439019
2020-06-30,64.95808086651567,70.30095022290334,64.95808086651567,66.92650604248047,391618
2020-07-01,66.785906041898,69.36360767860285,60.27135385696074,66.2703628540039,281689
2020-07-02,66.78590809942092,68.14505705282083,65.98916536289742,66.36410522460938,179154
2020-07-03,66.92651360342361,67.44204967247083,65.61422762073232,65.84856414794922,176968
2020-07-06,65.84855843343672,67.1139741403152,65.61422192655616,66.17662811279297,232698
2020-07-07,66.08289282135789,66.17662599082801,64.48940748621854,64.7706069946289,265707
2020-07-08,65.14555779213619,66.08290394741873,64.48941834399186,64.7237548828125,169925
2020-07-09,64.48940526685702,65.2861479070073,62.09917019502397,62.70844650268555,529373
2020-07-10,62.70845506570615,63.927000696043045,61.02122923738348,61.67737579345703,214503
2020-07-13,61.86483591497136,63.41145824312213,60.7400235770703,61.34929275512695,183893
2020-07-14,61.39616777448814,61.39616777448814,58.63099614431564,59.240272521972656,203550
2020-07-15,59.240270857974174,61.443036212814086,59.240270857974174,60.88062286376953,266797
2020-07-16,60.927490041459215,61.39616304177814,59.05279804018355,59.84954071044922,159323
2020-07-17,59.990145930511424,65.80168845697665,59.896412757771536,65.33301544189453,1052705
2020-07-20,67.34830326114988,68.37938234807001,64.95807544393256,66.41095733642578,932797
2020-07-21,66.97338310801483,67.72326292832845,65.61423397900334,65.98917388916016,425027
2020-07-22,66.45783529891028,66.45783529891028,63.645797194454694,64.25507354736328,353223
2020-07-23,65.67664532294962,65.67664532294962,63.97075561437008,64.39722442626953,168198
2020-07-24,63.54428559977935,65.29755668178007,63.49689696358039,63.73382568359375,130387
2020-07-27,63.7812072073768,64.44460465724066,61.8383890277199,62.69133377075195,167302
2020-07-28,62.69133638711621,64.44460734677604,61.222375533339196,63.402122497558594,572270
2020-07-29,63.54428396355074,63.970752756397175,60.27466337326279,61.69623565673828,566381
2020-07-30,63.02303989788958,63.6390560196814,60.70114132016364,62.07532501220703,312072
2020-07-31,63.30736048601697,63.30736048601697,60.70114441740909,60.98545455932617,123902
2020-08-03,60.79590590331446,62.07531943799964,59.895576119714306,60.0377311706543,277008
2020-08-04,59.990348741080645,64.11291047055896,59.942963722056916,63.02303695678711,420241
2020-08-05,65.3923275652773,67.38252739290496,65.10801020540585,66.05572509765625,1011368
2020-08-06,66.48218744274403,67.28774348912157,64.49198802507915,65.20277404785156,394625
2020-08-07,65.67663814284236,67.76160779828591,64.91846341514105,67.14559173583984,388111
2020-08-10,67.76161912278478,68.80410412472938,66.34004669363546,66.52958679199219,352795
2020-08-11,66.81389740974672,67.61945359199308,65.86618255287088,66.10311126708984,242568
2020-08-12,66.10310011783422,66.10310011783422,64.72891669933662,65.20277404785156,120945
2020-08-13,66.15050206937923,66.15050206937923,64.72892973749134,64.96585845947266,139077
2020-08-14,64.96585757522121,65.81879517835196,63.30735654392589,64.01814270019531,166552
2020-08-17,65.39232672368726,65.39232672368726,63.11780956546087,63.73382568359375,213023
2020-08-18,63.733834432602336,66.34005071051544,63.733834432602336,65.91358184814453,280526
2020-08-19,66.34004140151704,66.38743003757155,64.96585772182475,65.25016784667969,189522
2020-08-20,64.9184673816174,70.03612903006199,64.9184673816174,67.76161193847656,883096
2020-08-21,68.61455924978918,69.65704417916147,65.39232718860056,67.71422576904297,510900
2020-08-24,68.23546592294042,68.9936406587247,66.6243536475115,66.86128234863281,219574
2020-08-25,67.09822655461163,68.18809304722068,65.53449531977054,66.7191390991211,243208
2020-08-26,67.57205977155571,68.235457157278,67.1455838260292,67.42990112304688,245328
2020-08-27,67.42991385361437,68.18808140465259,65.62925417035137,65.81879425048828,325290
2020-08-28,65.86617595446592,67.19297806727255,65.29754854340302,65.53447723388672,235156
2020-08-31,65.67664155150116,66.34003904980302,60.55897995013256,61.50669479370117,515188
2020-09-01,61.60146773910156,63.402127472958064,60.74852289353891,61.93316650390625,236082
2020-09-02,61.60146960117822,61.79100969237006,61.22238218830354,61.554080963134766,123824
2020-09-03,62.928271930994114,63.21258206778187,61.127612142707626,61.554080963134766,194530
2020-09-04,60.65375258921852,61.79100755807006,59.99035144722487,61.3171501159668,125238
2020-09-07,60.701145352211725,61.93317044714133,60.36944295104241,60.55898666381836,100838
2020-09-08,61.364536603291825,61.554076681298845,59.326948227509135,59.70603561401367,118442
2020-09-09,58.04753510926329,59.23217868292173,55.346549207420175,57.90537643432617,225797
2020-09-10,58.331846312087634,60.03773226106535,58.28446129424702,58.710933685302734,175942
2020-09-11,58.853092836208454,59.42172393561951,56.76812298410404,57.81060791015625,314236
2020-09-14,58.66354760200913,60.89067593727445,57.905372869348966,60.0377311706543,439058
2020-09-15,60.653753174243185,62.3596428744651,59.469109557558745,59.658653259277344,369789
2020-09-16,59.232178635484594,61.60146578090398,59.232178635484594,60.179893493652344,237728
2020-09-17,59.70603315580146,60.41681926479909,58.331845955357004,58.85308837890625,309301
2020-09-18,59.7060378441176,60.13251026605324,58.75832295770304,59.18479537963867,172484
2020-09-21,58.142310433432904,59.46911280261744,56.24688054330964,56.436424255371094,184291
2020-09-22,55.915177540405914,56.86289241397211,53.261576617469615,55.962562561035156,158797
2020-09-23,58.28446239403965,58.28446239403965,54.44621803260315,55.109619140625,153904
2020-09-24,54.8253043514255,56.86289278913429,53.64066075165187,55.82040786743164,253774
2020-09-25,56.862896009138026,61.03284316257304,56.29426849514487,60.369441986083984,422805
2020-09-28,60.179900144440936,61.03284505715333,59.18480015644026,59.37434387207031,187565
2020-09-29,58.99525134144465,59.65865248118467,57.668449061964616,57.95276641845703,231254
2020-09-30,57.95276871157373,58.71093992331417,57.43152261420951,58.04753875732422,114608
2020-10-01,58.0001479446642,58.995247786691905,57.0050481026365,57.6684455871582,203745
2020-10-05,58.28446563141944,58.71093805421061,56.673349598233564,56.9102783203125,136066
2020-10-06,57.052431347779034,57.71583242692955,56.862887665843886,57.28936004638672,180913
2020-10-07,57.81060692900867,59.1847942102063,57.33674949516434,57.621063232421875,633730
2020-10-08,57.81060829645471,58.56877948549028,55.91517851624308,56.15210723876953,442593
2020-10-09,56.1047233116369,56.67335081069332,55.06223474303951,55.58348083496094,190441
2020-10-12,55.583476088651345,55.91517483223604,54.20928886548804,54.63576126098633,184268
2020-10-13,54.87269001381798,57.336747121710786,54.54098765471057,56.009944915771484,691912
2020-10-14,55.91517174710502,56.62595782863601,54.493599584043025,54.82529830932617,300433
2020-10-15,54.58837295271294,56.29426254487193,54.0197454988234,54.351444244384766,239877
2020-10-16,54.777924147980926,55.251781629564235,53.87759420992351,54.49361038208008,256338
2020-10-19,55.15700149536133,56.246871334601934,54.63575908396408,55.15700149536133,220425
2020-10-20,56.38903335832123,57.715835589321,55.204389800373306,55.44131851196289,742071
2020-10-21,55.91517242108736,56.389029814486406,54.58837027347203,56.05733108520508,269196
2020-10-22,56.76812155981524,61.45930722459564,56.009946779622794,60.93806838989258,2550845
2020-10-23,61.60146949776241,63.97075678613789,61.317152130960956,62.45441436767578,1811930
2020-10-26,62.88088014723568,65.20278591587925,60.65375164993766,61.26976776123047,1287867
2020-10-27,61.459314319776645,61.601473011285584,59.89558678940681,60.46421432495117,871026
2020-10-28,61.55408236141364,63.97075834670797,61.17500217041868,62.35964584350586,1052216
2020-10-29,62.26486613116179,63.496898395205406,60.369439943565276,62.880882263183594,887737
2020-10-30,64.44460569315827,65.72401921302736,60.464202853767134,61.222373962402344,2090614
2020-11-02,61.74361988359563,62.075318613293845,59.0900155850298,59.84819030761719,309359
2020-11-03,60.369432038945035,60.93806307448978,57.8106014171061,58.61615753173828,428659
2020-11-04,58.75832340848774,59.56387962202207,57.431521111230175,58.14230728149414,346052
2020-11-05,58.90047794472097,60.36943520353622,58.85308931117438,59.800804138183594,459502
2020-11-06,60.17989498023475,62.92826958291055,59.800807581505204,61.45930862426758,989209
2020-11-09,61.79100428002534,62.928266419035296,61.032836751175736,61.17499542236328,366493
2020-11-10,62.02793983064851,63.16520209510691,61.69624104828234,62.35964584350586,574131
2020-11-11,62.975654769118265,63.30736078197561,61.26977221816742,62.35964584350586,631205
2020-11-12,62.26486655271123,63.875986234329126,62.075326463340154,63.354740142822266,704601
2020-11-13,63.87597586181816,64.63414332667826,63.02303113717201,64.16028594970703,760455
2020-11-14,64.82369708707762,65.29755451135378,64.2076809894205,64.87107849121094,200599
2020-11-17,65.34493859034764,67.52468572344098,64.44461233956473,66.34004211425781,1985070
2020-11-18,66.71912947620656,68.61455924978918,65.9609546745772,67.71422576904297,970559
2020-11-19,67.52468955418976,68.23547576002333,64.34984594756469,65.58187103271484,711241
2020-11-20,66.19787066168524,67.61944271840213,65.10799730543775,66.29264068603516,462407
2020-11-23,66.90866422936405,67.66683897057388,65.39232197743462,66.43480682373047,411597
2020-11-24,66.43480106489613,67.61944447629047,66.15049098445523,66.95604705810547,387401
2020-11-25,67.5246824472218,67.99853986790407,65.10800670954612,65.29755401611328,336922
2020-11-26,65.81879391783087,66.48219865593829,64.91846769599503,66.10311126708984,233533
2020-11-27,66.05571472927734,68.1406915032561,65.86617467277458,67.90376281738281,513816
2020-12-01,68.23546210430892,74.30083795967877,67.9511447866784,72.31063842773438,2127028
2020-12-02,72.97404026604308,74.77469984857593,70.79429331395221,74.15868377685547,966381
2020-12-03,74.67992780366414,76.43319870637599,73.44789569338555,73.77959442138672,760213
2020-12-04,74.53777329551774,76.67013167646108,73.40051115405372,74.39561462402344,834318
2020-12-07,75.20116720707718,77.33352548646778,74.77469844339508,76.52796936035156,1078679
2020-12-08,77.04921528471824,77.23875535043742,72.16848267230426,75.1537857055664,715034
2020-12-09,75.53287985416426,77.94955590825818,74.39562478782088,75.86458587646484,753051
2020-12-10,74.86947110083796,75.62764585228307,72.50018404068486,73.4478988647461,729289
2020-12-11,73.87436857204113,76.33843292996798,73.54266982554802,74.39561462402344,427559
2020-12-14,74.86947020581846,75.7224149833752,72.78450051000442,73.8743667602539,436340
2020-12-15,72.97405415679502,74.8694841348936,72.68973676788362,73.49530029296875,771072
2020-12-16,74.11129757811251,75.0590124178863,72.50018524269328,72.73711395263672,441879
2020-12-17,73.35312605769246,78.75509745859837,73.35312605769246,78.18647003173828,2609462
2020-12-18,79.37111504658743,84.58354648248272,78.66032894169261,81.88256072998047,4653055
2020-12-21,82.6881202940111,83.7306051782673,73.92175797057725,76.85967254638672,1658453
2020-12-22,76.76489360158037,78.66032307322433,72.97403465829245,77.71260833740234,1037647
2020-12-23,78.66033279810803,79.93974640354541,77.42830059702578,79.46588897705078,419701
2020-12-24,80.41359142588617,82.54594951618628,76.85966127538599,79.27633666992188,641401
2020-12-28,78.66032706779865,80.55575663569742,78.66032706779865,79.98712921142578,273014
2020-12-29,79.98713594527732,81.36131960549588,78.28124629835925,79.03942108154297,445787
2020-12-30,79.03941562121436,83.20936217966864,77.90215352500496,82.1668701171875,1431439
2020-12-31,82.35642718650925,84.0623096874867,81.50348232077503,82.40380859375,952846
2021-01-01,82.92505398961984,83.87276889235835,82.072109131057,82.97244262695312,539392
2021-01-04,83.6832310166626,86.2420584295178,82.7355160888657,84.44139862060547,1214795
2021-01-05,83.87276108510784,85.76819071414982,82.64072893403447,84.48877716064453,657066
2021-01-06,84.48878426888734,85.53126920646913,79.4185110307239,83.25675201416016,598495
2021-01-07,83.92014955939814,86.4315880287393,83.54106218820829,84.63093566894531,1148603
2021-01-08,85.29434889889835,86.0525237813074,83.44630756495216,84.34663391113281,753812
2021-01-11,84.63093910152716,84.63093910152716,79.60804749813886,80.98223114013672,811956
2021-01-12,81.02961153660168,82.64072372758966,81.02961153660168,81.55085754394531,501647
2021-01-13,82.4512081269792,82.97245428894422,81.02963557306576,82.0721206665039,285559
2021-01-14,82.0721008820728,82.64072832046556,79.98713119780263,80.36621856689453,403696
2021-01-15,81.31394858801875,81.4561000513455,76.9544538735465,77.76001739501953,722174
2021-01-18,79.51327776292872,79.51327776292872,74.86947352836256,76.57536315917969,336089
2021-01-19,78.56556701660156,79.32373460178594,76.57536716356758,78.56556701660156,223307
2021-01-20,78.37601878535332,80.08190848552533,77.99693861241805,78.99203491210938,345374
2021-01-21,80.08191139314937,80.55576885701416,78.28125158436495,78.94465637207031,260345
2021-01-22,79.51327592072039,79.93974470329874,76.24365540915505,77.42829895019531,259168
2021-01-25,79.51328192095022,80.46099682529886,76.05412107397945,78.56556701660156,846127
2021-01-27,78.18647620323262,80.08190592937159,74.44300538630438,76.00672912597656,813542
2021-01-28,75.81719285277924,79.32373513002389,75.24856535248158,78.13909149169922,310273
2021-01-29,80.55576414948091,82.45119389417457,79.22896188209721,80.1292953491211,1299197
2021-02-01,82.40380859375,83.39891214218841,78.66033758865498,82.40380859375,709443
2021-02-02,84.25184191190047,89.79597170005388,82.83026980055396,88.46916961669922,3029698
2021-02-03,89.36951643199522,90.26984267938332,86.336824465627,86.71591186523438,1034721
2021-02-04,87.37930659244161,90.83846725349555,86.71590908724903,89.79598236083984,1030999
2021-02-05,90.12768490083226,90.45938366736739,86.90545281772502,87.66362762451172,563162
2021-02-08,88.61649705002199,89.75993281372027,87.75891659235465,88.8547134399414,407137
2021-02-09,88.66414640624717,89.04528682791668,85.7579034373981,86.281982421875,375735
2021-02-10,86.28198366419801,87.66363588711243,84.09038985910514,85.71025848388672,475880
2021-02-11,85.71025404159218,87.04426727686491,84.99560487303042,85.51968383789062,295371
2021-02-12,85.90083082009217,87.18719785913841,83.37573565764602,84.13803100585938,450151
2021-02-15,84.1380232983868,91.09393681704088,84.1380232983868,90.37928771972656,2226036
2021-02-16,90.99865726629892,94.81011935075124,90.95101108232848,91.47509002685547,1672356
2021-02-17,90.90336397942102,94.00017664407255,90.71278653049373,91.5227279663086,646555
2021-02-18,91.0939499620581,91.8562453504419,87.94949784199707,89.09293365478516,725527
2021-02-19,89.09292814505702,90.33165625712775,85.47203617884037,87.52069854736328,488524
2021-02-22,87.18718854949257,88.61648672243508,84.80502492792175,85.66260528564453,372305
2021-02-23,86.13904095773545,88.28298829051754,85.71024712930702,86.42489624023438,215935
2021-02-24,86.85368356701895,88.14005041643674,85.75788689166818,87.33011627197266,115391
2021-02-25,87.85419427093355,91.28451581175047,87.85419427093355,89.80757141113281,742703
2021-02-26,89.56936191502783,90.0457946911716,86.80605035943654,87.47306060791016,934543
2021-03-01,88.61650242859626,91.95153208988752,88.14006961984038,89.95051574707031,662688
2021-03-02,90.90337535749941,93.38082434535757,90.5698738673663,91.76095581054688,752165
2021-03-03,92.9043833221815,95.76297973209478,92.9043833221815,95.14361572265625,1142783
2021-03-04,94.23840935190674,108.1502456665039,92.85674986918457,105.2916488647461,4782275
2021-03-05,106.24450222536815,108.62666595239433,98.62157829888433,99.33622741699219,2014990
2021-03-08,100.5273147373392,102.38539963736567,98.14515088100414,99.00273132324219,469404
2021-03-09,100.33674136066917,102.81419023887855,97.47814482355365,99.66973114013672,581299
2021-03-10,100.432023959067,101.9566072869709,92.71381495485178,97.43049621582031,471273
2021-03-12,99.00273410607991,99.66973709668744,94.71483904414968,97.38285827636719,659385
2021-03-15,98.24043577265435,98.24043577265435,93.8572557402644,95.6677017211914,366065
2021-03-16,96.62057022864725,99.86031461982311,95.28655697701161,98.8121566772461,573855
2021-03-17,100.19381072972263,102.57597452610317,94.90540419384305,95.81063079833984,922331
2021-03-18,97.0969876328907,99.09800355847969,91.09393258633754,91.61801147460938,879631
2021-03-19,91.47508581508376,93.8572495081849,88.61648938336239,93.19024658203125,590182
2021-03-22,93.19025926336838,94.81012788719433,91.23688186129503,93.33318328857422,411568
2021-03-23,94.33368044805529,99.52679429207907,93.52374626180202,98.57392883300781,925171
2021-03-24,97.28757020144474,98.38336702664323,94.66718996586829,95.19126892089844,544436
2021-03-25,95.76298823171874,95.76298823171874,91.04630664463853,91.76095581054688,471049
2021-03-26,93.19024372326032,93.9525317197962,90.52221756091868,91.42743682861328,390778
2021-03-30,92.66616207280818,95.28654197718065,90.99864758820752,92.09444427490234,362743
2021-03-31,92.38030511054754,94.81011498542536,91.57037090885048,93.19024658203125,397628
2021-04-01,94.14312269203917,98.00222394884788,93.47611242076499,96.81114196777344,638254
2021-04-05,97.62107162401718,97.95458037870658,91.95152457131714,94.2384033203125,808173
2021-04-06,95.28655173099057,95.85826958741912,92.95203412149608,94.38133239746094,501932
2021-04-07,93.7619684794952,96.23941737377355,93.7619684794952,95.81063079833984,445243
2021-04-08,96.715857864131,102.48069762010506,95.81063845706154,100.57496643066406,1682208
2021-04-09,102.09954356601531,106.72093995847395,100.62259907831802,102.3853988647461,2988564
2021-04-12,99.14566692785567,99.57445353276118,91.66566627726803,92.04681396484375,1427025
2021-04-13,93.47611180279183,97.23993519997683,92.80910880571471,95.90592193603516,555767
2021-04-15,96.71586002791297,100.95610911136943,94.33369598781658,98.52630615234375,1078804
2021-04-16,99.43150968338962,102.57596862152221,97.52577875598479,101.9089584350586,1594114
2021-04-19,101.95661596540243,102.81419643215301,97.28757321957139,98.8121566772461,1814121
2021-04-20,101.09903876821045,103.86235046386719,100.05088806152344,101.95661926269531,2257434
2021-04-22,101.4801765368933,102.57597332434764,99.57444552211597,100.67024230957031,661759
2021-04-23,101.14666731427107,102.67125055533502,99.19329026586061,100.19380187988281,537425
2021-04-26,101.1466925604763,103.62414185429962,100.19382688825286,101.48019409179688,802510
2021-04-27,102.1948356628418,103.19534745137207,99.86031784932129,101.95661926269531,887011
2021-04-28,102.90946986957027,103.86233533132555,99.76501093786324,100.47966003417969,766330
2021-04-29,100.52731323242188,102.90947705309537,99.76501790189153,100.52731323242188,898557
2021-04-30,100.5273093905415,101.90896144581433,99.8126602716514,100.28909301757812,433228
2021-05-03,100.0508731159568,109.48424260656147,99.24093893040398,106.29214477539062,2777219
2021-05-04,107.6737885074526,113.39098081758281,102.90946158234408,103.90997314453125,2576664
2021-05-05,104.91049299262674,106.62565384789715,103.52884088739398,105.81571960449219,694741
2021-05-06,107.67379408360566,112.43812125544662,106.00627957346133,109.34130859375,1992950
2021-05-07,111.91405270449334,114.34386269466988,108.62666955993639,112.53341674804688,2230504
2021-05-10,114.01036444294321,115.29673148071274,111.00883650828953,112.34284973144531,918535
2021-05-11,111.00883927813766,114.15329857762218,109.91304241499684,111.19940948486328,1104961
2021-05-12,110.53241029272053,112.43814150466397,108.24553138443085,109.53189849853516,844050
2021-05-14,110.62767922432319,116.20194075027923,108.38844683164865,112.96220397949219,2706105
2021-05-17,116.44015592899065,118.15531665938012,113.3909893747277,115.91608428955078,2528559
2021-05-18,123.8725208404534,126.15939233244741,119.20347821635579,120.01341247558594,7694317
2021-05-19,120.53747882812985,122.91964244133399,119.87047592434725,120.8233413696289,1867576
2021-05-20,121.96679325139146,130.82844598147784,121.01392767911497,128.3986358642578,5280577
2021-05-21,129.58969560003365,135.25924187462067,129.446771604539,132.68650817871094,3258861
2021-05-24,133.30587954735324,136.0691982607561,129.685002227046,132.2577362060547,2042882
2021-05-25,133.49644349324666,135.30688187147294,131.25720406898165,134.0205078125,861930
2021-05-26,134.49694416588028,135.78331825996136,131.78128652442427,133.3058624267578,772412
2021-05-27,133.40115521405195,141.97694376352672,131.78128695151,141.02407836914062,1866180
2021-05-28,140.83351564988433,140.83351564988433,135.16396916121755,136.2121124267578,808286
2021-05-31,136.1644891468958,138.73723791221144,131.066666883583,131.9242401123047,622188
2021-06-01,132.63888343879256,133.5917490016281,126.73111985712711,127.54106140136719,626507
2021-06-02,125.87354677572529,133.21060870801622,125.87354677572529,130.399658203125,1394790
2021-06-03,131.49544137423155,132.3530145238861,130.06614309842467,130.78079223632812,1290421
2021-06-04,131.9718819539173,135.8786366218126,130.54258359340554,135.06869506835938,1151010
2021-06-07,134.44932556152344,136.25976416466514,134.0681706443118,134.44932556152344,460299
2021-06-08,135.3068946592604,136.30740629528924,132.21008192938297,133.25823974609375,374272
2021-06-09,133.8299513805272,135.16397175257168,124.92066802454924,127.87454223632812,665580
2021-06-10,129.01797679636942,131.49543279529843,128.35097388575713,128.92269897460938,394850
2021-06-11,130.35199077284773,130.68548494203367,128.16039742568367,129.3038330078125,497276
2021-06-14,129.3991476230631,131.20958639455853,126.82641348583151,128.3986358642578,413711
2021-06-15,128.63684452805563,132.44830658814618,116.82131068781759,127.44576263427734,461867
2021-06-16,128.35099091355005,130.3043682634398,127.44577151908646,128.3033447265625,292872
2021-06-17,128.54156685442993,134.25876059810346,127.7316397978215,130.35202026367188,828143
2021-06-18,131.49543995027,132.40065927389696,120.68041790107111,128.97035217285156,821969
2021-06-21,124.44425265586493,130.82844924127482,124.44425265586493,129.1609344482422,272982
2021-06-22,130.54257225113966,131.01900499658177,126.73111028760273,127.15989685058594,861891
2021-06-23,128.58919378653053,129.39913526142084,125.77824352476298,126.77875518798828,252450
2021-06-24,127.96982553966285,128.63682840868233,126.7310976174426,127.01696014404297,135852
2021-06-25,127.87455756499185,131.4954496666255,127.49341714990403,130.733154296875,951136
2021-06-28,132.44829463969495,133.21058989085952,130.06613106703858,130.5902099609375,485413
2021-06-29,130.59021809162155,132.4483028860653,128.68448711484362,129.58970642089844,411271
2021-06-30,130.54259048054587,132.44832172843707,129.68501723482507,130.35202026367188,268087
2021-07-01,131.0666585804284,132.25774051129457,129.16092749104251,130.06614685058594,279421
2021-07-02,131.01901186493788,132.25773997593944,130.06614632410196,131.5430908203125,1118611
2021-07-05,133.4011723376199,139.11836543780362,132.49595300467226,137.02206420898438,3070740
2021-07-06,138.88014355956298,144.311473881765,137.6414155289901,139.7377166748047,2816896
2021-07-07,140.0712113347419,142.5962987844714,138.6419132598976,139.21363830566406,1634397
2021-07-08,139.45188257788834,140.7858885657269,134.35404594089673,136.97442626953125,458477
2021-07-09,137.7367024169537,138.16548895752803,133.59173193239877,136.73619079589844,385462
2021-07-12,137.78435286651072,142.92982059199318,137.35555177307614,139.8330078125,1332169
2021-07-13,141.88167887890978,145.26435459183702,139.83302370015485,140.26181030273438,1272798
2021-07-14,141.97695611565752,141.97695611565752,137.21262872922605,137.8319854736328,410107
2021-07-15,138.97542195985667,142.0245882782768,137.87961804539958,139.21363830566406,1564103
2021-07-16,140.11886634206707,141.3575943262441,137.68905655379146,138.6419219970703,374609
2021-07-19,138.1655052605688,144.69264011801857,137.68907248380822,141.9293212890625,2038795
2021-07-20,143.35861654160578,146.7412920918988,141.9769644265774,144.02561950683594,2873850
2021-07-22,147.69414497897367,149.21873551716646,144.40676207929175,146.2648468017578,1682515
2021-07-23,147.50359398724981,147.50359398724981,142.50104971614834,144.59735107421875,647578
2021-07-26,147.59885301350684,148.3611482846459,143.21568064871,144.78790283203125,1285416
2021-07-27,146.74129603193373,149.02816755686132,143.35862039081513,145.21670532226562,948639
2021-07-28,145.79411019851912,148.58488267191237,144.06190001181517,145.07235717773438,713348
2021-07-29,145.7459703963961,152.96349961395384,143.86941573665123,150.50953674316406,2670471
2021-07-30,152.14553251247767,155.89864209672095,152.14553251247767,153.73338317871094,2171728
2021-08-02,155.70619097734962,157.34216158607225,153.78151621788697,156.28358459472656,1352727
2021-08-03,161.67267734483565,165.42578719527106,159.74800261453998,160.80657958984375,3837550
2021-08-04,162.6350117461168,166.62870586505792,160.85468177939697,163.11618041992188,2058059
2021-08-05,165.52201930710484,166.0031879678813,157.9676654592734,162.7312469482422,1214909
2021-08-06,163.5010867260183,166.96550656880962,161.6245320962149,162.82745361328125,935369
2021-08-09,163.88605916206748,165.7626141209558,161.76891985757547,162.3463134765625,887660
2021-08-10,162.97183495575788,162.97183495575788,148.72923933859886,154.0220947265625,1169717
2021-08-11,154.07020359948797,156.33168738525282,144.35059124845165,148.58486938476562,1337629
2021-08-12,149.73968193806667,157.3421403376201,149.69156213875786,156.23545837402344,637872
2021-08-13,157.4865013321247,159.2668313018896,154.1664404140116,155.08065795898438,405650
2021-08-16,156.37983636939427,157.91958217036537,152.62672617017049,153.10789489746094,403971
2021-08-17,154.8882074697321,156.379833433146,149.35476720979003,150.99073791503906,362738
2021-08-18,151.95306396484375,154.93631566811948,150.9907266004455,151.95306396484375,345507
2021-08-20,150.99072662671264,151.08696623681035,144.78365356208465,145.89035034179688,408354
2021-08-23,146.27528294206135,149.25853471781045,139.53892122762431,140.7899627685547,533355
2021-08-24,141.41548290550233,144.8317837309944,140.5493850890582,143.2920379638672,516896
2021-08-25,144.15813710754205,147.52631781246546,142.71463109114632,143.773193359375,609099
2021-08-26,143.7731838917861,145.457274133349,141.5117000921483,142.18533325195312,331804
2021-08-27,143.48450255413067,151.0869616286847,143.38826294696827,147.14137268066406,719063
2021-08-30,149.16228651612124,152.09741831664604,147.2376118513971,147.71878051757812,524344
2021-08-31,147.911244499316,149.98027856669148,145.60164078384355,146.0828094482422,439303
2021-09-01,144.83177721944978,147.71878938993714,144.63931267823793,145.45729064941406,1359084
2021-09-02,146.17902446643998,151.038830584415,146.1309193505413,150.31707763671875,898776
2021-09-03,152.09742248044685,157.63086229301157,151.85683814077015,156.1392364501953,1449526
2021-09-06,159.74799768077455,161.1433838803223,156.5722815370471,159.60365295410156,1858374
2021-09-07,159.84424619654453,163.98228522222092,154.16644679062728,155.1287841796875,1765855
2021-09-08,156.0911191252595,160.71034145725878,154.3589089152469,155.2250213623047,1060033
2021-09-09,157.24592006252544,160.61410085063181,155.65806927891646,157.19781494140625,963799
2021-09-13,158.25635540887296,160.132910080895,156.47604033402163,157.14967346191406,651108
2021-09-14,157.34215523591178,161.14338479561636,157.34215523591178,157.630859375,968117
2021-09-15,157.7752009804026,158.785658105165,154.02209129883047,154.6957244873047,614067
2021-09-16,155.2731475830078,158.73755346206357,154.93632361455212,155.2731475830078,837049
2021-09-17,156.5722725752111,157.39026513714444,150.6057843738962,151.61624145507812,923581
2021-09-20,150.124627816372,153.9258574428506,145.74598990157392,146.46774291992188,566488
2021-09-21,146.7083253960186,152.3380047412707,145.79410785454328,151.23130798339844,628989
2021-09-22,152.91539217441058,155.70617917454672,152.53046312533758,154.79196166992188,582826
2021-09-23,155.8024392975746,157.53464977799163,148.2962183559429,151.32757568359375,762259
2021-09-24,151.80871082342472,153.49280111782087,149.6434518734868,150.6057891845703,676783
2021-09-27,153.01164193067154,155.89865404257102,150.31709435607812,152.1936492919922,1953816
2021-09-28,152.86729000663485,156.3316955674595,150.6539112214928,155.5137176513672,642925
2021-09-29,155.5137156535676,158.25636818514099,153.01163276614085,155.0325469970703,992689
2021-09-30,156.28356150939422,156.28356150939422,152.48233235777238,152.9635009765625,627963
2021-10-01,152.09742040487706,152.9153983381539,150.70203419061448,151.23130798339844,530410
2021-10-04,153.011639040751,155.5137220307817,151.71247774129225,152.86729431152344,657772
2021-10-05,153.5890402924558,154.7919619279415,150.8944928921474,151.18319702148438,673380
2021-10-06,152.33797332367183,152.81914189722474,147.33382309554145,148.19992065429688,824405
2021-10-07,148.72925242103037,151.85684906175297,148.19996389885654,149.1141815185547,611704
2021-10-08,150.1246303770218,151.5681364383393,149.64346168991597,149.98028564453125,395279
2021-10-11,150.70203276398695,154.55138210984506,150.70203276398695,151.56813049316406,863637
2021-10-12,152.00116811025805,153.73337812453792,151.3275349613996,152.53045654296875,434010
2021-10-13,153.9739689201907,153.9739689201907,152.00117450658038,152.57858276367188,455441
2021-10-14,153.82963266293984,157.14969361365812,152.24176721061178,156.1392364501953,1257115
2021-10-18,159.6517670386643,159.74800665125213,153.97398231445987,154.31080627441406,745479
2021-10-19,155.41748031391353,155.80240937603455,148.29618987595723,150.17274475097656,638750
2021-10-20,149.9321792328513,151.08698124824633,146.5639981222216,148.10372924804688,493330
2021-10-21,148.92170362817453,149.21040776750525,143.86943258424617,147.3819580078125,934718
2021-10-22,147.91124548565617,149.9802795668289,145.4572823440386,147.14137268066406,522086
2021-10-25,147.14137860686387,147.76690671040825,139.53891922611663,141.12677001953125,442135
2021-10-26,143.29202301541835,152.72293181599156,142.42592528932693,149.93215942382812,1129725
2021-10-27,152.04929545314624,156.8128622156491,151.08695814015164,155.0325469970703,1607276
2021-10-28,156.09110965992315,157.34215110707507,152.19364059476234,154.45513916015625,784343
2021-10-29,155.60995630028108,157.67899054277643,149.78781203145996,156.6685333251953,792030
2021-11-01,157.82332390635798,163.5011083439823,157.10157090068867,157.630859375,1564647
2021-11-02,158.7375293195662,166.48434725889578,158.7375293195662,164.9927215576172,2424999
2021-11-03,168.31279354559925,173.50942395047974,167.59104054637436,172.88389587402344,3033100
2021-11-04,176.1077161826832,178.032390676483,173.7018730654334,175.67466735839844,751878
2021-11-08,177.93616697544212,178.56169505227405,168.89020192003287,175.09727478027344,1473053
2021-11-09,176.01150575242346,176.01150575242346,171.2960583348253,172.40274047851562,630312
2021-11-10,171.296047534756,172.11404015224278,168.40903549765338,168.93832397460938,478417
2021-11-11,168.93834861095846,171.77724125795243,167.73542675340977,168.3128204345703,339461
2021-11-12,168.9383171352921,173.0282506889435,166.67681859080878,169.4676055908203,661629
2021-11-15,169.56381381893144,170.23744693051668,163.11615743530012,164.22283935546875,426517
2021-11-16,164.03039576495726,166.43623910173898,157.39027402908067,158.208251953125,656725
2021-11-17,157.67899431517816,161.67268878961337,157.05346617308933,159.84425354003906,381184
2021-11-18,159.94045848288152,160.61409166515733,153.20409729191934,155.0325469970703,468648
2021-11-22,155.03255325974447,157.63086117297038,149.5472186068088,151.47189331054688,612633
2021-11-23,151.4718856439984,155.65805878639222,148.58487373451354,153.97396850585938,325257
2021-11-24,155.8024119638273,158.20825535229963,153.9739768622294,155.3212432861328,263206
2021-11-25,158.44883314641976,158.44883314641976,153.05975298929926,154.45513916015625,256978
2021-11-26,153.97398134772624,154.64761457930192,151.08696919745637,151.85684204101562,448728
2021-11-29,149.35475352921,151.08696369308498,143.5326096347897,146.8045654296875,621050
2021-11-30,146.94889820114696,153.34844985749834,146.94889820114696,150.5576629638672,469935
2021-12-01,152.530473812551,152.91540288859446,149.16229300281012,149.98028564453125,237328
2021-12-02,149.98028317877163,153.8296326123329,149.21041035523882,150.89450073242188,343378
2021-12-03,150.94261951430104,153.49280762311295,150.89449970988704,151.47189331054688,288651
2021-12-06,152.43423667125236,153.396574061056,148.3924225708978,149.88404846191406,258035
2021-12-07,153.01160745467823,153.92582481397116,151.4237570245431,152.62667846679688,291168
2021-12-08,152.62670356571664,156.76474226027563,152.1936400280098,153.63714599609375,358789
2021-12-09,154.69572405354347,157.77520053800666,154.02209086695814,156.0911102294922,309276
2021-12-10,156.09111286933393,160.6622152126091,156.09111286933393,159.60365295410156,329012
2021-12-13,161.67268128593554,162.44255413364158,158.8819087326172,161.7689208984375,427147
2021-12-14,161.76891592203157,163.6935906400374,160.2291702739858,161.38397216796875,481514
2021-12-15,163.59732207577878,163.93414596545722,159.84421291356276,161.04713439941406,1332291
2021-12-16,163.59735460940203,163.59735460940203,155.70619102976912,157.67898559570312,261537
2021-12-17,158.7375286003165,161.48019567359836,152.53045619058003,153.92584228515625,389560
2021-12-20,152.91538110445916,152.91538110445916,146.32337984065927,148.53675842285156,413850
2021-12-21,150.1246346362272,155.89865904531285,150.1246346362272,153.39657592773438,255792
2021-12-22,154.31077874315554,156.76472690119007,149.78778207235325,151.42376708984375,195022
2021-12-23,151.42376297285608,155.80238544738356,149.64343329474474,150.46142578125,231962
2021-12-24,150.5095479943053,152.3861174784314,148.63299319428108,149.54721069335938,189435
2021-12-27,150.46147141241352,152.00120257548468,147.38197971806187,151.27944946289062,178395
2021-12-28,152.04930747151542,155.56183306794395,150.60580138792508,155.1287841796875,266847
2021-12-29,155.1287782793371,158.30449447926753,151.61625281650808,152.86729431152344,189236
2021-12-30,153.3965401302501,153.3965401302501,150.70200778210415,151.37564086914062,128601
2021-12-31,152.0012023353155,154.7438700324812,150.70205554516173,153.49282836914062,219931
2022-01-03,153.7815200601896,158.44884765804002,153.68528044617062,157.2459259033203,334558
2022-01-04,157.82331407543288,159.6998688364607,156.42792795487895,158.25636291503906,378831
2022-01-05,158.2563679116171,161.4320839758309,156.13922876350858,159.45928955078125,368835
2022-01-06,158.30448571244477,160.22916031077236,157.05344428671145,158.16014099121094,278008
2022-01-07,157.82332455235155,169.75630175462004,157.101571543728,164.51156616210938,1676467
2022-01-10,165.90693392163425,174.18304004028252,165.61824449757748,171.00732421875,1388651
2022-01-11,171.77721113059658,172.21025998654238,167.54293280830117,168.55337524414062,434233
2022-01-12,169.37137237376413,175.14539643196065,167.06176862412653,170.33370971679688,888750
2022-01-13,171.1998022852413,171.6328658238186,166.09942626837415,166.9174041748047,409164
2022-01-14,166.91739996787467,173.124472549851,165.42577423196366,169.56382751464844,524916
2022-01-17,169.56382408701907,175.38596750905063,167.7353891471222,169.4194793701172,1132943
2022-01-18,170.6705442481512,171.10359314255987,162.77936579846653,163.8860626220703,441784
2022-01-19,164.5115671203602,164.5115671203602,159.84423978120304,161.72079467773438,256802
2022-01-20,162.1538409997537,162.3944253335812,159.26682899382337,160.421630859375,226336
2022-01-21,159.74799537037828,170.3337059069696,158.78565804886998,163.54922485351562,951061
2022-01-24,163.59732680664575,168.89018149744902,155.32122087102226,156.42791748046875,1251453
2022-01-25,153.9739779088036,164.07852020906884,150.79826167761397,163.0199432373047,480744
2022-01-27,162.3463040725713,165.2333160525842,157.53461743921648,161.57643127441406,386718
2022-01-28,163.21241534125105,164.55968171557396,157.82332047575514,158.3044891357422,364389
2022-01-31,158.78565890070917,164.0303943942455,158.11202570885996,161.57643127441406,287557
2022-02-01,161.6726714409722,166.48435809100116,159.17058850931625,162.39442443847656,773592
2022-02-02,164.46345619695325,170.57430457585076,163.83794275903296,166.0994415283203,1607591
2022-02-03,168.40903096055422,169.3713682803288,165.66636372555575,166.3400115966797,327294
2022-02-04,166.917391652816,167.39856027371437,164.12661952524599,165.42576599121094,282872
2022-02-07,166.86926780715345,177.21439290558789,165.52200157495108,170.86297607421875,1901078
2022-02-08,173.17259463760118,173.17259463760118,165.23331189245542,166.4362335205078,444677
2022-02-09,168.03101840158294,169.62578483844794,162.9084134027192,164.74481201171875,533555
2022-02-10,165.8563359337431,167.16114087014492,163.63331690558024,166.62954711914062,205546
2022-02-11,164.30988822221522,165.66302257893952,161.79690756194623,162.2318572998047,240414
2022-02-14,159.380580216587,159.380580216587,155.12785974279882,155.51446533203125,400528
2022-02-15,156.57764395477392,158.70400407121497,151.74500062283644,157.10923767089844,376002
2022-02-16,160.39544820051307,163.63332551493946,155.61113368586982,159.332275390625,371375
2022-02-17,159.47723307914268,165.46970797856565,159.47723307914268,160.54042053222656,365922
2022-02-18,160.54041819558606,160.54041819558606,155.61111607293483,156.04605102539062,152016
2022-02-21,152.95317322148063,155.12786288813675,147.00902736517716,148.2655029296875,372448
2022-02-22,146.9123877167668,148.84544544988216,142.0797433839784,145.07598876953125,409745
2022-02-23,147.7822405971069,149.6669834659777,146.96070000498784,148.70045471191406,137036
2022-02-24,144.979294972435,144.979294972435,133.864215691215,136.0872344970703,568501
2022-02-25,138.21361052139946,144.44771797642434,138.21361052139946,138.93850708007812,482311
2022-02-28,139.18013277202073,140.53326705252567,136.3288760572054,139.905029296875,345500
2022-03-02,138.21359490474435,141.35481297076126,135.55564115657617,136.23220825195312,510716
2022-03-03,137.1504205995013,140.00169214545465,128.88661177381735,130.23974609375,1122848
2022-03-04,129.41819008113976,132.02782943109452,127.9683969969684,128.7416229248047,401170
2022-03-07,125.21380164781033,127.19518852124526,121.29935728771852,122.02425384521484,510080
2022-03-08,121.25102016534602,125.64872861653625,117.77151838615536,120.67110443115234,748735
2022-03-09,122.60414791383518,129.85311957966277,121.39598719853521,128.78993225097656,631856
2022-03-10,133.62258673151698,136.23221115387736,130.481368598588,131.6895294189453,758229
2022-03-11,130.28806465412592,134.49245542261113,129.75647094830177,133.96087646484375,270266
2022-03-14,133.9608920637082,136.1838964137341,132.41444014815596,134.10586547851562,208271
2022-03-15,135.02407871789669,137.73036247401564,132.51111253211906,133.6709442138672,327127
2022-03-16,135.2656995764134,140.58160785717894,135.2656995764134,138.8901824951172,666940
2022-03-17,144.68934819720516,144.9309803801491,141.35482702219076,142.4180145263672,682394
2022-03-21,143.14289965798432,147.39561983937298,143.14289965798432,146.13912963867188,525750
2022-03-22,147.63726633675782,149.08705945954102,146.3324466270296,148.5554656982422,1115631
2022-03-23,148.55545208495988,150.19854785726633,146.33243321745965,147.6372528076172,257928
2022-03-24,146.91238111289147,147.54061894868994,138.9868477129921,143.3362274169922,849927
2022-03-25,143.91611918935246,145.94583538196713,143.28788142633528,144.39938354492188,291609
2022-03-28,144.3993793004796,144.4477086842275,140.7748967402461,141.88641357421875,391678
2022-03-29,142.46634124643342,145.89752148483146,136.81215653487487,137.4887237548828,750112
2022-03-30,140.14665630501761,141.98305486772261,134.39581370280243,137.2470703125,758382
2022-03-31,138.74519392198442,139.9533547629142,135.99058130544174,137.5370330810547,473962
2022-04-01,137.73033951727876,144.302737615785,137.73033951727876,143.81947326660156,375221
2022-04-04,144.01279015272604,147.54061434784776,144.01279015272604,146.23580932617188,387981
2022-04-05,146.42911338212292,149.32869978572933,146.13915179215047,148.0238800048828,365029
2022-04-06,147.87889926199185,148.362163638665,144.20608704966403,145.99417114257812,371477
2022-04-07,145.94582368576195,147.68557817599822,144.49603073524113,145.26925659179688,216641
2022-04-08,146.42910150568719,152.08330043334777,146.04249591578642,147.5406036376953,671330
2022-04-11,147.54059560251218,152.22826555206856,147.54059560251218,150.6334991455078,406091
2022-04-12,148.41049578436397,150.0052623578031,146.0908178843832,146.7190704345703,258786
2022-04-13,147.00903682987,149.57033225849787,145.70421704664653,146.67074584960938,313565
2022-04-18,146.91236373926927,148.16885401033508,143.04624890402533,144.25440979003906,254076
2022-04-19,145.8008760967141,150.3918879193066,142.07973429917863,145.31761169433594,443180
2022-04-20,147.87890016233644,149.32869330118285,144.35107609036683,144.9309844970703,400741
2022-04-21,146.91238370512121,149.3770351971546,146.09082829175685,146.7674102783203,460670
2022-04-22,146.8640447606839,148.50714073247724,145.02764598304287,145.6558837890625,146013
2022-04-25,144.88265614933422,144.93098553725434,139.18014232816745,139.80838012695312,357358
2022-04-26,143.04626582044696,143.96446525279063,141.7897754007906,143.3362274169922,162715
2022-04-27,142.94956838368518,143.04622713908242,140.24330020922798,141.3064727783203,172968
2022-04-28,141.596454252924,143.09457668439236,135.7972820650909,137.19874572753906,469050
2022-04-29,139.13179295056202,139.13179295056202,132.2211191645728,133.23597717285156,490384
2022-05-02,132.4144263373481,134.25082489097906,129.75647252400717,130.4813690185547,347300
2022-05-04,130.9646301160501,133.5259251010159,124.92382614390756,125.69705200195312,376350
2022-05-05,129.5631782803485,129.5631782803485,122.65249643542136,124.0056381225586,342661
2022-05-06,122.70082256027155,127.09853134737806,119.94621708192129,125.842041015625,259168
2022-05-09,125.64873424097993,125.84203703635447,120.09119407262891,120.76776123046875,350304
2022-05-10,122.60417245125475,123.66735261869302,115.98345188117676,117.33659362792969,461660
2022-05-11,119.51127582809221,119.51127582809221,109.16941426190246,110.71586608886719,674534
2022-05-12,113.08385047448168,116.75666224292232,110.76418027199435,113.95372772216797,1651130
2022-05-13,115.98344850558993,119.75291205682741,114.05039103049677,115.11357116699219,783669
2022-05-16,117.91650086393476,119.8495582551468,113.13218677029644,114.48532104492188,467877
2022-05-17,115.98344654146912,117.86817459815641,112.60059601734294,117.23993682861328,606981
2022-05-18,118.06147772842796,118.49641267741771,113.56711796807708,114.14703369140625,403075
2022-05-19,113.08385730914038,113.56712165661534,110.57088417707634,112.45561218261719,358181
2022-05-20,115.79014526662027,120.71944033452517,113.13219124849194,119.70458221435547,1026601
2022-05-23,119.8495530018723,120.62277887407639,115.3551932894964,117.0949478149414,594975
2022-05-24,118.88302913633714,119.70457704987194,114.5336500215931,115.01691436767578,616918
2022-05-25,116.9499694102616,117.86816869982165,110.66753303698309,112.40728759765625,489137
2022-05-26,113.47046749136474,113.61544826687305,105.2066444017058,111.05414581298828,799657
2022-05-27,112.74557029303436,115.83845907268426,111.63406085302537,114.8236083984375,285555
2022-05-30,115.6934815851772,118.01315192283585,115.11356584426971,117.04662322998047,247862
2022-05-31,117.77151838615536,124.29559436142722,116.66000892743412,120.67110443115234,540607
2022-06-01,121.63763387225113,124.19893636946212,120.81608596251178,122.16922760009766,316008
2022-06-02,122.16923199654755,125.4554311277926,119.89789097352032,124.68220520019531,1380680
2022-06-03,125.93868516444226,126.90521380768732,117.91649447589694,120.71942901611328,624281
2022-06-06,121.20270032099126,121.58931327537017,116.94997257088075,118.54474639892578,233673
2022-06-07,118.3997682665215,119.65625855283902,114.6303047815979,117.91650390625,514200
2022-06-08,117.91650281441612,121.78261766079042,116.41838036183454,118.97968292236328,359124
2022-06-09,119.60792703667151,120.67110713552505,117.33658605865966,119.36629486083984,194875
2022-06-10,117.4332389463158,118.44809704731527,116.94997458851202,117.77152252197266,123775
2022-06-13,116.90164903809573,116.90164903809573,111.1508059411852,112.02068328857422,277259
2022-06-14,112.11733350039579,114.0020615880753,109.21774728917866,109.70101165771484,223711
2022-06-15,110.66754204284803,111.77905158183967,108.83113594025694,109.45938110351562,459613
2022-06-16,113.27716488732536,113.32549427372749,101.48551726005446,102.93531036376953,755138
2022-06-17,102.45203602661732,104.57839608887917,99.5524501013357,100.32567596435547,491395
2022-06-20,99.55245028105794,100.66395969589485,92.40013684431219,93.84992980957031,1022329
2022-06-21,97.7160477878307,101.87212404930501,95.73466842403417,98.6342544555664,1174290
2022-06-22,97.81270767404641,100.80895273269016,96.84617891294306,98.9242172241211,416832
2022-06-23,100.22902262151699,104.3367695711534,99.31082331179799,103.12860870361328,467221
2022-06-24,104.24011130228423,106.02818779352046,103.32191205311727,105.30329132080078,248100
2022-06-27,106.5597855881928,107.6712950305851,104.4334254693777,105.64158630371094,193989
2022-06-28,105.59326336913263,110.57088778536664,105.54493398319649,109.41104888916016,504148
2022-06-29,108.39619559450652,115.59683148744311,108.10623403378568,112.06900024414062,639221
2022-06-30,112.06899605544724,113.3254862729032,109.12108804376751,112.2623062133789,385299
2022-07-01,110.18426796814344,112.06899591798712,109.45937146835303,110.23259735107422,163243
2022-07-04,110.18427389393682,111.63406697148862,109.12109377853794,111.15080261230469,462485
2022-07-05,111.34410874103646,112.4072962623059,110.28092859379618,112.02068328857422,289635
2022-07-06,110.18426796814344,112.5039382422785,109.02443651809018,110.23259735107422,178565
2022-07-07,110.23260154688852,112.26231034875336,108.25121475576522,110.03929138183594,311097
2022-07-08,110.28092361710557,113.56712268448364,110.28092361710557,112.06900024414062,531295
2022-07-11,111.15079616678172,114.48531710217377,111.15079616678172,112.11732482910156,296147
2022-07-12,113.42214802187812,114.00206380057044,109.55603299855697,110.28092956542969,358697
2022-07-13,110.23260438020009,111.92402965423366,109.60435923218182,110.0876235961914,299675
2022-07-14,109.41104733686122,110.37757604963925,107.23635773311065,108.97611236572266,532486
2022-07-15,107.62297178322717,109.12109425282034,107.28468820513389,107.91293334960938,181672
2022-07-18,109.12108826003931,111.00581621593015,107.6712952558068,110.37757110595703,384670
2022-07-19,110.37757726700788,110.86084162872687,108.49284920591536,109.26607513427734,304551
2022-07-20,111.2295189787429,113.6838331001629,111.18042970032559,113.1929702758789,394089
2022-07-21,113.19297856296161,114.86190929172402,110.44414354973463,112.55485534667969,368746
2022-07-22,113.68384172389433,120.31049035440694,112.70211600085543,118.7397232055664,932283
2022-07-25,119.18150043004108,119.47601364346784,113.34022807241932,115.7454605102539,463361
2022-07-26,115.74546004406395,117.31621964593127,114.22378223258374,115.54911041259766,253309
2022-07-27,116.334491273892,118.29794260340915,114.91099205598103,117.07078552246094,286832
2022-07-28,118.15068288636515,119.2796689048583,113.48748595387069,116.43266296386719,614546
2022-07-29,116.82535971297449,117.512564715297,113.8801825773533,114.0274429321289,531011
2022-08-01,114.07652472373893,117.41439364210419,113.14388829344799,114.0274429321289,534341
2022-08-02,114.02744150444883,116.03997469460842,113.880181151517,115.30368041992188,593926
2022-08-03,115.99089177881174,117.31621996240084,114.12561146969955,114.71464538574219,229658
2022-08-04,115.45093367811731,117.36530316864332,113.58565346554283,116.53083038330078,364677
2022-08-05,116.62901259185043,118.24885395537054,115.94180012886777,116.43266296386719,267107
2022-08-08,116.48176208920042,117.65982999678849,114.81282381514872,116.5799331665039,225472
2022-08-10,116.38358713660739,116.57992928467665,112.8984578335816,113.58566284179688,234761
2022-08-11,113.29114995870691,114.96008069220832,112.40759530980557,112.7511978149414,248537
2022-08-12,112.75118679860782,113.38930995435402,111.67129010656078,112.014892578125,317094
2022-08-16,112.60392903207018,113.97834643973582,111.7694637277643,112.3584976196289,278611
2022-08-17,112.45667767737301,115.74545714998209,112.45667767737301,115.00916290283203,322958
2022-08-18,114.96007202195986,123.10839790621198,113.6838331719984,121.88124084472656,2546818
2022-08-19,122.71572222744884,123.84470836993603,118.0034354979255,119.18151092529297,929366
2022-08-22,120.0650530847927,120.0650530847927,114.96007507926562,115.79454040527344,350979
2022-08-23,114.76373323883666,117.46347885292833,114.51830181937379,114.96007537841797,420004
2022-08-24,114.96007132710999,117.21804330258429,114.66555812811698,116.72718048095703,457872
2022-08-25,117.7089162585497,119.96688093845485,115.59820444583292,116.03997802734375,780700
2022-08-26,116.43266817203967,119.18150316698406,116.08906567016481,118.15068817138672,807531
2022-08-29,114.8619058900284,117.8070829641317,114.8619058900284,115.7454605102539,302636
2022-08-30,117.65982531443042,119.37784531377747,116.87444923728401,118.15068817138672,691649
2022-09-01,117.70890638857506,119.72143946778344,117.31621463239685,118.78880310058594,1298287
2022-09-02,119.77053173985772,119.77053173985772,116.3344918948618,116.43266296386719,416640
2022-09-05,117.3653168008501,119.3778501010943,116.82536464055576,118.64155578613281,271902
2022-09-06,117.80708376688028,119.42693266666942,115.59820094625128,116.13815307617188,530592
2022-09-07,116.62901576177515,120.6540896201756,116.23632398510794,119.03424072265625,1205701
2022-09-08,120.7031726177007,125.46454828618475,120.1141386917976,124.58099365234375,1320581
2022-09-09,125.66089262561535,131.55124696744107,125.36637191253492,126.78987121582031,1801353
2022-09-12,127.67342628598429,127.96794698275757,125.21911211278177,126.98622131347656,457728
2022-09-13,127.86977115868967,131.55124249723158,126.74079260684823,129.39144897460938,898911
2022-09-14,128.50789080730274,137.09799086073062,127.62434365092844,135.4781494140625,1776524
2022-09-15,136.55805878782988,139.50323605876844,133.36745007764642,136.1653594970703,1037704
2022-09-16,136.36169921248583,136.4598777784055,125.66089464486264,126.74079895019531,816842
2022-09-19,127.62435570347708,132.53298476899542,126.15176698382157,131.0113067626953,812439
2022-09-20,134.30006922468203,139.11051882130516,131.06037164861505,134.98727416992188,1384070
2022-09-21,135.37996669733712,135.37996669733712,128.0661133007562,129.39144897460938,583092
2022-09-22,129.73504990605224,136.50896646644816,128.7042498681177,132.53297424316406,829543
2022-09-23,132.5329727284677,133.56378773456717,128.1152069708521,129.68597412109375,421859
2022-09-26,127.77158824460372,128.26245107301932,121.53763931169239,126.20083618164062,508162
2022-09-27,127.42798965107751,129.29326235435917,121.78306728384516,127.3298110961914,518503
2022-09-28,126.39717778934073,129.48960760347103,123.64834296570012,124.97367858886719,387093
2022-09-29,126.83895974612065,128.50789047042244,121.5376468618807,124.33556365966797,322900
2022-09-30,125.46454764145436,130.02956616122435,123.59926731070252,127.28073120117188,587386
2022-10-03,127.28074442952261,129.34237460881457,125.85724501046244,128.164306640625,399784
2022-10-04,130.12774612933083,132.18936113668613,128.40972613322862,128.9005889892578,274087
2022-10-06,128.90058337258554,129.9313983213196,126.64261133725024,126.98622131347656,433571
2022-10-07,127.77159437669329,127.91886222025256,124.97368510841227,125.41545867919922,424233
2022-10-10,123.697437751224,129.7841340731523,123.697437751224,126.88804626464844,718292
2022-10-11,127.8697706733126,127.8697706733126,123.79560757613001,125.26819610595703,266571
2022-10-12,125.95540443467809,126.44626726179692,123.69743243394258,126.0044937133789,194552
2022-10-13,126.54443335946219,126.64261191881911,122.96114064210926,123.4520034790039,182888
2022-10-14,124.38463627182556,125.51362226199038,120.75225437996195,121.68489074707031,351679
2022-10-17,122.96114286285172,122.96114286285172,115.79454231876832,120.70317077636719,458996
2022-10-18,121.68489772863974,122.66662343033097,120.80135058909579,121.2922134399414,141078
2022-10-19,122.71570130609186,123.15747483480499,120.55590795909345,121.39037322998047,220783
2022-10-20,121.39037721253733,122.12667144453012,120.11413088109428,121.4885482788086,89783
2022-10-21,122.12668132340812,123.10840704547736,120.60500345821166,122.6666259765625,412848
2022-10-24,124.43373251149777,125.17002678671373,122.91205468006237,124.18830108642578,89723
2022-10-25,124.92459113995919,126.6426110574046,120.75225705473461,122.02850341796875,255111
2022-10-27,122.71570587158203,124.09012327533821,120.65408351093392,122.71570587158203,332381
2022-10-28,122.71570560817604,123.05930808588447,119.96687080656399,120.65408325195312,163428
2022-10-31,121.243119430542,129.34235615363488,119.86870200378023,127.62433624267578,1392125
2022-11-01,128.5569753360633,129.93140028176134,126.24992896641048,127.96794891357422,911472
2022-11-02,128.60607186310162,132.43479625483388,125.85723679675604,126.74079895019531,965844
2022-11-03,126.83895682623374,127.86977180220217,124.23738972588299,124.82642364501953,350864
2022-11-04,125.56271466978316,130.56951408794288,123.05931121571707,129.04783630371094,998564
2022-11-07,129.9314046577743,135.37997040404196,128.8515003769228,134.25099182128906,1216837
2022-11-09,135.37997221571135,136.06719221087457,125.31729097015983,129.2441864013672,865176
2022-11-10,127.1825641680562,128.16428984286955,121.14494976995972,121.58672332763672,858372
2022-11-11,122.71570197882087,126.49535159174619,118.29793670758332,123.6483383178711,1027096
2022-11-14,124.04102738014967,129.39143636472153,121.58671339364109,127.03528594970703,1108228
2022-11-15,127.62433571161804,131.5512383488986,127.08438360300302,131.15855407714844,874286
2022-11-16,130.56952124380345,130.9622055412802,125.90632405652475,126.78987121582031,457099
2022-11-17,126.64261580913268,128.21338292742567,124.92459582722584,125.41545867919922,276467
2022-11-18,125.41544742235493,127.62433005797371,122.91204410599816,123.6483383178711,291078
2022-11-21,123.84469811854737,124.7282527434424,122.66662278869644,122.96114349365234,232700
2022-11-22,123.40291738165124,124.09012986500913,121.53764454532774,122.12667846679688,373464
2022-11-23,124.67916297912598,124.67916297912598,120.75226020812988,121.7339859008789,431264
2022-11-24,122.22484360360365,122.56844608361129,120.35956336788351,121.0467758178711,594463
2022-11-25,122.56845011207665,123.10840223410123,120.60499874467463,121.14495086669922,683231
2022-11-28,121.78306563977064,125.36635814557458,121.7339763629903,123.6483383178711,1105728
2022-11-29,123.69742759465143,124.679153210482,122.56844163845187,123.6483383178711,611461
2022-11-30,124.13921212785696,124.63007497927589,122.22485000331224,123.35383605957031,555857
2022-12-01,123.89377928328373,129.09692844472562,123.89377928328373,128.55697631835938,2093706
2022-12-02,129.04784628590855,130.4713456212906,127.62434695052652,129.1951141357422,902945
2022-12-05,130.029562413623,131.25671950506896,127.13347467379958,128.21337890625,601975
2022-12-06,130.52042473492125,130.52042473492125,125.90631708528949,126.98622131347656,548568
2022-12-07,127.57524515134514,128.16428653299903,124.87549961533,125.80813598632812,446284
2022-12-08,127.03528574707653,130.52041459834845,125.66087590880151,129.7350311279297,835072
2022-12-09,130.5695194343477,130.5695194343477,125.66089088418425,126.83895874023438,628638
2022-12-12,126.7898697203649,129.8332254197242,125.41545971546137,128.9005889892578,596189
2022-12-13,128.90058815370807,132.04210741594216,128.1152045931632,131.40399169921875,1069107
2022-12-14,132.43477878347997,134.44731927976298,130.66768466961588,131.74757385253906,1141044
2022-12-15,131.0112966368177,133.5147002627331,128.60607157660323,129.6368865966797,416860
2022-12-16,129.6368857379399,129.6368857379399,126.00450353025458,127.18257141113281,586855
2022-12-19,129.58779824746622,129.58779824746622,126.00450527275333,127.13348388671875,294773
2022-12-20,126.93713109183994,128.0170203320667,125.51362438796491,126.59352111816406,374641
2022-12-21,127.47707999722374,128.31153780097415,122.71570466427221,123.99195098876953,586502
2022-12-22,124.72825339823146,126.29900553300006,118.05251563061508,122.3230209350586,633735
2022-12-23,120.55592033589771,121.73398819339306,115.94180499909996,117.954345703125,629957
2022-12-26,118.78880536789728,120.75225669629228,116.08905979135416,119.96687316894531,352894
2022-12-27,120.94860044024067,123.59926426277792,120.21230618230908,120.75225830078125,520237
2022-12-28,120.75225669629228,121.29220880758987,119.42692854762014,119.96687316894531,296321
2022-12-29,119.96687080656399,121.34128820737001,119.23057657291493,120.65408325195312,317382
2022-12-30,120.6540930978485,122.02851061081293,120.26140130986253,120.80135345458984,233188
2023-01-02,121.63581579417199,122.71571256676499,119.62327511208797,120.26139831542969,773780
2023-01-03,120.99769461357782,141.36850324020452,120.31048960770484,129.29327392578125,1036379
2023-01-04,139.4050429828775,145.98260187410884,133.5146890540235,135.72357177734375,18574416
2023-01-05,136.45985859604903,140.68128167810264,131.4039777407629,136.75437927246094,4026502
2023-01-06,134.54550238025317,139.99408269534214,133.26925604825885,134.9381866455078,1927602
2023-01-09,135.42905001939508,137.63793272533647,132.23844166636866,133.26925659179688,1054008
2023-01-10,133.46561003762514,133.661952187695,128.50789210364587,129.2441864013672,854757
2023-01-11,129.29326610833118,130.3240810447874,127.82067762194941,128.262451171875,489535
2023-01-12,127.18255783347702,132.04209668577505,127.18255783347702,130.86402893066406,726525
2023-01-13,131.55124076911588,131.84576146831932,130.07865225304369,131.5021514892578,376858
2023-01-16,132.38570400357426,135.82174362567724,131.35488912095457,133.41650390625,782176
2023-01-17,133.95647088040053,133.95647088040053,129.48961587900595,130.12774658203125,327204
2023-01-18,130.86403068419244,132.28752986485694,129.63687363535334,130.81494140625,220805
2023-01-19,130.47131965745504,132.3856964647082,129.58777265406366,131.5512237548828,331348
2023-01-20,132.09119462287345,132.23844748443705,128.26245544282273,129.39144897460938,227558
2023-01-23,129.6859659414127,131.158554434404,125.8572268716684,126.59352111816406,374592
2023-01-24,126.59352638495159,128.5078885094963,122.86297320815139,123.35383605957031,417105
2023-01-25,123.20657712953029,125.26819963131274,121.24312570117125,124.13921356201172,332872
2023-01-27,124.13920689828514,124.4337275927184,118.78880503920257,119.7705307006836,526623
2023-01-30,120.55592849652702,121.88125679841612,119.37785306931303,121.24313354492188,519515
2023-01-31,122.32301419159838,122.56844560349563,120.26139182965588,120.85042572021484,558361
2023-02-01,119.77053885072162,125.66089322042924,119.62327849348435,123.05931854248047,1090203
2023-02-02,121.73398380779055,124.67916083539838,118.78880678018271,119.72144317626953,370296
2023-02-03,120.11413927185738,120.94860462841432,117.02170178346616,117.954345703125,740000
2023-02-06,120.26140107226585,121.39038715175516,117.56165533390886,118.7397232055664,346224
2023-02-07,120.40865594683564,120.40865594683564,117.16895821231279,118.88697814941406,346700
2023-02-08,120.7522666566944,123.20658101963534,119.27967803892983,122.17576599121094,565318
2023-02-09,122.02850271807888,122.47027626975638,118.98514717550982,119.7705307006836,333126
2023-02-10,120.26341467284432,123.12213668971854,120.26341467284432,121.3477554321289,315306
2023-02-13,122.7278333391462,123.12214113515802,120.361994083871,120.75630187988281,171271
2023-02-14,121.24918031298424,122.08707964838644,118.48903336258189,119.27764892578125,158993
2023-02-15,119.96768075545512,120.70700501858438,116.86252486694852,117.70042419433594,283782
2023-02-16,119.22835972998733,119.22835972998733,116.07391246329456,117.25682830810547,264589
2023-02-17,117.01038692760058,119.72124263378235,116.6653704327911,118.63690185546875,361220
2023-02-20,118.58761922332434,119.12978585729962,116.02462233254808,117.10897064208984,268735
2023-02-21,117.35541635405605,118.93264006075937,117.35541635405605,117.8975830078125,198309
2023-02-22,117.65113497982709,117.65113497982709,115.03885436647182,115.67960357666016,313764
2023-02-23,114.44739329669578,118.2918809311161,113.7573603329157,117.15824890136719,742599
2023-02-24,117.74971111143756,117.74971111143756,112.6730237189761,113.46163177490234,463291
2023-02-27,113.31376876248302,113.70807656249534,108.68067279452671,109.56786346435547,515404
2023-02-28,109.81430382860869,110.40576176246276,107.64561471008291,109.71572875976562,274586
2023-03-01,109.5185689295095,113.16590657074084,109.5185689295095,111.0465087890625,299071
2023-03-02,111.04651199784082,113.06732725022843,110.15932132861897,110.60291290283203,233668
2023-03-03,110.60290862406842,113.36305559469214,110.15931706701606,111.88440704345703,616711
2023-03-06,112.37728326439704,112.77159102562409,110.06073550828118,110.70148468017578,328188
2023-03-08,110.65219985529332,111.39152413049572,108.92710987982103,110.50433349609375,262845
2023-03-09,110.40575949449041,111.83511676534194,109.91287663960429,110.3564682006836,236647
2023-03-10,110.1593117480041,113.36305012098855,109.4199875080846,111.9336929321289,703954
2023-03-13,112.87017939779885,113.06732954126703,107.94135060313513,109.27213287353516,263048
2023-03-14,109.8143027087017,110.50433570436174,106.36412268881033,106.75843048095703,298474
2023-03-15,107.74420269667681,109.02569369741845,107.2513198069771,107.94135284423828,209132
2023-03-16,108.82853137015842,108.82853137015842,104.34329456754416,106.80770874023438,273036
2023-03-17,108.13849862941032,110.75077934359665,107.0048740454691,109.56786346435547,376166
2023-03-20,108.53280000680616,116.6653668775188,106.65984370817993,111.14508056640625,1782623
2023-03-21,111.63796992953641,113.95451791177382,110.50433782565128,113.70807647705078,500663
2023-03-22,114.34881697625588,117.01038125962653,113.51091766636476,114.2009506225586,441859
2023-03-23,113.85594283316954,113.95451790289192,111.39152848613124,112.3280029296875,491003
2023-03-24,114.25024397160838,114.25024397160838,110.40575631021851,110.80006408691406,862998
2023-03-27,110.7507726245824,111.44081311293957,106.4626934214871,107.00486755371094,548748
2023-03-28,107.84277117695143,107.84277117695143,103.1110927168105,104.34329986572266,411653
2023-03-29,103.40682233721179,107.74419287535973,103.40682233721179,107.20201873779297,1150072
2023-03-31,107.20202521051786,110.89864676950124,107.1034501397708,108.38494110107422,415598
2023-04-03,110.40575750862322,114.34882027678835,109.76500830463732,113.75736236572266,573604
2023-04-05,114.74312722407264,121.84063714688318,113.46162882541182,119.08049774169922,1508612
2023-04-06,119.47479798693168,121.54491194160444,118.39045723783353,119.7705307006836,315029
2023-04-10,120.06626544886628,120.16484051485541,114.94027928868087,116.02462005615234,429904
2023-04-11,115.53173413090194,119.52408812397978,115.53173413090194,118.53832244873047,388335
2023-04-12,118.98191399969828,119.67195448488141,117.10896523327541,117.8482894897461,152800
2023-04-13,117.99615487190869,119.17907826037835,117.30612186923148,118.34117889404297,123723
2023-04-17,117.30612726773627,120.46057474056708,117.01039452681013,117.9468765258789,303552
2023-04-18,120.26341461938274,121.44633044338639,118.39045829738082,119.27764892578125,481246
2023-04-19,118.63689881641015,123.17141946825124,118.63689881641015,122.87569427490234,638318
2023-04-20,123.12214113515802,124.89651493601767,121.59420124591061,122.48139190673828,399916
2023-04-21,123.07284324601073,123.71359244009858,121.34775331158706,121.64348602294922,252714
2023-04-24,122.23495043122108,124.05861552623742,121.8899339301308,123.17142486572266,195970
2023-04-25,123.12213570293456,124.30505151798336,122.23494508125029,122.53067779541016,167163
2023-04-26,122.53067892829672,124.89651058026818,121.88992972222303,123.76288604736328,466108
2023-04-27,123.76289040650444,126.47374616393185,122.92498351939034,125.24153900146484,445525
2023-04-28,125.88227739077993,129.57889878072996,122.4813887203441,125.68512725830078,1469305
2023-05-02,125.9315697371127,127.45950959938413,123.220714028486,123.46715545654297,611279
2023-05-03,123.46715979275558,125.38939999079155,122.23495260919515,123.56573486328125,403813
2023-05-04,124.15718522362219,125.98085776053706,123.8121687374583,124.94580078125,234737
2023-05-05,126.12872317396202,126.12872317396202,122.3828178818856,122.67854309082031,261459
2023-05-08,124.0586165511938,127.65666299696628,123.46715861289594,126.81875610351562,487048
2023-05-09,125.29081278368042,127.55806926933109,122.7771148851898,123.81216430664062,329107
2023-05-10,124.50220489501953,126.47373619963871,122.08707453438399,124.50220489501953,836600
2023-05-11,125.48797814314578,127.0651942573563,124.7979376322837,126.57231140136719,287147
2023-05-12,126.17801018035995,127.90310016329455,125.19224447582589,126.72018432617188,332508
2023-05-15,126.72018418426947,127.31163458137303,124.25576992569398,124.65007019042969,190555
2023-05-16,124.65007565274415,126.17801556833528,122.87570182129191,123.91075134277344,330459
2023-05-17,123.36858258950484,124.9458062530369,121.4463349039038,122.1363754272461,507091
2023-05-18,123.2207106833684,123.6643022335104,120.5098550483343,121.15060424804688,360877
2023-05-19,121.54491636072372,123.12214000955608,118.73547804032118,121.59420013427734,1276818
2023-05-22,122.23495047433035,125.19224766322544,120.06626887745888,122.48139190673828,2060190
2023-05-23,123.27000747696368,125.98086323297149,122.33352552150177,122.82640838623047,425953
2023-05-24,123.07284654820415,124.20647861111549,120.95344878203,122.23494720458984,500135
2023-05-25,122.53068106805385,125.48797820545697,121.74206548976147,125.19224548339844,769798
2023-05-26,125.43868913974894,126.17801343723274,123.22071624729759,123.51644897460938,590380
2023-05-29,124.20647100413356,125.34010299761601,123.22070536124362,123.6150131225586,278555
2023-05-30,123.76289233336507,132.536201450085,123.76289233336507,131.5011444091797,2921311
2023-05-31,133.07836918272972,133.27551931394152,130.1703633829808,131.69830322265625,1187996
2023-06-01,134.06413927341424,135.5427878683416,131.00825949392782,133.8669891357422,1491599
2023-06-02,133.76838924740068,136.33138583046878,133.62053042366534,134.8527374267578,789007
2023-06-05,135.3456312399953,140.37302719669827,135.04989852687382,138.204345703125,1619588
2023-06-06,139.04225912932145,142.93603075182887,138.0564933999985,138.69723510742188,1191738
2023-06-07,139.48585941207418,141.40809969600693,136.7257121892412,138.89439392089844,662761
2023-06-08,139.48584051068866,140.52089745919204,131.64900654331785,133.12765502929688,951600
2023-06-09,133.6205498928308,138.84511135550483,133.47267600596012,135.64137268066406,682742
2023-06-12,136.28210546401957,137.56360385825613,134.06413268069917,134.75416564941406,482107
2023-06-13,135.39492582169447,137.90861634031756,135.39492582169447,136.3806915283203,324724
2023-06-14,136.52854915195377,138.9436721033633,135.6906422921466,137.9086151123047,470087
2023-06-15,137.9086228204184,140.27446965244226,137.21858980167497,138.25364685058594,681944
2023-06-16,139.042253711686,140.4716109551926,136.03566534608126,138.74652099609375,766406
2023-06-19,138.00719778528313,139.88014659573278,134.75416797202615,135.1484832763672,769756
2023-06-20,136.0356772631328,138.1550676676245,134.31058715291192,137.12002563476562,391343
2023-06-21,135.59207907446768,137.46502794351406,131.1068419978035,131.796875,1075712
2023-06-22,132.97977661138574,134.8527403212413,128.49455505712973,130.95896911621094,792878
2023-06-23,130.5153754536749,132.7333483260933,128.98745061928182,130.56466674804688,352175
2023-06-26,131.79687499883227,131.79687499883227,123.3192912310281,128.34669494628906,667213
2023-06-27,129.13531053918993,132.5854905917637,128.49456883177703,131.796875,480933
2023-06-28,132.24046882878721,134.40916550358065,128.10025570329427,130.12107849121094,649997
2023-06-30,130.1210839495397,132.09261552453273,128.3959938214208,131.45187377929688,522418
2023-07-03,132.33904578024314,132.33904578024314,127.16377583352971,128.10025024414062,1114507
2023-07-04,129.13530957371617,130.4168080205522,127.50880214915699,128.49456787109375,674024
2023-07-05,129.6281871140584,136.28210546401957,128.39598001221373,134.75416564941406,1745343
2023-07-06,135.00061467738956,135.00061467738956,132.48690903965505,133.7191162109375,718608
2023-07-07,134.0148458444698,135.24705298728688,132.19118829805512,134.1627197265625,619915
2023-07-10,134.75416353212017,135.4441964899931,132.53619078364918,135.04989624023438,498774
2023-07-11,136.52855036767778,138.3029316479225,134.50772766077662,136.3806915283203,1059398
2023-07-12,136.7257048100332,138.9436777198478,135.00061476906623,138.54937744140625,901056
2023-07-13,139.14083536862296,142.44315678476832,138.1057933214538,138.89439392089844,1589923
2023-07-14,138.89438965139752,142.4431524061813,138.89438965139752,141.55596923828125,709974
2023-07-17,141.95025977296623,145.40043969800362,140.96449408009843,144.95684814453125,969739
2023-07-18,145.89332250913498,147.7662713084943,142.64029271514016,146.3369140625,1032781
2023-07-19,146.87908705170437,146.87908705170437,142.9360243120613,145.10470581054688,675594
2023-07-20,146.04117325229538,146.04117325229538,140.5208947044784,141.16163635253906,403290
2023-07-21,140.37304471579023,142.59101777862705,139.38727891008497,140.6687774658203,374204
2023-07-24,141.75311610984295,143.13318212618364,140.619476486371,141.3095245361328,280969
2023-07-25,142.6992926487345,145.42919216027553,142.6992926487345,144.88320922851562,512556
2023-07-26,145.82624859850625,146.67004169933418,143.84086732338838,144.783935546875,316024
2023-07-27,145.6773630635482,147.3649342569792,142.64965334010117,143.9897918701172,460896
2023-07-28,145.3299145217846,145.97517257446634,142.3518423787377,144.0394287109375,418456
2023-07-31,146.81895040786821,146.81895040786821,144.03942852900838,146.07443237304688,561167
2023-08-01,146.71969635008395,146.71969635008395,139.9693961989793,142.649658203125,1481455
2023-08-02,140.31683722706026,145.87589608735544,137.58693778799105,140.06866455078125,931659
2023-08-03,140.01901514712435,143.04672457117977,139.5226698365335,142.89781188964844,805465
2023-08-04,143.89050477510636,160.81588316204454,142.6000039178114,156.00132751464844,3070606
2023-08-07,160.8158935961189,178.03908332102623,160.8158935961189,176.64930725097656,8809410
2023-08-08,177.6916403185991,183.15143932280185,167.66545790652336,177.3441925048828,5022665
2023-08-09,178.18797243030258,195.5104213167775,178.18797243030258,192.4827117919922,7375128
2023-08-10,191.58930069439455,198.0914276593294,187.46964044302953,196.25494384765625,4727454
2023-08-11,195.5600631331887,195.5600631331887,178.78359677102125,189.15721130371094,2212991
2023-08-14,190.00098200679074,192.73088126060816,180.66969607082666,182.5061798095703,1238570
2023-08-16,182.357267040619,190.24915457761864,177.69162407481002,180.47116088867188,1635117
2023-08-17,179.77629478126397,182.6054542343708,170.8917007525511,175.4580841064453,949757
2023-08-18,176.6989490094711,193.72358888041288,176.6989490094711,187.51927185058594,2586634
2023-08-21,187.51926077257377,189.5046421048287,183.54849810806394,186.22877502441406,1247061
2023-08-22,188.6112254131512,192.9790582585528,187.07255186059245,189.35574340820312,874848
2023-08-23,189.55428297339515,191.29149166941494,184.5908295561957,187.02291870117188,642075
2023-08-24,188.6112208214934,193.2768637807842,184.69009583912953,185.58351135253906,1411563
2023-08-25,183.64777009989572,186.5762044855507,178.18797152935826,180.32225036621094,1191990
2023-08-28,180.32224868403384,184.64045902662383,179.18066050701938,183.49887084960938,595920
2023-08-29,183.49887211457826,195.06371209056107,182.6550790059198,192.5819854736328,2774518
2023-08-30,195.8578732645976,199.3322906281202,191.8871105634289,193.22723388671875,2879073
2023-08-31,194.26955760758602,194.5177302706379,189.20684436968133,191.49002075195312,1054006
2023-09-01,191.58929930207364,200.47387776875456,191.09295396709416,198.3892364501953,2431281
2023-09-04,198.78630281954395,204.49427406155334,192.78052135284784,194.56736755371094,2147338
2023-09-05,194.5673746366867,198.9848451640375,190.944059688325,195.1133575439453,1146642
2023-09-06,196.05640300853133,197.545438980748,187.27108471354995,189.504638671875,953613
2023-09-07,189.80246304517397,194.7659166559121,189.10758256912231,190.59661865234375,585191
2023-09-08,190.69587310341993,192.8301518656818,184.83898938954454,186.87400817871094,1052489
2023-09-11,187.96599447684054,188.71051251916137,183.39961109170264,186.52658081054688,851684
2023-09-12,188.85939918323265,191.09295318145746,172.52964075899595,174.0186767578125,1603642
2023-09-13,173.62159938800966,187.51926934945496,170.7428023834707,186.6754913330078,1796210
2023-09-14,185.68278722799974,186.92365052790984,181.3149393239619,183.49887084960938,531971
2023-09-15,183.64776589895862,184.54118140388866,178.68431276655434,179.57772827148438,687349
2023-09-18,180.57043027390878,181.86093119908688,175.7558895205145,176.7982177734375,563714
2023-09-20,176.50039386983494,176.50039386983494,168.1617836394156,171.58657836914062,962903
2023-09-21,171.58659989215943,175.11063988952793,165.97788814162382,167.11949157714844,1410379
2023-09-22,166.7720393782987,170.44499197801198,163.09908677858544,165.3822784423828,734983
2023-09-25,165.08445410055825,171.28877051182954,159.77355319360726,166.3253173828125,1596442
2023-09-26,164.73700869919836,172.62889625873618,164.73700869919836,172.28146362304688,1024808
2023-09-27,173.86976401556294,174.71355714019984,168.01289514760694,169.94863891601562,838201
2023-09-28,170.74278292228763,177.2945469305338,170.74278292228763,174.8128204345703,1183814
2023-09-29,174.81283414212862,179.1310294953529,171.48731431787178,176.94711303710938,1113112
2023-10-03,176.94712018089888,176.94712018089888,174.06832316252527,175.4580841064453,622132
2023-10-04,175.45808649805682,177.890175756697,170.7428055313481,173.274169921875,588290
2023-10-05,172.03328990997542,179.37919454302806,171.78511725146342,175.40843200683594,1174673
2023-10-06,176.10331695254038,177.29455786185548,169.75010279006094,173.07562255859375,627398
2023-10-09,173.0756324462229,180.12372744361485,169.00559445047986,175.4580841064453,1196964
2023-10-10,175.80552673339844,181.1660503845025,173.22452488819556,175.80552673339844,1048534
2023-10-11,177.096006363547,178.33686967928725,170.14717179540153,172.13255310058594,1051888
2023-10-12,172.87707066591102,187.618532879643,172.23182780221197,186.42730712890625,3121487
2023-10-13,185.58351952258565,188.710504251694,182.65508504720427,187.0725555419922,1417854
2023-10-16,185.68278727517745,189.40537717585357,183.9455786548619,187.5688934326172,729207
2023-10-17,188.61123479345926,189.80246061533475,184.64047195570222,187.7178192138672,927285
2023-10-18,193.5746763269058,214.91752525525695,193.5746763269058,202.75706481933594,19267069
2023-10-19,202.60817652370238,208.11759775268507,200.92059022760034,203.15414428710938,2446623
2023-10-20,203.45194968371848,206.8271070483588,198.687031440687,200.4242401123047,1635133
2023-10-23,203.40230986862753,206.67819207114317,188.71050024056981,192.43309020996094,2776179
2023-10-25,194.36883544921875,197.94251275877622,188.61122655646463,194.36883544921875,1796155
2023-10-26,191.19223497306953,195.2622577567193,187.02292191320964,193.92213439941406,1292784
2023-10-27,195.51042583977647,201.51620746612483,194.21992493000002,196.25494384765625,1237893
2023-10-30,197.2972765222354,202.31036758407586,196.60239606204894,197.99215698242188,1060183
2023-10-31,199.13375370221647,200.42423945049376,195.65933637045376,196.4038543701172,631410
2023-11-01,197.44617194614952,198.0417924183409,192.18492341324296,194.07102966308594,553433
2023-11-02,195.9571253012381,197.7439714737911,190.79513702839603,192.7308807373047,477165
2023-11-03,194.4680986467867,204.74245326977294,191.1922315122765,203.3030548095703,1745018
2023-11-06,202.70743468481203,208.4650436826413,200.72205331640592,206.3307647705078,2410723
2023-11-07,208.16721633295214,210.25187265728653,202.65778045914539,204.39498901367188,1432525
2023-11-08,205.38768428940006,213.42848441220445,204.5935439070671,208.16722106933594,2353854
2023-11-09,210.45043374574968,216.208042981453,207.17455132308586,211.84019470214844,2338423
2023-11-10,212.8328716592521,214.81825298124983,207.47234814876123,211.7409210205078,1109259
2023-11-13,215.36423955206442,216.70437802620162,211.54238953030685,215.56277465820312,758850
2023-11-15,217.39925335370543,225.63858881619686,214.9175267172476,224.05027770996094,2312988
2023-11-16,223.3553975888739,224.05027801858782,215.4138723412695,216.9029083251953,915422
2023-11-17,217.25035691505778,224.94370952705322,216.95254668772262,220.92330932617188,1037496
2023-11-20,221.22113066863542,232.68669624543247,220.77440773155863,231.34657287597656,1846680
2023-11-21,231.4458328585706,236.65745908339042,227.17727492557233,231.34657287597656,1643350
2023-11-22,231.79327587645113,233.2823119099187,225.4896839425353,228.61666870117188,1082588
2023-11-23,229.90715769666406,232.5377818270534,227.37579354166735,229.4108123779297,861818
2023-11-24,231.1976501551152,232.73632371754965,225.53931638585522,226.92909240722656,599122
2023-11-28,232.2896176662502,248.66901378374217,231.49546209776875,246.1376495361328,5945744
2023-11-29,246.1872798757913,253.63245971074466,244.2018985864704,252.73904418945312,2867275
2023-11-30,252.5901416934657,260.97837494976244,248.7682916457102,258.1492004394531,4184219
2023-12-01,257.95067889514377,258.69519690409965,241.91871534727295,245.0457000732422,1618634
2023-12-04,256.5112654342093,256.5112654342093,246.4850986631195,254.17843627929688,2254574
2023-12-05,255.86600948683704,256.61052745818574,244.79751503835578,251.99452209472656,1429140
2023-12-06,252.6894160143223,254.57553739759442,243.80483744403077,244.99606323242188,692428
2023-12-07,245.09531011679815,249.56241794503086,241.12454760281352,242.8121337890625,531185
2023-12-08,244.201898604477,246.1872798939443,235.5654930247457,239.4866180419922,634415
2023-12-11,239.53626569231986,247.5770511649649,237.7990569908693,239.83407592773438,890681
2023-12-12,240.38002931755548,244.10261916955514,235.76402395997866,236.7070770263672,798879
2023-12-13,238.24575063344594,243.20920377164273,236.4092669134104,238.74209594726562,879315
2023-12-14,240.23114740058375,254.8733351037185,240.0822498557262,245.83984375,3952596
2023-12-15,247.9244954471416,258.000299713718,245.19459609787376,251.25001525878906,2143979
2023-12-18,251.25001442516796,253.68210353517654,249.16535796101346,251.2996368408203,855895
2023-12-19,251.64708430592606,251.94489453573962,243.30848875469187,244.201904296875,670043
2023-12-20,244.40043239515217,249.95950603479335,231.29691898429178,234.47352600097656,1236108
2023-12-21,229.01374223975725,242.31580675337173,229.01374223975725,240.57859802246094,1111142
2023-12-22,242.36542202805944,243.70556049702762,236.65745065185615,240.03260803222656,283346
2023-12-26,240.03261329969746,250.40622804247113,238.94064747529688,248.8179168701172,956537
2023-12-27,248.81790460678062,255.12149627401018,245.64129756589418,248.61936950683594,1411786
2023-12-28,250.15805698448503,251.7959905844088,245.88948393506007,246.6836395263672,937061
2023-12-29,247.22961427671618,253.13612073098773,246.23692360718292,249.26463317871094,1805185
2024-01-01,250.9025648716518,264.84985655778934,249.16535621279763,260.581298828125,4178309
2024-01-02,262.71557342216556,268.2746470990317,256.0149115612277,266.9841613769531,3031065
2024-01-03,266.0410946377841,273.9826198508523,263.80754067160865,272.98992919921875,2329450
2024-01-04,274.97531430587645,279.88914521723507,271.8979671843445,276.8117980957031,1586208
2024-01-05,276.96071868321377,280.9314816750878,271.5505419889784,277.30816650390625,1439808
2024-01-08,275.9680190620666,279.88915950827305,273.3870171414318,277.9037780761719,615860
2024-01-09,279.8395113989684,282.4205133620593,272.0468830908834,273.5359191894531,755785
2024-01-10,272.9899359186855,278.4993570530565,265.3462055951562,270.5082092285156,556765
2024-01-11,273.43665501146995,273.9826227578554,265.8921999201043,266.68634033203125,469956
2024-01-12,269.01916245556384,284.4554897332712,266.9345060602895,281.42779541015625,2250430
2024-01-15,284.40588391652284,285.59712486748737,271.9972502377915,276.26580810546875,832037
2024-01-16,276.4147491221887,276.96071691227337,264.45280750894466,269.3169860839844,654707
2024-01-17,266.68634342352186,269.962240823354,259.6382335815359,262.41778564453125,524978
2024-01-18,259.7871541929828,271.4016165752332,257.2061524543113,266.9841613769531,686241
2024-01-19,269.51550811199394,272.84102780690114,265.7432958068693,267.133056640625,317835
2024-01-23,266.68634691742284,268.0264854033427,245.2442371735101,253.03684997558594,821238
2024-01-24,254.8237208195487,282.91685617450906,253.13613447192915,277.7548522949219,2083764
2024-01-25,277.7548374660315,281.37818264868076,269.36661947768187,272.6424865722656,487882
2024-01-29,272.74175582613543,279.2935201687598,272.74175582613543,277.1095886230469,478604
2024-01-30,277.1096185257153,288.8233876252219,275.0249618788565,277.1592712402344,878547
2024-01-31,277.953361837289,284.405850594226,276.96067125929864,280.4847106933594,567973
2024-02-01,282.56936737629314,289.41892631546847,279.93874339970193,284.55474853515625,1165422
2024-02-02,284.55478832468464,291.60289848309424,276.2161923503693,277.8541259765625,773772
2024-02-05,277.8541040759506,285.89490431882024,259.19153216183327,265.04840087890625,1723253
2024-02-06,264.94915401175956,278.7475493203428,263.906840846411,275.3227844238281,849975
2024-02-07,276.91104875369507,278.99567473115343,268.5724236658125,270.260009765625,338249
2024-02-08,270.06150906858466,273.8337521322951,263.06305133024745,264.94915771484375,371052
2024-02-09,264.60169677969304,272.34470249870446,260.6309339374871,261.7725524902344,456266
2024-02-12,262.07033242738635,269.11844212354094,250.20768215188602,256.66015625,588841
2024-02-13,253.13611811376293,256.014914966742,249.21499303909926,252.49087524414062,340222
2024-02-14,248.17265470755888,265.991463433367,246.58434365852779,255.22076416015625,587294
2024-02-15,255.2207635995729,264.99877223247637,255.07186606597813,261.37542724609375,501302
2024-02-16,262.12207722435585,272.42578107895486,260.8279051147574,268.04547119140625,510387
2024-02-19,269.88720251822195,278.69761688846364,266.8010647231981,271.8284606933594,563388
2024-02-20,271.8284751057625,275.16349466783663,260.03151140837446,261.32568359375,324647
2024-02-21,263.11760650661665,263.5158413580491,252.06727295307303,253.41123962402344,857535
2024-02-22,255.65115808189137,260.8279073262849,253.8592227793994,255.90003967285156,515329
2024-02-23,250.92243188954933,257.6920144404095,238.97611510233517,241.06671142578125,2156571
2024-02-26,238.9761092510867,242.46045156204457,231.36032337139122,239.22499084472656,1675231
2024-02-27,232.75406436453244,244.00351519129742,232.75406436453244,239.27476501464844,892608
2024-02-28,238.42857001235373,238.8267744914871,224.2423189782158,226.78091430664062,608586
2024-02-29,224.49119676982346,228.9710654415051,221.1064131829859,226.23336791992188,596863
2024-03-01,228.17464690443163,234.89445007682312,223.99343907971573,232.604736328125,586614
2024-03-04,235.93975367149082,236.78595717648128,226.98001619029498,229.12039184570312,317768
2024-03-05,226.98001713349998,228.8217470329432,217.02475322413594,219.91177368164062,929409
2024-03-06,220.60864709692424,222.94812492484053,215.97944041606348,220.85752868652344,721604
2024-03-07,222.89834161013547,227.47776885364036,220.01132129826922,224.83963012695312,1620636
2024-03-11,223.14723622055084,226.68135797448724,215.3821424621329,216.9749755859375,704641
2024-03-12,216.02922710540224,216.02922710540224,201.74341730125346,206.6215057373047,1130080
2024-03-13,208.6623406823064,208.6623406823064,199.15506047107013,201.0465545654297,1228051
2024-03-14,201.09632372195907,207.5672450298439,196.61645512419264,205.5264129638672,504511
2024-03-15,203.08738705665428,211.54936151734822,201.09633424237336,205.2775421142578,661453
2024-03-18,202.19141382942814,207.06948701461943,199.1052759755956,201.09632873535156,394584
2024-03-19,201.0963257985756,202.8384969379197,194.72496313661364,195.72048950195312,439309
2024-03-20,197.01466365520878,198.3586303384808,189.1500113641724,194.8245086669922,520982
2024-03-21,197.11421768188478,203.98334343398224,197.06443832618302,199.1052703857422,589715
2024-03-22,199.00572237159903,205.77530496670857,198.9559582037489,203.23670959472656,773561
2024-03-26,200.79766980086563,203.98335121037897,197.11422519641187,198.01019287109375,820979
2024-03-27,198.45818264749724,204.82954516951204,196.16846901940468,199.85191345214844,2089963
2024-03-28,200.20036522664086,201.74341899507013,193.33122394853544,194.924072265625,997757
2024-04-01,198.1097446192549,214.63548818631799,197.81108367468838,212.2462158203125,1164148
2024-04-02,215.03370044226313,222.00238517881795,210.35472944296748,219.91177368164062,1806336
2024-04-03,221.2059550713819,222.89834685229602,215.63101654657498,218.07005310058594,1796018
2024-04-04,218.51804453223824,220.40953861370954,217.32341589180754,219.16513061523438,360616
2024-04-05,219.0158046189077,219.9615516462021,215.1332577950561,216.1287841796875,393912
2024-04-08,218.91624833472034,222.35082655225224,214.1874979552209,221.65394592285156,864398
2024-04-09,223.79433283836667,223.79433283836667,214.18749417524032,216.72608947753906,488313
2024-04-10,218.51803362811054,218.51803362811054,214.1874879333018,215.03369140625,287115
2024-04-12,214.635486565582,215.7305564333547,207.0694802494863,208.4632110595703,378065
2024-04-15,205.9743983553721,206.27305930227146,197.96042328848836,200.3994598388672,624396
2024-04-16,201.94252693726904,203.0375968120936,198.15952375485992,198.95594787597656,617004
2024-04-18,202.83849293912292,204.0331215158738,194.1276374141299,195.17294311523438,537141
2024-04-19,194.12763715952096,198.65728506468173,190.344634012666,197.51242065429688,406719
2024-04-22,200.39946638347394,202.83850301350637,196.9649033582832,199.7523651123047,310150
2024-04-23,201.0465442808003,204.8793268223627,199.2545938043487,203.3362579345703,561677
2024-04-24,205.32731203091635,232.45540537803134,205.32731203091635,229.4688262939453,6292023
2024-04-25,228.87150677837985,255.50183722144337,223.99343363324442,228.42352294921875,9999307
2024-04-26,230.7132426371183,239.6729802152588,227.17912088763518,228.07510375976562,1901903
2024-04-29,228.07509972594372,230.5141363187499,218.02027721209737,218.7669219970703,1173628
2024-04-30,219.71266522381927,225.6858234004008,216.42742518859407,220.40953063964844,2188777
2024-05-02,223.8938730477055,228.2244188046145,221.25573426096213,222.59970092773438,870886
2024-05-03,223.44588795363055,223.6947695430622,214.28704850065114,218.6673583984375,761031
2024-05-06,219.81222672811703,222.5499242604881,212.943085623488,221.40505981445312,678969
2024-05-07,222.00238226462693,232.55496794624153,215.38213792801366,227.8262176513672,2345101
2024-05-08,227.92576463299466,228.02532334850284,223.2965729818825,226.3329315185547,559330
2024-05-09,227.47776936798886,227.47776936798886,214.03816373793262,215.63101196289062,426051
2024-05-10,216.02922405096393,218.96602382829792,209.4089797127097,216.72608947753906,413415
2024-05-13,216.72609075973685,217.7713965010473,208.66233616361433,209.5583038330078,381926
2024-05-14,210.95203643364783,212.69420762001997,208.26411821277915,208.81166076660156,305118
2024-05-15,211.1511468198787,214.93413483165318,206.62149884832834,207.4179229736328,499904
2024-05-16,210.0560590975963,211.2506876752119,208.2641086359096,210.80270385742188,286351
2024-05-17,210.80271497118338,216.02922856551024,209.75740921421254,212.59466552734375,392593
2024-05-21,213.78928879308302,213.9883910297558,207.61702831306448,208.2641143798828,597869
2024-05-22,207.66680422084858,218.11983097309545,205.3770905608225,216.47720336914062,959425
2024-05-23,218.1695914964365,219.8619984281116,212.5448737474796,213.59017944335938,322173
2024-05-24,213.63996250301358,214.63548886101358,211.40002819751354,211.9475555419922,179876
2024-05-27,213.93861668208177,215.43190627788186,209.757408851947,210.5538330078125,249437
2024-05-28,211.25069539295333,214.88437580450505,209.11031974613508,214.08795166015625,310776
2024-05-29,213.93860782412503,218.02027195985818,210.90226459080407,216.6265411376953,316708
2024-05-30,216.02921785733693,217.0247442069099,209.55829658511254,210.50404357910156,213582
2024-05-31,210.5040447391632,212.5448768051399,204.33178437590146,205.5264129638672,441842
2024-06-03,211.05159168130547,214.88437430455883,208.51299638476928,210.30494689941406,549004
2024-06-04,210.5538348107065,211.05159801356868,181.18580584183727,192.28591918945312,780081
2024-06-05,203.38604244717632,203.38604244717632,189.846877604625,201.09632873535156,480498
2024-06-06,204.13267944374735,211.54934765276244,203.08737374665193,206.72103881835938,278931
2024-06-07,206.72104775157274,224.49119979853214,205.5761984851303,222.69924926757812,2096478
2024-06-10,224.9889644348312,228.47330680439717,222.8983529368807,224.29209899902344,1039750
2024-06-11,226.33292336479326,227.79634832498465,221.65393733396266,223.19700622558594,518079
2024-06-12,223.20697889717496,233.22197196406464,221.80328303958984,230.86256408691406,1168755
2024-06-13,233.92877663324106,242.10205462134923,233.22196143396314,235.92979431152344,1693379
2024-06-14,238.92633718563295,242.70934056251093,234.05821367309676,238.2792510986328,1468769
2024-06-18,240.1209514584414,240.1209514584414,233.16223202643616,237.39321899414062,778537
2024-06-19,237.4330391488896,237.4330391488896,227.17911450393493,235.73068237304688,1067256
2024-06-20,234.4464645143483,236.73617824622443,232.30608885507786,233.78941345214844,295771
2024-06-21,233.94869425992897,235.69086538739654,226.93023039402578,231.08157348632812,1152869
2024-06-24,228.0253185490273,231.95764468039644,225.63604614186585,231.0517120361328,357600
2024-06-25,231.0616785267718,236.3379561804164,229.55842397329488,235.2727508544922,440798
2024-06-26,235.69086523569672,258.0404441232454,233.58035421789154,251.67901611328125,7201430
2024-06-27,258.83686509712936,284.0933651112151,258.83686509712936,262.3709716796875,12385004
2024-06-28,264.2027703529185,278.5980738339934,255.05388015150672,274.0186462402344,5754922
2024-07-01,276.1590048375516,328.523697193733,266.2037412862264,312.7445983886719,14347288
2024-07-02,312.5952900573206,317.9711265489744,289.6981828238226,297.712158203125,8041184
2024-07-03,301.49516034319083,318.568431122449,298.6579041772959,304.87994384765625,5335759
2024-07-04,320.55950420304634,321.0572674083306,301.9929427221554,305.2781677246094,5683732
2024-07-05,305.4772877433922,306.82125448524016,291.29103627278005,295.47222900390625,2529171
2024-07-08,298.6579238265537,312.59529360512624,287.7568974544625,309.3598327636719,2318961
2024-07-09,309.6086868732372,311.1019763597641,296.7664033653166,303.4862060546875,1494085
2024-07-10,301.64448782569133,309.60869872537955,292.6847505635421,307.3190002441406,1438117
2024-07-11,311.4504325090083,316.5773872642788,306.32347775373785,310.05670166015625,2090756
2024-07-12,312.09752379275443,313.5908133802796,302.3413773066786,307.8167724609375,1430124
2024-07-15,308.6131785274331,308.6131785274331,296.7664206537199,304.6310729980469,2141223
2024-07-16,308.6131749547245,319.96216950588104,298.2099122272163,301.7440490722656,5059668
2024-07-18,304.5315122891863,331.410724436508,302.93866401165275,323.1976318359375,7946932
2024-07-19,323.19762975584257,329.4694641118179,318.369320787947,324.0935974121094,5852194
2024-07-22,321.30614536748527,337.48344935577853,315.3329869718078,333.0533447265625,7498472
2024-07-23,328.77257216968013,335.9901380992189,303.58576804384865,333.55108642578125,5856780
2024-07-24,328.57347735413936,333.25246360345824,317.87156851549213,323.6954040527344,1983955
2024-07-25,316.42805984338247,324.84023936316186,312.89392303405674,320.9079284667969,1714116
2024-07-26,322.4509929763152,337.38388888797897,322.40122880903147,333.79998779296875,2528261
2024-07-29,340.6000061035156,363.45001220703125,338.95001220703125,343.95001220703125,7208490
2024-07-30,344.6499938964844,351.70001220703125,343.3500061035156,347.0,1318885
2024-07-31,350.1000061035156,363.5,345.0,349.25,3346309
2024-08-01,351.0,351.70001220703125,336.75,339.45001220703125,1130266
2024-08-02,335.04998779296875,369.6000061035156,327.54998779296875,355.54998779296875,6147437
2024-08-05,344.95001220703125,358.6499938964844,334.79998779296875,349.75,4506144
2024-08-06,347.0,356.1000061035156,336.3500061035156,339.1000061035156,3230354
2024-08-07,348.0,362.95001220703125,346.6000061035156,358.29998779296875,4586744
2024-08-08,357.8500061035156,357.8500061035156,335.0,349.95001220703125,4971428
2024-08-09,353.8999938964844,359.0,329.04998779296875,331.8500061035156,4823996
2024-08-12,335.0,344.5,324.6000061035156,340.70001220703125,3540032
2024-08-13,341.0,346.1499938964844,332.3999938964844,343.0,2654486
2024-08-14,345.29998779296875,348.70001220703125,317.5,323.0,2468568
2024-08-16,329.5,344.1499938964844,323.04998779296875,339.3999938964844,2506676
2024-08-19,344.25,344.75,334.25,336.45001220703125,1295381
2024-08-20,334.0,339.5,325.54998779296875,327.6000061035156,881717
2024-08-21,327.8999938964844,332.95001220703125,325.1000061035156,327.20001220703125,618230
2024-08-22,330.0,338.70001220703125,327.75,331.79998779296875,1485024
2024-08-23,333.5,338.0,327.25,331.3500061035156,1340739
2024-08-26,331.95001220703125,332.1499938964844,307.20001220703125,309.3999938964844,1645875
2024-08-27,310.95001220703125,313.20001220703125,297.25,299.45001220703125,1680949
